INSERT INTO `mydb`.`BILLING` (`Billing_ID`, `Billing_Name`, `Billing_Address`, `Billing_BankName`, `Billing_CardNumber`, `Billing_ExpirationDate`, `Billing_SecurityCode`) VALUES (2001, 'MasterCard', '977 Eastwood Circle', 'TD', 4612645838945780, '2020-03-02', 153);
INSERT INTO `mydb`.`BILLING` (`Billing_ID`, `Billing_Name`, `Billing_Address`, `Billing_BankName`, `Billing_CardNumber`, `Billing_ExpirationDate`, `Billing_SecurityCode`) VALUES (2002, 'VISA', '44 Sutteridge Crossing', 'Scotiabank', 4026140401565540, '2020-12-02', 729);
INSERT INTO `mydb`.`BILLING` (`Billing_ID`, `Billing_Name`, `Billing_Address`, `Billing_BankName`, `Billing_CardNumber`, `Billing_ExpirationDate`, `Billing_SecurityCode`) VALUES (2003, 'VISA', '871 Forest Dale Court', 'TD', 1437379101178300, '2021-11-14', 995);
INSERT INTO `mydb`.`BILLING` (`Billing_ID`, `Billing_Name`, `Billing_Address`, `Billing_BankName`, `Billing_CardNumber`, `Billing_ExpirationDate`, `Billing_SecurityCode`) VALUES (2004, 'MasterCard', '6 Stuart Hill', 'Scotiabank', 8303877325569210, '2021-09-12', 297);
INSERT INTO `mydb`.`BILLING` (`Billing_ID`, `Billing_Name`, `Billing_Address`, `Billing_BankName`, `Billing_CardNumber`, `Billing_ExpirationDate`, `Billing_SecurityCode`) VALUES (2005, 'MasterCard', '398 Autumn Leaf Way', 'Scotiabank', 5076436221151730, '2020-11-19', 290);
INSERT INTO `mydb`.`BILLING` (`Billing_ID`, `Billing_Name`, `Billing_Address`, `Billing_BankName`, `Billing_CardNumber`, `Billing_ExpirationDate`, `Billing_SecurityCode`) VALUES (2006, 'VISA', '7 Toban Circle', 'CIBC', 2987179381568090, '2020-05-14', 565);
INSERT INTO `mydb`.`BILLING` (`Billing_ID`, `Billing_Name`, `Billing_Address`, `Billing_BankName`, `Billing_CardNumber`, `Billing_ExpirationDate`, `Billing_SecurityCode`) VALUES (2007, 'MasterCard', '86 Spaight Trail', 'CIBC', 6343260427300650, '2019-06-17', 791);
INSERT INTO `mydb`.`BILLING` (`Billing_ID`, `Billing_Name`, `Billing_Address`, `Billing_BankName`, `Billing_CardNumber`, `Billing_ExpirationDate`, `Billing_SecurityCode`) VALUES (2008, 'MasterCard', '526 Mcbride Place', 'Scotiabank', 6679518862038720, '2021-04-03', 327);
INSERT INTO `mydb`.`BILLING` (`Billing_ID`, `Billing_Name`, `Billing_Address`, `Billing_BankName`, `Billing_CardNumber`, `Billing_ExpirationDate`, `Billing_SecurityCode`) VALUES (2009, 'MasterCard', '517 Crescent Oaks Parkway', 'Scotiabank', 5448562691553640, '2020-09-17', 333);
INSERT INTO `mydb`.`BILLING` (`Billing_ID`, `Billing_Name`, `Billing_Address`, `Billing_BankName`, `Billing_CardNumber`, `Billing_ExpirationDate`, `Billing_SecurityCode`) VALUES (2010, 'VISA', '21878 Shasta Terrace', 'Royal Bank of Canada', 4340981659697330, '2021-02-08', 382);
INSERT INTO `mydb`.`BILLING` (`Billing_ID`, `Billing_Name`, `Billing_Address`, `Billing_BankName`, `Billing_CardNumber`, `Billing_ExpirationDate`, `Billing_SecurityCode`) VALUES (2011, 'MasterCard', '86397 Hanover Alley', 'TD', 8326040561899290, '2019-04-07', 148);
INSERT INTO `mydb`.`BILLING` (`Billing_ID`, `Billing_Name`, `Billing_Address`, `Billing_BankName`, `Billing_CardNumber`, `Billing_ExpirationDate`, `Billing_SecurityCode`) VALUES (2012, 'MasterCard', '691 Tennessee Point', 'Scotiabank', 7432215873086590, '2021-12-02', 962);
INSERT INTO `mydb`.`BILLING` (`Billing_ID`, `Billing_Name`, `Billing_Address`, `Billing_BankName`, `Billing_CardNumber`, `Billing_ExpirationDate`, `Billing_SecurityCode`) VALUES (2013, 'VISA', '20 Menomonie Road', 'Royal Bank of Canada', 2210713546752810, '2021-12-14', 472);
INSERT INTO `mydb`.`BILLING` (`Billing_ID`, `Billing_Name`, `Billing_Address`, `Billing_BankName`, `Billing_CardNumber`, `Billing_ExpirationDate`, `Billing_SecurityCode`) VALUES (2014, 'VISA', '69669 Continental Plaza', 'CIBC', 9745654447259420, '2020-10-31', 345);
INSERT INTO `mydb`.`BILLING` (`Billing_ID`, `Billing_Name`, `Billing_Address`, `Billing_BankName`, `Billing_CardNumber`, `Billing_ExpirationDate`, `Billing_SecurityCode`) VALUES (2015, 'MasterCard', '777 Brickson Park Terrace', 'CIBC', 5515384845151270, '2019-05-06', 659);
INSERT INTO `mydb`.`BILLING` (`Billing_ID`, `Billing_Name`, `Billing_Address`, `Billing_BankName`, `Billing_CardNumber`, `Billing_ExpirationDate`, `Billing_SecurityCode`) VALUES (2016, 'VISA', '36555 New Castle Alley', 'Scotiabank', 9647130762443420, '2019-10-03', 242);
INSERT INTO `mydb`.`BILLING` (`Billing_ID`, `Billing_Name`, `Billing_Address`, `Billing_BankName`, `Billing_CardNumber`, `Billing_ExpirationDate`, `Billing_SecurityCode`) VALUES (2017, 'MasterCard', '010 Spaight Parkway', 'Royal Bank of Canada', 5774542750750680, '2019-07-20', 527);
INSERT INTO `mydb`.`BILLING` (`Billing_ID`, `Billing_Name`, `Billing_Address`, `Billing_BankName`, `Billing_CardNumber`, `Billing_ExpirationDate`, `Billing_SecurityCode`) VALUES (2018, 'VISA', '379 Crowley Street', 'Scotiabank', 4029589147975180, '2021-08-19', 909);
INSERT INTO `mydb`.`BILLING` (`Billing_ID`, `Billing_Name`, `Billing_Address`, `Billing_BankName`, `Billing_CardNumber`, `Billing_ExpirationDate`, `Billing_SecurityCode`) VALUES (2019, 'VISA', '2 Sutherland Junction', 'Royal Bank of Canada', 3554772189805460, '2021-03-01', 993);
INSERT INTO `mydb`.`BILLING` (`Billing_ID`, `Billing_Name`, `Billing_Address`, `Billing_BankName`, `Billing_CardNumber`, `Billing_ExpirationDate`, `Billing_SecurityCode`) VALUES (2020, 'VISA', '6 Mifflin Court', 'Scotiabank', 3529324620558910, '2020-07-11', 194);
INSERT INTO `mydb`.`BILLING` (`Billing_ID`, `Billing_Name`, `Billing_Address`, `Billing_BankName`, `Billing_CardNumber`, `Billing_ExpirationDate`, `Billing_SecurityCode`) VALUES (2021, 'VISA', '4083 Doe Crossing Crossing', 'Scotiabank', 2573089940080960, '2019-03-21', 640);
INSERT INTO `mydb`.`BILLING` (`Billing_ID`, `Billing_Name`, `Billing_Address`, `Billing_BankName`, `Billing_CardNumber`, `Billing_ExpirationDate`, `Billing_SecurityCode`) VALUES (2022, 'VISA', '17 South Avenue', 'Royal Bank of Canada', 2788331943248860, '2021-07-27', 432);
INSERT INTO `mydb`.`BILLING` (`Billing_ID`, `Billing_Name`, `Billing_Address`, `Billing_BankName`, `Billing_CardNumber`, `Billing_ExpirationDate`, `Billing_SecurityCode`) VALUES (2023, 'VISA', '7 Banding Parkway', 'CIBC', 8915921844575290, '2019-07-12', 696);
INSERT INTO `mydb`.`BILLING` (`Billing_ID`, `Billing_Name`, `Billing_Address`, `Billing_BankName`, `Billing_CardNumber`, `Billing_ExpirationDate`, `Billing_SecurityCode`) VALUES (2024, 'MasterCard', '2555 Everett Point', 'Royal Bank of Canada', 7533874104343810, '2020-05-22', 972);
INSERT INTO `mydb`.`BILLING` (`Billing_ID`, `Billing_Name`, `Billing_Address`, `Billing_BankName`, `Billing_CardNumber`, `Billing_ExpirationDate`, `Billing_SecurityCode`) VALUES (2025, 'MasterCard', '721 Merchant Trail', 'CIBC', 4408946056659480, '2018-10-11', 424);
INSERT INTO `mydb`.`BILLING` (`Billing_ID`, `Billing_Name`, `Billing_Address`, `Billing_BankName`, `Billing_CardNumber`, `Billing_ExpirationDate`, `Billing_SecurityCode`) VALUES (2026, 'MasterCard', '207 Mockingbird Park', 'Royal Bank of Canada', 4788180926477310, '2021-07-03', 748);
INSERT INTO `mydb`.`BILLING` (`Billing_ID`, `Billing_Name`, `Billing_Address`, `Billing_BankName`, `Billing_CardNumber`, `Billing_ExpirationDate`, `Billing_SecurityCode`) VALUES (2027, 'VISA', '55 Anniversary Circle', 'Scotiabank', 2184835262609190, '2020-11-04', 186);
INSERT INTO `mydb`.`BILLING` (`Billing_ID`, `Billing_Name`, `Billing_Address`, `Billing_BankName`, `Billing_CardNumber`, `Billing_ExpirationDate`, `Billing_SecurityCode`) VALUES (2028, 'VISA', '04130 Sunnyside Street', 'Royal Bank of Canada', 4089309496143180, '2018-10-14', 358);
INSERT INTO `mydb`.`BILLING` (`Billing_ID`, `Billing_Name`, `Billing_Address`, `Billing_BankName`, `Billing_CardNumber`, `Billing_ExpirationDate`, `Billing_SecurityCode`) VALUES (2029, 'VISA', '75603 Sachtjen Point', 'CIBC', 3409707313857050, '2019-03-18', 125);
INSERT INTO `mydb`.`BILLING` (`Billing_ID`, `Billing_Name`, `Billing_Address`, `Billing_BankName`, `Billing_CardNumber`, `Billing_ExpirationDate`, `Billing_SecurityCode`) VALUES (2030, 'MasterCard', '57 Vernon Pass', 'Scotiabank', 5906205141004240, '2021-04-10', 533);
INSERT INTO `mydb`.`BILLING` (`Billing_ID`, `Billing_Name`, `Billing_Address`, `Billing_BankName`, `Billing_CardNumber`, `Billing_ExpirationDate`, `Billing_SecurityCode`) VALUES (2031, 'VISA', '9272 Laurel Crossing', 'TD', 2420731429376880, '2020-08-14', 984);
INSERT INTO `mydb`.`BILLING` (`Billing_ID`, `Billing_Name`, `Billing_Address`, `Billing_BankName`, `Billing_CardNumber`, `Billing_ExpirationDate`, `Billing_SecurityCode`) VALUES (2032, 'VISA', '7759 Independence Circle', 'CIBC', 9927586035373840, '2022-03-05', 369);
INSERT INTO `mydb`.`BILLING` (`Billing_ID`, `Billing_Name`, `Billing_Address`, `Billing_BankName`, `Billing_CardNumber`, `Billing_ExpirationDate`, `Billing_SecurityCode`) VALUES (2033, 'VISA', '7004 Judy Point', 'CIBC', 3016432322795130, '2021-08-25', 382);
INSERT INTO `mydb`.`BILLING` (`Billing_ID`, `Billing_Name`, `Billing_Address`, `Billing_BankName`, `Billing_CardNumber`, `Billing_ExpirationDate`, `Billing_SecurityCode`) VALUES (2034, 'VISA', '696 Mandrake Road', 'CIBC', 3120375795988770, '2018-12-15', 197);
INSERT INTO `mydb`.`BILLING` (`Billing_ID`, `Billing_Name`, `Billing_Address`, `Billing_BankName`, `Billing_CardNumber`, `Billing_ExpirationDate`, `Billing_SecurityCode`) VALUES (2035, 'MasterCard', '43751 Chinook Crossing', 'Scotiabank', 6937772162788610, '2019-01-09', 162);
INSERT INTO `mydb`.`BILLING` (`Billing_ID`, `Billing_Name`, `Billing_Address`, `Billing_BankName`, `Billing_CardNumber`, `Billing_ExpirationDate`, `Billing_SecurityCode`) VALUES (2036, 'VISA', '34934 Manley Center', 'Royal Bank of Canada', 4264691382787480, '2021-01-06', 363);
INSERT INTO `mydb`.`BILLING` (`Billing_ID`, `Billing_Name`, `Billing_Address`, `Billing_BankName`, `Billing_CardNumber`, `Billing_ExpirationDate`, `Billing_SecurityCode`) VALUES (2037, 'MasterCard', '2239 Stephen Parkway', 'Royal Bank of Canada', 8120293011783800, '2019-04-09', 855);
INSERT INTO `mydb`.`BILLING` (`Billing_ID`, `Billing_Name`, `Billing_Address`, `Billing_BankName`, `Billing_CardNumber`, `Billing_ExpirationDate`, `Billing_SecurityCode`) VALUES (2038, 'VISA', '0467 Shasta Road', 'Royal Bank of Canada', 2038886182646390, '2022-02-27', 229);
INSERT INTO `mydb`.`BILLING` (`Billing_ID`, `Billing_Name`, `Billing_Address`, `Billing_BankName`, `Billing_CardNumber`, `Billing_ExpirationDate`, `Billing_SecurityCode`) VALUES (2039, 'VISA', '6 Prentice Terrace', 'Scotiabank', 2443302862899460, '2019-11-12', 338);
INSERT INTO `mydb`.`BILLING` (`Billing_ID`, `Billing_Name`, `Billing_Address`, `Billing_BankName`, `Billing_CardNumber`, `Billing_ExpirationDate`, `Billing_SecurityCode`) VALUES (2040, 'VISA', '9573 Pearson Park', 'TD', 8997088353664120, '2019-02-15', 806);
INSERT INTO `mydb`.`BILLING` (`Billing_ID`, `Billing_Name`, `Billing_Address`, `Billing_BankName`, `Billing_CardNumber`, `Billing_ExpirationDate`, `Billing_SecurityCode`) VALUES (2041, 'VISA', '710 Monica Plaza', 'CIBC', 2103347101136110, '2019-03-31', 346);
INSERT INTO `mydb`.`BILLING` (`Billing_ID`, `Billing_Name`, `Billing_Address`, `Billing_BankName`, `Billing_CardNumber`, `Billing_ExpirationDate`, `Billing_SecurityCode`) VALUES (2042, 'VISA', '27960 Golf View Plaza', 'Royal Bank of Canada', 3138379338163000, '2020-06-24', 299);
INSERT INTO `mydb`.`BILLING` (`Billing_ID`, `Billing_Name`, `Billing_Address`, `Billing_BankName`, `Billing_CardNumber`, `Billing_ExpirationDate`, `Billing_SecurityCode`) VALUES (2043, 'VISA', '86583 Union Parkway', 'TD', 9836679700600060, '2018-11-09', 771);
INSERT INTO `mydb`.`BILLING` (`Billing_ID`, `Billing_Name`, `Billing_Address`, `Billing_BankName`, `Billing_CardNumber`, `Billing_ExpirationDate`, `Billing_SecurityCode`) VALUES (2044, 'VISA', '753 Fuller Point', 'CIBC', 9540317128657790, '2022-02-24', 116);
INSERT INTO `mydb`.`BILLING` (`Billing_ID`, `Billing_Name`, `Billing_Address`, `Billing_BankName`, `Billing_CardNumber`, `Billing_ExpirationDate`, `Billing_SecurityCode`) VALUES (2045, 'VISA', '2 Village Place', 'Royal Bank of Canada', 9710402350393840, '2018-10-16', 584);
INSERT INTO `mydb`.`BILLING` (`Billing_ID`, `Billing_Name`, `Billing_Address`, `Billing_BankName`, `Billing_CardNumber`, `Billing_ExpirationDate`, `Billing_SecurityCode`) VALUES (2046, 'VISA', '36 Hoard Street', 'Royal Bank of Canada', 2009122578078450, '2020-09-18', 924);
INSERT INTO `mydb`.`BILLING` (`Billing_ID`, `Billing_Name`, `Billing_Address`, `Billing_BankName`, `Billing_CardNumber`, `Billing_ExpirationDate`, `Billing_SecurityCode`) VALUES (2047, 'MasterCard', '70 Blackbird Way', 'CIBC', 6115494307773710, '2019-03-24', 900);
INSERT INTO `mydb`.`BILLING` (`Billing_ID`, `Billing_Name`, `Billing_Address`, `Billing_BankName`, `Billing_CardNumber`, `Billing_ExpirationDate`, `Billing_SecurityCode`) VALUES (2048, 'VISA', '7506 Fallview Point', 'CIBC', 1211927998946390, '2020-07-05', 583);
INSERT INTO `mydb`.`BILLING` (`Billing_ID`, `Billing_Name`, `Billing_Address`, `Billing_BankName`, `Billing_CardNumber`, `Billing_ExpirationDate`, `Billing_SecurityCode`) VALUES (2049, 'MasterCard', '23325 Lillian Hill', 'Royal Bank of Canada', 6547369776698850, '2019-11-11', 263);
INSERT INTO `mydb`.`BILLING` (`Billing_ID`, `Billing_Name`, `Billing_Address`, `Billing_BankName`, `Billing_CardNumber`, `Billing_ExpirationDate`, `Billing_SecurityCode`) VALUES (2050, 'MasterCard', '22872 Loomis Lane', 'Royal Bank of Canada', 7245437616826110, '2021-07-25', 438);
INSERT INTO `mydb`.`BILLING` (`Billing_ID`, `Billing_Name`, `Billing_Address`, `Billing_BankName`, `Billing_CardNumber`, `Billing_ExpirationDate`, `Billing_SecurityCode`) VALUES (2051, 'MasterCard', '01 Manley Street', 'Royal Bank of Canada', 8080706855072340, '2018-12-01', 574);
INSERT INTO `mydb`.`BILLING` (`Billing_ID`, `Billing_Name`, `Billing_Address`, `Billing_BankName`, `Billing_CardNumber`, `Billing_ExpirationDate`, `Billing_SecurityCode`) VALUES (2052, 'VISA', '99 Del Sol Center', 'TD', 1346204783919850, '2021-04-21', 642);
INSERT INTO `mydb`.`BILLING` (`Billing_ID`, `Billing_Name`, `Billing_Address`, `Billing_BankName`, `Billing_CardNumber`, `Billing_ExpirationDate`, `Billing_SecurityCode`) VALUES (2053, 'MasterCard', '78732 Onsgard Road', 'CIBC', 7377447386066640, '2021-09-03', 878);
INSERT INTO `mydb`.`BILLING` (`Billing_ID`, `Billing_Name`, `Billing_Address`, `Billing_BankName`, `Billing_CardNumber`, `Billing_ExpirationDate`, `Billing_SecurityCode`) VALUES (2054, 'VISA', '795 Dottie Pass', 'CIBC', 3281789549871840, '2019-05-18', 182);
INSERT INTO `mydb`.`BILLING` (`Billing_ID`, `Billing_Name`, `Billing_Address`, `Billing_BankName`, `Billing_CardNumber`, `Billing_ExpirationDate`, `Billing_SecurityCode`) VALUES (2055, 'VISA', '05 Merry Crossing', 'Royal Bank of Canada', 3840992186669060, '2021-05-25', 915);
INSERT INTO `mydb`.`BILLING` (`Billing_ID`, `Billing_Name`, `Billing_Address`, `Billing_BankName`, `Billing_CardNumber`, `Billing_ExpirationDate`, `Billing_SecurityCode`) VALUES (2056, 'MasterCard', '95 West Junction', 'TD', 5222367737519930, '2021-10-03', 539);
INSERT INTO `mydb`.`BILLING` (`Billing_ID`, `Billing_Name`, `Billing_Address`, `Billing_BankName`, `Billing_CardNumber`, `Billing_ExpirationDate`, `Billing_SecurityCode`) VALUES (2057, 'MasterCard', '592 Melrose Point', 'Scotiabank', 5893895117063520, '2020-08-16', 989);
INSERT INTO `mydb`.`BILLING` (`Billing_ID`, `Billing_Name`, `Billing_Address`, `Billing_BankName`, `Billing_CardNumber`, `Billing_ExpirationDate`, `Billing_SecurityCode`) VALUES (2058, 'VISA', '9 Crescent Oaks Hill', 'TD', 3277110381874580, '2021-06-15', 255);
INSERT INTO `mydb`.`BILLING` (`Billing_ID`, `Billing_Name`, `Billing_Address`, `Billing_BankName`, `Billing_CardNumber`, `Billing_ExpirationDate`, `Billing_SecurityCode`) VALUES (2059, 'MasterCard', '642 Veith Plaza', 'Scotiabank', 6390062719787910, '2021-08-17', 735);
INSERT INTO `mydb`.`BILLING` (`Billing_ID`, `Billing_Name`, `Billing_Address`, `Billing_BankName`, `Billing_CardNumber`, `Billing_ExpirationDate`, `Billing_SecurityCode`) VALUES (2060, 'MasterCard', '7 Hauk Pass', 'CIBC', 7158040815427880, '2020-11-07', 118);
INSERT INTO `mydb`.`BILLING` (`Billing_ID`, `Billing_Name`, `Billing_Address`, `Billing_BankName`, `Billing_CardNumber`, `Billing_ExpirationDate`, `Billing_SecurityCode`) VALUES (2061, 'VISA', '763 Corscot Circle', 'CIBC', 3884494554372790, '2018-11-18', 761);
INSERT INTO `mydb`.`BILLING` (`Billing_ID`, `Billing_Name`, `Billing_Address`, `Billing_BankName`, `Billing_CardNumber`, `Billing_ExpirationDate`, `Billing_SecurityCode`) VALUES (2062, 'VISA', '184 Prairie Rose Plaza', 'Royal Bank of Canada', 3744710470598200, '2018-12-04', 987);
INSERT INTO `mydb`.`BILLING` (`Billing_ID`, `Billing_Name`, `Billing_Address`, `Billing_BankName`, `Billing_CardNumber`, `Billing_ExpirationDate`, `Billing_SecurityCode`) VALUES (2063, 'VISA', '962 Almo Avenue', 'TD', 4151937164791110, '2020-08-19', 711);
INSERT INTO `mydb`.`BILLING` (`Billing_ID`, `Billing_Name`, `Billing_Address`, `Billing_BankName`, `Billing_CardNumber`, `Billing_ExpirationDate`, `Billing_SecurityCode`) VALUES (2064, 'VISA', '689 Artisan Pass', 'Scotiabank', 9395029803773210, '2019-06-26', 269);
INSERT INTO `mydb`.`BILLING` (`Billing_ID`, `Billing_Name`, `Billing_Address`, `Billing_BankName`, `Billing_CardNumber`, `Billing_ExpirationDate`, `Billing_SecurityCode`) VALUES (2065, 'MasterCard', '71 Evergreen Plaza', 'CIBC', 7566558929069960, '2021-01-14', 769);
INSERT INTO `mydb`.`BILLING` (`Billing_ID`, `Billing_Name`, `Billing_Address`, `Billing_BankName`, `Billing_CardNumber`, `Billing_ExpirationDate`, `Billing_SecurityCode`) VALUES (2066, 'VISA', '37148 Blue Bill Park Road', 'Scotiabank', 8890484182224960, '2021-12-31', 947);
INSERT INTO `mydb`.`BILLING` (`Billing_ID`, `Billing_Name`, `Billing_Address`, `Billing_BankName`, `Billing_CardNumber`, `Billing_ExpirationDate`, `Billing_SecurityCode`) VALUES (2067, 'MasterCard', '506 Crest Line Terrace', 'Scotiabank', 6144255605923660, '2020-08-06', 864);
INSERT INTO `mydb`.`BILLING` (`Billing_ID`, `Billing_Name`, `Billing_Address`, `Billing_BankName`, `Billing_CardNumber`, `Billing_ExpirationDate`, `Billing_SecurityCode`) VALUES (2068, 'MasterCard', '44687 Goodland Plaza', 'Scotiabank', 8592714125607260, '2019-03-30', 633);
INSERT INTO `mydb`.`BILLING` (`Billing_ID`, `Billing_Name`, `Billing_Address`, `Billing_BankName`, `Billing_CardNumber`, `Billing_ExpirationDate`, `Billing_SecurityCode`) VALUES (2069, 'MasterCard', '92674 Oak Valley Hill', 'TD', 8749001070853590, '2021-08-17', 856);
INSERT INTO `mydb`.`BILLING` (`Billing_ID`, `Billing_Name`, `Billing_Address`, `Billing_BankName`, `Billing_CardNumber`, `Billing_ExpirationDate`, `Billing_SecurityCode`) VALUES (2070, 'MasterCard', '89 Moose Junction', 'TD', 6779159571173130, '2021-12-01', 800);
INSERT INTO `mydb`.`BILLING` (`Billing_ID`, `Billing_Name`, `Billing_Address`, `Billing_BankName`, `Billing_CardNumber`, `Billing_ExpirationDate`, `Billing_SecurityCode`) VALUES (2071, 'VISA', '9658 Sauthoff Center', 'TD', 9041990619516720, '2019-12-01', 193);
INSERT INTO `mydb`.`BILLING` (`Billing_ID`, `Billing_Name`, `Billing_Address`, `Billing_BankName`, `Billing_CardNumber`, `Billing_ExpirationDate`, `Billing_SecurityCode`) VALUES (2072, 'VISA', '1 Melody Point', 'Royal Bank of Canada', 3551746445772400, '2022-02-16', 956);
INSERT INTO `mydb`.`BILLING` (`Billing_ID`, `Billing_Name`, `Billing_Address`, `Billing_BankName`, `Billing_CardNumber`, `Billing_ExpirationDate`, `Billing_SecurityCode`) VALUES (2073, 'MasterCard', '54520 Hazelcrest Center', 'Scotiabank', 7183233216503660, '2019-03-05', 284);
INSERT INTO `mydb`.`BILLING` (`Billing_ID`, `Billing_Name`, `Billing_Address`, `Billing_BankName`, `Billing_CardNumber`, `Billing_ExpirationDate`, `Billing_SecurityCode`) VALUES (2074, 'VISA', '2115 Warner Pass', 'Royal Bank of Canada', 3639617058736640, '2020-10-02', 339);
INSERT INTO `mydb`.`BILLING` (`Billing_ID`, `Billing_Name`, `Billing_Address`, `Billing_BankName`, `Billing_CardNumber`, `Billing_ExpirationDate`, `Billing_SecurityCode`) VALUES (2075, 'MasterCard', '92 Thompson Park', 'TD', 4774251867205320, '2018-12-23', 193);
INSERT INTO `mydb`.`BILLING` (`Billing_ID`, `Billing_Name`, `Billing_Address`, `Billing_BankName`, `Billing_CardNumber`, `Billing_ExpirationDate`, `Billing_SecurityCode`) VALUES (2076, 'VISA', '328 Atwood Court', 'Royal Bank of Canada', 3426960493840970, '2019-08-28', 358);
INSERT INTO `mydb`.`BILLING` (`Billing_ID`, `Billing_Name`, `Billing_Address`, `Billing_BankName`, `Billing_CardNumber`, `Billing_ExpirationDate`, `Billing_SecurityCode`) VALUES (2077, 'MasterCard', '6288 Heath Hill', 'Scotiabank', 8573658272266380, '2021-08-12', 166);
INSERT INTO `mydb`.`BILLING` (`Billing_ID`, `Billing_Name`, `Billing_Address`, `Billing_BankName`, `Billing_CardNumber`, `Billing_ExpirationDate`, `Billing_SecurityCode`) VALUES (2078, 'MasterCard', '60 Utah Court', 'Scotiabank', 4597455574564320, '2019-08-15', 541);
INSERT INTO `mydb`.`BILLING` (`Billing_ID`, `Billing_Name`, `Billing_Address`, `Billing_BankName`, `Billing_CardNumber`, `Billing_ExpirationDate`, `Billing_SecurityCode`) VALUES (2079, 'MasterCard', '15 Sundown Terrace', 'Royal Bank of Canada', 5249790086446580, '2019-04-17', 783);
INSERT INTO `mydb`.`BILLING` (`Billing_ID`, `Billing_Name`, `Billing_Address`, `Billing_BankName`, `Billing_CardNumber`, `Billing_ExpirationDate`, `Billing_SecurityCode`) VALUES (2080, 'MasterCard', '3 Glendale Place', 'Royal Bank of Canada', 6520054422091370, '2021-08-31', 706);
INSERT INTO `mydb`.`BILLING` (`Billing_ID`, `Billing_Name`, `Billing_Address`, `Billing_BankName`, `Billing_CardNumber`, `Billing_ExpirationDate`, `Billing_SecurityCode`) VALUES (2081, 'MasterCard', '355 Merchant Hill', 'Royal Bank of Canada', 8507485030497730, '2019-01-24', 608);
INSERT INTO `mydb`.`BILLING` (`Billing_ID`, `Billing_Name`, `Billing_Address`, `Billing_BankName`, `Billing_CardNumber`, `Billing_ExpirationDate`, `Billing_SecurityCode`) VALUES (2082, 'VISA', '62 Armistice Lane', 'Scotiabank', 9049377926747780, '2018-10-04', 330);
INSERT INTO `mydb`.`BILLING` (`Billing_ID`, `Billing_Name`, `Billing_Address`, `Billing_BankName`, `Billing_CardNumber`, `Billing_ExpirationDate`, `Billing_SecurityCode`) VALUES (2083, 'MasterCard', '16 Pierstorff Court', 'Royal Bank of Canada', 6413674461777050, '2022-02-12', 495);
INSERT INTO `mydb`.`BILLING` (`Billing_ID`, `Billing_Name`, `Billing_Address`, `Billing_BankName`, `Billing_CardNumber`, `Billing_ExpirationDate`, `Billing_SecurityCode`) VALUES (2084, 'VISA', '06 Burning Wood Junction', 'Royal Bank of Canada', 3367830647414920, '2019-01-24', 984);
INSERT INTO `mydb`.`BILLING` (`Billing_ID`, `Billing_Name`, `Billing_Address`, `Billing_BankName`, `Billing_CardNumber`, `Billing_ExpirationDate`, `Billing_SecurityCode`) VALUES (2085, 'VISA', '1 Clove Alley', 'Royal Bank of Canada', 2189572425587300, '2018-10-11', 907);
INSERT INTO `mydb`.`BILLING` (`Billing_ID`, `Billing_Name`, `Billing_Address`, `Billing_BankName`, `Billing_CardNumber`, `Billing_ExpirationDate`, `Billing_SecurityCode`) VALUES (2086, 'MasterCard', '108 Kropf Drive', 'Royal Bank of Canada', 6781123767337040, '2019-02-14', 905);
INSERT INTO `mydb`.`BILLING` (`Billing_ID`, `Billing_Name`, `Billing_Address`, `Billing_BankName`, `Billing_CardNumber`, `Billing_ExpirationDate`, `Billing_SecurityCode`) VALUES (2087, 'VISA', '522 Mayer Way', 'Scotiabank', 1170487254686660, '2021-06-28', 688);
INSERT INTO `mydb`.`CUSTOMER` (`Customer_ID`, `Billing_ID`, `Customer_Fname`, `Customer_Lname`, `Customer_BirthDate`, `Customer_Address`, `Customer_PhoneNumber`, `Customer_Email`, `Customer_Type`) VALUES (1001, 2001, 'Bern', 'Shrimpling', '1984-09-04', '61512 8th pass', '(514) 620-4197', 'bshriplin@bloglines.com', 'Premium');
INSERT INTO `mydb`.`CUSTOMER` (`Customer_ID`, `Billing_ID`, `Customer_Fname`, `Customer_Lname`, `Customer_BirthDate`, `Customer_Address`, `Customer_PhoneNumber`, `Customer_Email`, `Customer_Type`) VALUES (1002, 2002, 'Lisette', 'McTeer', '1966-02-02', '57124 Granby Drive', '(514) 370-9808', 'lmcteer1@bbc.co.uk', 'Free');
INSERT INTO `mydb`.`CUSTOMER` (`Customer_ID`, `Billing_ID`, `Customer_Fname`, `Customer_Lname`, `Customer_BirthDate`, `Customer_Address`, `Customer_PhoneNumber`, `Customer_Email`, `Customer_Type`) VALUES (1003, 2003, 'Melesa', 'Ferreras', '1988-11-02', '2719 La Follette Pass', '(514) 334-5281', 'mferreras2@hp.com', 'Free');
INSERT INTO `mydb`.`CUSTOMER` (`Customer_ID`, `Billing_ID`, `Customer_Fname`, `Customer_Lname`, `Customer_BirthDate`, `Customer_Address`, `Customer_PhoneNumber`, `Customer_Email`, `Customer_Type`) VALUES (1004, NULL, 'Kristen', 'Cator', '1954-11-16', '05335 Gateway Trail', '(438) 691-1444', 'kcator3@skyrock.com', 'Free');
INSERT INTO `mydb`.`CUSTOMER` (`Customer_ID`, `Billing_ID`, `Customer_Fname`, `Customer_Lname`, `Customer_BirthDate`, `Customer_Address`, `Customer_PhoneNumber`, `Customer_Email`, `Customer_Type`) VALUES (1005, 2004, 'Shaine', 'Penhalewick', '1971-11-14', '65 Algoma Place', '(438) 680-9816', 'spenhalewick4@naver.com', 'Premium');
INSERT INTO `mydb`.`CUSTOMER` (`Customer_ID`, `Billing_ID`, `Customer_Fname`, `Customer_Lname`, `Customer_BirthDate`, `Customer_Address`, `Customer_PhoneNumber`, `Customer_Email`, `Customer_Type`) VALUES (1006, 2005, 'Evangeline', 'Murrigans', '1958-05-16', '6 Nancy Circle', '(438) 596-3594', 'emurrigans5@usda.gov', 'Free');
INSERT INTO `mydb`.`CUSTOMER` (`Customer_ID`, `Billing_ID`, `Customer_Fname`, `Customer_Lname`, `Customer_BirthDate`, `Customer_Address`, `Customer_PhoneNumber`, `Customer_Email`, `Customer_Type`) VALUES (1007, 2006, 'Daniela', 'Joyes', '1958-12-07', '50 Del Sol Street', '(514) 569-5015', 'djoyes6@i2i.jp', 'Free');
INSERT INTO `mydb`.`CUSTOMER` (`Customer_ID`, `Billing_ID`, `Customer_Fname`, `Customer_Lname`, `Customer_BirthDate`, `Customer_Address`, `Customer_PhoneNumber`, `Customer_Email`, `Customer_Type`) VALUES (1008, NULL, 'Tisha', 'Mullaney', '1975-06-20', '44592 Moland Hill', '(438) 251-8234', 'tmullaney7@intel.com', 'Free');
INSERT INTO `mydb`.`CUSTOMER` (`Customer_ID`, `Billing_ID`, `Customer_Fname`, `Customer_Lname`, `Customer_BirthDate`, `Customer_Address`, `Customer_PhoneNumber`, `Customer_Email`, `Customer_Type`) VALUES (1009, 2007, 'Erick', 'Keysel', '1992-05-25', '33 Fisk Drive', '(438) 939-0170', 'ekeysel8@liveinternet.ru', 'Free');
INSERT INTO `mydb`.`CUSTOMER` (`Customer_ID`, `Billing_ID`, `Customer_Fname`, `Customer_Lname`, `Customer_BirthDate`, `Customer_Address`, `Customer_PhoneNumber`, `Customer_Email`, `Customer_Type`) VALUES (1010, NULL, 'Skipton', 'Yashanov', '1971-12-22', '14 Sachtjen Parkway', '(438) 492-5272', 'syashanov9@php.net', 'Premium');
INSERT INTO `mydb`.`CUSTOMER` (`Customer_ID`, `Billing_ID`, `Customer_Fname`, `Customer_Lname`, `Customer_BirthDate`, `Customer_Address`, `Customer_PhoneNumber`, `Customer_Email`, `Customer_Type`) VALUES (1011, 2008, 'Avigdor', 'Purdom', '1980-12-16', '100 Mayfield Junction', '(438) 110-0738', 'apurdoma@china.com.cn', 'Premium');
INSERT INTO `mydb`.`CUSTOMER` (`Customer_ID`, `Billing_ID`, `Customer_Fname`, `Customer_Lname`, `Customer_BirthDate`, `Customer_Address`, `Customer_PhoneNumber`, `Customer_Email`, `Customer_Type`) VALUES (1012, 2009, 'Beau', 'Howsin', '1956-08-17', '2 Ruskin Hill', '(514) 304-9932', 'bhowsinb@hao123.com', 'Premium');
INSERT INTO `mydb`.`CUSTOMER` (`Customer_ID`, `Billing_ID`, `Customer_Fname`, `Customer_Lname`, `Customer_BirthDate`, `Customer_Address`, `Customer_PhoneNumber`, `Customer_Email`, `Customer_Type`) VALUES (1013, NULL, 'Vincent', 'Rainsden', '1985-12-16', '978 Red Cloud Pass', '(514) 529-9563', 'vrainsdenc@studiopress.com', 'Free');
INSERT INTO `mydb`.`CUSTOMER` (`Customer_ID`, `Billing_ID`, `Customer_Fname`, `Customer_Lname`, `Customer_BirthDate`, `Customer_Address`, `Customer_PhoneNumber`, `Customer_Email`, `Customer_Type`) VALUES (1014, NULL, 'Adelaida', 'Heineking', '1978-05-23', '348 Transport Point', '(438) 400-6968', 'aheinekingd@google.com.hk', 'Free');
INSERT INTO `mydb`.`CUSTOMER` (`Customer_ID`, `Billing_ID`, `Customer_Fname`, `Customer_Lname`, `Customer_BirthDate`, `Customer_Address`, `Customer_PhoneNumber`, `Customer_Email`, `Customer_Type`) VALUES (1015, 2010, 'Whitman', 'Akess', '1969-02-14', '3 John Wall Trail', '(514) 613-0539', 'wakesse@amazon.com', 'Free');
INSERT INTO `mydb`.`CUSTOMER` (`Customer_ID`, `Billing_ID`, `Customer_Fname`, `Customer_Lname`, `Customer_BirthDate`, `Customer_Address`, `Customer_PhoneNumber`, `Customer_Email`, `Customer_Type`) VALUES (1016, 2011, 'Ara', 'McCarthy', '1999-01-16', '7542 Farmco Pass', '(514) 540-8191', 'amccarthyf@people.com.cn', 'Premium');
INSERT INTO `mydb`.`CUSTOMER` (`Customer_ID`, `Billing_ID`, `Customer_Fname`, `Customer_Lname`, `Customer_BirthDate`, `Customer_Address`, `Customer_PhoneNumber`, `Customer_Email`, `Customer_Type`) VALUES (1017, 2012, 'Royal', 'Crowche', '1969-08-28', '14369 Ramsey Terrace', '(514) 625-9825', 'rcrowcheg@businessweek.com', 'Premium');
INSERT INTO `mydb`.`CUSTOMER` (`Customer_ID`, `Billing_ID`, `Customer_Fname`, `Customer_Lname`, `Customer_BirthDate`, `Customer_Address`, `Customer_PhoneNumber`, `Customer_Email`, `Customer_Type`) VALUES (1018, NULL, 'Vivyanne', 'Tonkin', '1985-10-02', '801 Bayside Pass', '(514) 107-4173', 'vtonkinh@mysql.com', 'Free');
INSERT INTO `mydb`.`CUSTOMER` (`Customer_ID`, `Billing_ID`, `Customer_Fname`, `Customer_Lname`, `Customer_BirthDate`, `Customer_Address`, `Customer_PhoneNumber`, `Customer_Email`, `Customer_Type`) VALUES (1019, 2013, 'Darryl', 'Cunah', '1976-06-26', '14 Sunbrook Circle', '(514) 462-8828', 'dcunahi@latimes.com', 'Free');
INSERT INTO `mydb`.`CUSTOMER` (`Customer_ID`, `Billing_ID`, `Customer_Fname`, `Customer_Lname`, `Customer_BirthDate`, `Customer_Address`, `Customer_PhoneNumber`, `Customer_Email`, `Customer_Type`) VALUES (1020, 2014, 'Jake', 'Soldan', '1979-09-28', '6859 Moland Street', '(514) 313-9816', 'jsoldanj@google.co.jp', 'Free');
INSERT INTO `mydb`.`CUSTOMER` (`Customer_ID`, `Billing_ID`, `Customer_Fname`, `Customer_Lname`, `Customer_BirthDate`, `Customer_Address`, `Customer_PhoneNumber`, `Customer_Email`, `Customer_Type`) VALUES (1021, 2015, 'Tarah', 'Casaro', '1993-02-13', '99 Milwaukee Parkway', '(514) 220-5760', 'tcasarok@miibeian.gov.cn', 'Premium');
INSERT INTO `mydb`.`CUSTOMER` (`Customer_ID`, `Billing_ID`, `Customer_Fname`, `Customer_Lname`, `Customer_BirthDate`, `Customer_Address`, `Customer_PhoneNumber`, `Customer_Email`, `Customer_Type`) VALUES (1022, 2016, 'Jeddy', 'Westwell', '1956-12-09', '97 Corry Alley', '(438) 412-3321', 'jwestwelll@imageshack.us', 'Free');
INSERT INTO `mydb`.`CUSTOMER` (`Customer_ID`, `Billing_ID`, `Customer_Fname`, `Customer_Lname`, `Customer_BirthDate`, `Customer_Address`, `Customer_PhoneNumber`, `Customer_Email`, `Customer_Type`) VALUES (1023, 2017, 'Emilio', 'Silby', '1983-02-18', '56 Red Cloud Hill', '(438) 460-9245', 'esilbym@army.mil', 'Free');
INSERT INTO `mydb`.`CUSTOMER` (`Customer_ID`, `Billing_ID`, `Customer_Fname`, `Customer_Lname`, `Customer_BirthDate`, `Customer_Address`, `Customer_PhoneNumber`, `Customer_Email`, `Customer_Type`) VALUES (1024, 2018, 'Gregoor', 'Citrine', '1992-09-22', '160 Dakota Park', '(438) 546-9171', 'gcitrinen@hhs.gov', 'Free');
INSERT INTO `mydb`.`CUSTOMER` (`Customer_ID`, `Billing_ID`, `Customer_Fname`, `Customer_Lname`, `Customer_BirthDate`, `Customer_Address`, `Customer_PhoneNumber`, `Customer_Email`, `Customer_Type`) VALUES (1025, 2019, 'Meryl', 'Twopenny', '2001-10-14', '06 Claremont Hill', '(438) 595-5041', 'mtwopennyo@stanford.edu', 'Premium');
INSERT INTO `mydb`.`CUSTOMER` (`Customer_ID`, `Billing_ID`, `Customer_Fname`, `Customer_Lname`, `Customer_BirthDate`, `Customer_Address`, `Customer_PhoneNumber`, `Customer_Email`, `Customer_Type`) VALUES (1026, NULL, 'Jocelin', 'Lyford', '1956-05-10', '5 Carberry Hill', '(514) 572-7261', 'jlyfordp@amazon.co.uk', 'Free');
INSERT INTO `mydb`.`CUSTOMER` (`Customer_ID`, `Billing_ID`, `Customer_Fname`, `Customer_Lname`, `Customer_BirthDate`, `Customer_Address`, `Customer_PhoneNumber`, `Customer_Email`, `Customer_Type`) VALUES (1027, 2020, 'Jonathan', 'Got', '1982-03-26', '64271 Trailsway Plaza', '(438) 497-8964', 'jgotq@oakley.com', 'Free');
INSERT INTO `mydb`.`CUSTOMER` (`Customer_ID`, `Billing_ID`, `Customer_Fname`, `Customer_Lname`, `Customer_BirthDate`, `Customer_Address`, `Customer_PhoneNumber`, `Customer_Email`, `Customer_Type`) VALUES (1028, 2021, 'Claretta', 'Pumfrett', '1993-12-22', '8075 Portage Circle', '(438) 485-6624', 'cpumfrettr@ihg.com', 'Premium');
INSERT INTO `mydb`.`CUSTOMER` (`Customer_ID`, `Billing_ID`, `Customer_Fname`, `Customer_Lname`, `Customer_BirthDate`, `Customer_Address`, `Customer_PhoneNumber`, `Customer_Email`, `Customer_Type`) VALUES (1029, 2022, 'Page', 'Carman', '1997-01-13', '9 American Ash Avenue', '(514) 262-8319', 'pcarmans@nhs.uk', 'Premium');
INSERT INTO `mydb`.`CUSTOMER` (`Customer_ID`, `Billing_ID`, `Customer_Fname`, `Customer_Lname`, `Customer_BirthDate`, `Customer_Address`, `Customer_PhoneNumber`, `Customer_Email`, `Customer_Type`) VALUES (1030, NULL, 'Allan', 'Bartzen', '1976-05-06', '2997 Saint Paul Court', '(514) 146-3066', 'abartzent@ow.ly', 'Free');
INSERT INTO `mydb`.`CUSTOMER` (`Customer_ID`, `Billing_ID`, `Customer_Fname`, `Customer_Lname`, `Customer_BirthDate`, `Customer_Address`, `Customer_PhoneNumber`, `Customer_Email`, `Customer_Type`) VALUES (1031, 2023, 'Fiona', 'Jindrich', '1984-04-16', '30 Kim Plaza', '(514) 495-4234', 'fjindrichu@wufoo.com', 'Free');
INSERT INTO `mydb`.`CUSTOMER` (`Customer_ID`, `Billing_ID`, `Customer_Fname`, `Customer_Lname`, `Customer_BirthDate`, `Customer_Address`, `Customer_PhoneNumber`, `Customer_Email`, `Customer_Type`) VALUES (1032, 2024, 'Jo-ann', 'Issacof', '1967-09-01', '9779 Melvin Lane', '(514) 419-0055', 'jissacofv@jiathis.com', 'Free');
INSERT INTO `mydb`.`CUSTOMER` (`Customer_ID`, `Billing_ID`, `Customer_Fname`, `Customer_Lname`, `Customer_BirthDate`, `Customer_Address`, `Customer_PhoneNumber`, `Customer_Email`, `Customer_Type`) VALUES (1033, 2025, 'Blithe', 'Judge', '1959-08-05', '7 Leroy Circle', '(514) 695-0215', 'bjudgew@yale.edu', 'Premium');
INSERT INTO `mydb`.`CUSTOMER` (`Customer_ID`, `Billing_ID`, `Customer_Fname`, `Customer_Lname`, `Customer_BirthDate`, `Customer_Address`, `Customer_PhoneNumber`, `Customer_Email`, `Customer_Type`) VALUES (1034, 2026, 'Gusta', 'Schultes', '1950-04-17', '4 Artisan Terrace', '(514) 998-2521', 'gschultesx@newyorker.com', 'Free');
INSERT INTO `mydb`.`CUSTOMER` (`Customer_ID`, `Billing_ID`, `Customer_Fname`, `Customer_Lname`, `Customer_BirthDate`, `Customer_Address`, `Customer_PhoneNumber`, `Customer_Email`, `Customer_Type`) VALUES (1035, 2027, 'Gian', 'Gateley', '1964-02-11', '30164 Glendale Center', '(438) 884-1352', 'ggateleyy@gizmodo.com', 'Free');
INSERT INTO `mydb`.`CUSTOMER` (`Customer_ID`, `Billing_ID`, `Customer_Fname`, `Customer_Lname`, `Customer_BirthDate`, `Customer_Address`, `Customer_PhoneNumber`, `Customer_Email`, `Customer_Type`) VALUES (1036, 2028, 'Anna-diane', 'Harback', '1955-03-03', '68236 Donald Hill', '(514) 899-5039', 'aharbackz@blinklist.com', 'Premium');
INSERT INTO `mydb`.`CUSTOMER` (`Customer_ID`, `Billing_ID`, `Customer_Fname`, `Customer_Lname`, `Customer_BirthDate`, `Customer_Address`, `Customer_PhoneNumber`, `Customer_Email`, `Customer_Type`) VALUES (1037, 2029, 'Findley', 'Coakley', '1977-02-27', '81 Dorton Drive', '(514) 587-2109', 'fcoakley10@walmart.com', 'Free');
INSERT INTO `mydb`.`CUSTOMER` (`Customer_ID`, `Billing_ID`, `Customer_Fname`, `Customer_Lname`, `Customer_BirthDate`, `Customer_Address`, `Customer_PhoneNumber`, `Customer_Email`, `Customer_Type`) VALUES (1038, 2030, 'Carey', 'Hawksley', '1959-04-25', '6397 Forest Run Way', '(438) 811-3962', 'chawksley11@nbcnews.com', 'Premium');
INSERT INTO `mydb`.`CUSTOMER` (`Customer_ID`, `Billing_ID`, `Customer_Fname`, `Customer_Lname`, `Customer_BirthDate`, `Customer_Address`, `Customer_PhoneNumber`, `Customer_Email`, `Customer_Type`) VALUES (1039, 2031, 'Law', 'Saban', '1982-12-15', '48 Carberry Plaza', '(438) 648-1126', 'lsaban12@pinterest.com', 'Free');
INSERT INTO `mydb`.`CUSTOMER` (`Customer_ID`, `Billing_ID`, `Customer_Fname`, `Customer_Lname`, `Customer_BirthDate`, `Customer_Address`, `Customer_PhoneNumber`, `Customer_Email`, `Customer_Type`) VALUES (1040, 2032, 'Randall', 'Cregeen', '1971-09-09', '65884 Clyde Gallagher Terrace', '(514) 109-0194', 'rcregeen13@privacy.gov.au', 'Premium');
INSERT INTO `mydb`.`CUSTOMER` (`Customer_ID`, `Billing_ID`, `Customer_Fname`, `Customer_Lname`, `Customer_BirthDate`, `Customer_Address`, `Customer_PhoneNumber`, `Customer_Email`, `Customer_Type`) VALUES (1041, 2033, 'Lottie', 'Van den Oord', '1952-10-01', '66999 Roxbury Alley', '(438) 437-2512', 'lvandenoord14@nsw.gov.au', 'Free');
INSERT INTO `mydb`.`CUSTOMER` (`Customer_ID`, `Billing_ID`, `Customer_Fname`, `Customer_Lname`, `Customer_BirthDate`, `Customer_Address`, `Customer_PhoneNumber`, `Customer_Email`, `Customer_Type`) VALUES (1042, 2034, 'Archaimbaud', 'Dawkes', '1970-06-10', '65 Shopko Crossing', '(514) 551-9899', 'adawkes15@scientificamerican.com', 'Premium');
INSERT INTO `mydb`.`CUSTOMER` (`Customer_ID`, `Billing_ID`, `Customer_Fname`, `Customer_Lname`, `Customer_BirthDate`, `Customer_Address`, `Customer_PhoneNumber`, `Customer_Email`, `Customer_Type`) VALUES (1043, 2035, 'Armstrong', 'Ferrarone', '1951-01-31', '81201 2nd Court', '(514) 892-0886', 'aferrarone16@sitemeter.com', 'Premium');
INSERT INTO `mydb`.`CUSTOMER` (`Customer_ID`, `Billing_ID`, `Customer_Fname`, `Customer_Lname`, `Customer_BirthDate`, `Customer_Address`, `Customer_PhoneNumber`, `Customer_Email`, `Customer_Type`) VALUES (1044, NULL, 'Iago', 'Barsam', '1967-01-21', '76740 Vera Park', '(514) 508-7559', 'ibarsam17@discovery.com', 'Free');
INSERT INTO `mydb`.`CUSTOMER` (`Customer_ID`, `Billing_ID`, `Customer_Fname`, `Customer_Lname`, `Customer_BirthDate`, `Customer_Address`, `Customer_PhoneNumber`, `Customer_Email`, `Customer_Type`) VALUES (1045, 2036, 'Cloe', 'Cleaveland', '1991-04-26', '16 Mendota Center', '(514) 781-5471', 'ccleaveland18@histats.com', 'Premium');
INSERT INTO `mydb`.`CUSTOMER` (`Customer_ID`, `Billing_ID`, `Customer_Fname`, `Customer_Lname`, `Customer_BirthDate`, `Customer_Address`, `Customer_PhoneNumber`, `Customer_Email`, `Customer_Type`) VALUES (1046, 2037, 'Cornie', 'Kubiak', '1987-06-05', '2640 Claremont Drive', '(514) 369-3558', 'ckubiak19@hubpages.com', 'Premium');
INSERT INTO `mydb`.`CUSTOMER` (`Customer_ID`, `Billing_ID`, `Customer_Fname`, `Customer_Lname`, `Customer_BirthDate`, `Customer_Address`, `Customer_PhoneNumber`, `Customer_Email`, `Customer_Type`) VALUES (1047, 2038, 'Carly', 'Breckenridge', '1979-02-06', '60787 Amoth Road', '(514) 864-2862', 'cbreckenridge1a@latimes.com', 'Premium');
INSERT INTO `mydb`.`CUSTOMER` (`Customer_ID`, `Billing_ID`, `Customer_Fname`, `Customer_Lname`, `Customer_BirthDate`, `Customer_Address`, `Customer_PhoneNumber`, `Customer_Email`, `Customer_Type`) VALUES (1048, 2039, 'Salvatore', 'Montier', '1956-09-06', '19 Carey Circle', '(514) 784-1175', 'smontier1b@mashable.com', 'Premium');
INSERT INTO `mydb`.`CUSTOMER` (`Customer_ID`, `Billing_ID`, `Customer_Fname`, `Customer_Lname`, `Customer_BirthDate`, `Customer_Address`, `Customer_PhoneNumber`, `Customer_Email`, `Customer_Type`) VALUES (1049, 2040, 'Nickie', 'Thorp', '1985-03-08', '8 Badeau Drive', '(438) 506-4288', 'nthorp1c@xing.com', 'Premium');
INSERT INTO `mydb`.`CUSTOMER` (`Customer_ID`, `Billing_ID`, `Customer_Fname`, `Customer_Lname`, `Customer_BirthDate`, `Customer_Address`, `Customer_PhoneNumber`, `Customer_Email`, `Customer_Type`) VALUES (1050, 2041, 'North', 'Baldwin', '1951-08-23', '6680 Hooker Alley', '(514) 373-6939', 'nbaldwin1d@shareasale.com', 'Premium');
INSERT INTO `mydb`.`CUSTOMER` (`Customer_ID`, `Billing_ID`, `Customer_Fname`, `Customer_Lname`, `Customer_BirthDate`, `Customer_Address`, `Customer_PhoneNumber`, `Customer_Email`, `Customer_Type`) VALUES (1051, 2042, 'Brook', 'Yurkiewicz', '1977-09-02', '8 Glendale Trail', '(514) 951-7745', 'byurkiewicz1e@vkontakte.ru', 'Premium');
INSERT INTO `mydb`.`CUSTOMER` (`Customer_ID`, `Billing_ID`, `Customer_Fname`, `Customer_Lname`, `Customer_BirthDate`, `Customer_Address`, `Customer_PhoneNumber`, `Customer_Email`, `Customer_Type`) VALUES (1052, 2043, 'Ulrike', 'Whooley', '1955-09-18', '660 Loftsgordon Junction', '(438) 876-5541', 'uwhooley1f@creativecommons.org', 'Free');
INSERT INTO `mydb`.`CUSTOMER` (`Customer_ID`, `Billing_ID`, `Customer_Fname`, `Customer_Lname`, `Customer_BirthDate`, `Customer_Address`, `Customer_PhoneNumber`, `Customer_Email`, `Customer_Type`) VALUES (1053, 2044, 'Tessy', 'Manilo', '1950-07-04', '9631 Warner Point', '(514) 477-5556', 'tmanilo1g@canalblog.com', 'Premium');
INSERT INTO `mydb`.`CUSTOMER` (`Customer_ID`, `Billing_ID`, `Customer_Fname`, `Customer_Lname`, `Customer_BirthDate`, `Customer_Address`, `Customer_PhoneNumber`, `Customer_Email`, `Customer_Type`) VALUES (1054, 2045, 'Freida', 'Di Lucia', '1966-03-17', '3 Gateway Lane', '(438) 943-6386', 'fdilucia1h@posterous.com', 'Free');
INSERT INTO `mydb`.`CUSTOMER` (`Customer_ID`, `Billing_ID`, `Customer_Fname`, `Customer_Lname`, `Customer_BirthDate`, `Customer_Address`, `Customer_PhoneNumber`, `Customer_Email`, `Customer_Type`) VALUES (1055, 2046, 'Nanni', 'Dinis', '1992-06-02', '921 Thompson Parkway', '(514) 822-6293', 'ndinis1i@xinhuanet.com', 'Premium');
INSERT INTO `mydb`.`CUSTOMER` (`Customer_ID`, `Billing_ID`, `Customer_Fname`, `Customer_Lname`, `Customer_BirthDate`, `Customer_Address`, `Customer_PhoneNumber`, `Customer_Email`, `Customer_Type`) VALUES (1056, 2047, 'Benjamin', 'Ainsby', '1950-09-01', '776 Algoma Drive', '(438) 130-0346', 'bainsby1j@redcross.org', 'Premium');
INSERT INTO `mydb`.`CUSTOMER` (`Customer_ID`, `Billing_ID`, `Customer_Fname`, `Customer_Lname`, `Customer_BirthDate`, `Customer_Address`, `Customer_PhoneNumber`, `Customer_Email`, `Customer_Type`) VALUES (1057, 2048, 'Camella', 'Skilton', '1970-08-25', '7679 Ridgeway Terrace', '(438) 311-5718', 'cskilton1k@instagram.com', 'Premium');
INSERT INTO `mydb`.`CUSTOMER` (`Customer_ID`, `Billing_ID`, `Customer_Fname`, `Customer_Lname`, `Customer_BirthDate`, `Customer_Address`, `Customer_PhoneNumber`, `Customer_Email`, `Customer_Type`) VALUES (1058, 2049, 'Lurline', 'Philippard', '2003-08-10', '55100 Prairie Rose Center', '(438) 887-7143', 'lphilippard1l@ucla.edu', 'Free');
INSERT INTO `mydb`.`CUSTOMER` (`Customer_ID`, `Billing_ID`, `Customer_Fname`, `Customer_Lname`, `Customer_BirthDate`, `Customer_Address`, `Customer_PhoneNumber`, `Customer_Email`, `Customer_Type`) VALUES (1059, NULL, 'Alexandrina', 'Pakenham', '1953-09-30', '23147 Elgar Pass', '(438) 921-2441', 'apakenham1m@scientificamerican.com', 'Free');
INSERT INTO `mydb`.`CUSTOMER` (`Customer_ID`, `Billing_ID`, `Customer_Fname`, `Customer_Lname`, `Customer_BirthDate`, `Customer_Address`, `Customer_PhoneNumber`, `Customer_Email`, `Customer_Type`) VALUES (1060, 2050, 'Eadith', 'Britten', '1991-01-17', '65 Center Way', '(514) 967-0631', 'ebritten1n@sina.com.cn', 'Free');
INSERT INTO `mydb`.`CUSTOMER` (`Customer_ID`, `Billing_ID`, `Customer_Fname`, `Customer_Lname`, `Customer_BirthDate`, `Customer_Address`, `Customer_PhoneNumber`, `Customer_Email`, `Customer_Type`) VALUES (1061, 2051, 'Sybil', 'Cristofori', '1959-08-04', '5 East Street', '(438) 163-0206', 'scristofori1o@admin.ch', 'Premium');
INSERT INTO `mydb`.`CUSTOMER` (`Customer_ID`, `Billing_ID`, `Customer_Fname`, `Customer_Lname`, `Customer_BirthDate`, `Customer_Address`, `Customer_PhoneNumber`, `Customer_Email`, `Customer_Type`) VALUES (1062, 2052, 'Trey', 'Jiricka', '1969-12-26', '1 Anhalt Plaza', '(438) 371-2762', 'tjiricka1p@infoseek.co.jp', 'Free');
INSERT INTO `mydb`.`CUSTOMER` (`Customer_ID`, `Billing_ID`, `Customer_Fname`, `Customer_Lname`, `Customer_BirthDate`, `Customer_Address`, `Customer_PhoneNumber`, `Customer_Email`, `Customer_Type`) VALUES (1063, 2053, 'Claudelle', 'Halsworth', '1995-11-24', '67453 Ilene Drive', '(514) 534-5945', 'chalsworth1q@telegraph.co.uk', 'Premium');
INSERT INTO `mydb`.`CUSTOMER` (`Customer_ID`, `Billing_ID`, `Customer_Fname`, `Customer_Lname`, `Customer_BirthDate`, `Customer_Address`, `Customer_PhoneNumber`, `Customer_Email`, `Customer_Type`) VALUES (1064, 2054, 'Crawford', 'Lemm', '1958-01-02', '7967 Green Place', '(438) 599-4504', 'clemm1r@pen.io', 'Free');
INSERT INTO `mydb`.`CUSTOMER` (`Customer_ID`, `Billing_ID`, `Customer_Fname`, `Customer_Lname`, `Customer_BirthDate`, `Customer_Address`, `Customer_PhoneNumber`, `Customer_Email`, `Customer_Type`) VALUES (1065, 2055, 'Mala', 'Gosse', '1987-08-11', '57 Donald Crossing', '(438) 423-1373', 'mgosse1s@ebay.co.uk', 'Free');
INSERT INTO `mydb`.`CUSTOMER` (`Customer_ID`, `Billing_ID`, `Customer_Fname`, `Customer_Lname`, `Customer_BirthDate`, `Customer_Address`, `Customer_PhoneNumber`, `Customer_Email`, `Customer_Type`) VALUES (1066, 2056, 'Lilith', 'Rodell', '1989-02-06', '59 Elka Lane', '(438) 539-1791', 'lrodell1t@netlog.com', 'Free');
INSERT INTO `mydb`.`CUSTOMER` (`Customer_ID`, `Billing_ID`, `Customer_Fname`, `Customer_Lname`, `Customer_BirthDate`, `Customer_Address`, `Customer_PhoneNumber`, `Customer_Email`, `Customer_Type`) VALUES (1067, 2057, 'Myrtle', 'Joost', '1978-11-28', '27 Jenna Junction', '(438) 199-2438', 'mjoost1u@virginia.edu', 'Premium');
INSERT INTO `mydb`.`CUSTOMER` (`Customer_ID`, `Billing_ID`, `Customer_Fname`, `Customer_Lname`, `Customer_BirthDate`, `Customer_Address`, `Customer_PhoneNumber`, `Customer_Email`, `Customer_Type`) VALUES (1068, 2058, 'Koral', 'Athridge', '2004-01-08', '9 Nancy Park', '(438) 274-8487', 'kathridge1v@discuz.net', 'Free');
INSERT INTO `mydb`.`CUSTOMER` (`Customer_ID`, `Billing_ID`, `Customer_Fname`, `Customer_Lname`, `Customer_BirthDate`, `Customer_Address`, `Customer_PhoneNumber`, `Customer_Email`, `Customer_Type`) VALUES (1069, 2059, 'Holly', 'Wooster', '1987-10-23', '84 Rockefeller Parkway', '(514) 135-8467', 'hwooster1w@shutterfly.com', 'Free');
INSERT INTO `mydb`.`CUSTOMER` (`Customer_ID`, `Billing_ID`, `Customer_Fname`, `Customer_Lname`, `Customer_BirthDate`, `Customer_Address`, `Customer_PhoneNumber`, `Customer_Email`, `Customer_Type`) VALUES (1070, 2060, 'Kippy', 'Mead', '1966-08-16', '97 Havey Pass', '(514) 174-8392', 'kmead1x@slashdot.org', 'Free');
INSERT INTO `mydb`.`CUSTOMER` (`Customer_ID`, `Billing_ID`, `Customer_Fname`, `Customer_Lname`, `Customer_BirthDate`, `Customer_Address`, `Customer_PhoneNumber`, `Customer_Email`, `Customer_Type`) VALUES (1071, 2061, 'Norbert', 'Gavrielly', '1973-08-27', '95 Hanover Hill', '(514) 852-7285', 'ngavrielly1y@ucoz.com', 'Premium');
INSERT INTO `mydb`.`CUSTOMER` (`Customer_ID`, `Billing_ID`, `Customer_Fname`, `Customer_Lname`, `Customer_BirthDate`, `Customer_Address`, `Customer_PhoneNumber`, `Customer_Email`, `Customer_Type`) VALUES (1072, 2062, 'Bobbie', 'Tate', '1968-01-21', '3 Bunker Hill Terrace', '(438) 518-3661', 'btate1z@ca.gov', 'Premium');
INSERT INTO `mydb`.`CUSTOMER` (`Customer_ID`, `Billing_ID`, `Customer_Fname`, `Customer_Lname`, `Customer_BirthDate`, `Customer_Address`, `Customer_PhoneNumber`, `Customer_Email`, `Customer_Type`) VALUES (1073, NULL, 'Giraldo', 'Leavesley', '1972-06-02', '466 Crescent Oaks Alley', '(438) 907-3661', 'gleavesley20@ibm.com', 'Free');
INSERT INTO `mydb`.`CUSTOMER` (`Customer_ID`, `Billing_ID`, `Customer_Fname`, `Customer_Lname`, `Customer_BirthDate`, `Customer_Address`, `Customer_PhoneNumber`, `Customer_Email`, `Customer_Type`) VALUES (1074, 2063, 'Tammi', 'De Clairmont', '1956-02-21', '22179 Grover Alley', '(438) 340-3241', 'tdeclairmont21@usa.gov', 'Premium');
INSERT INTO `mydb`.`CUSTOMER` (`Customer_ID`, `Billing_ID`, `Customer_Fname`, `Customer_Lname`, `Customer_BirthDate`, `Customer_Address`, `Customer_PhoneNumber`, `Customer_Email`, `Customer_Type`) VALUES (1075, 2064, 'Corrina', 'Straun', '2002-03-10', '762 John Wall Park', '(514) 889-7720', 'cstraun22@samsung.com', 'Premium');
INSERT INTO `mydb`.`CUSTOMER` (`Customer_ID`, `Billing_ID`, `Customer_Fname`, `Customer_Lname`, `Customer_BirthDate`, `Customer_Address`, `Customer_PhoneNumber`, `Customer_Email`, `Customer_Type`) VALUES (1076, 2065, 'Codi', 'Pampling', '1984-02-16', '9 Vernon Trail', '(514) 558-0726', 'cpampling23@amazon.co.uk', 'Premium');
INSERT INTO `mydb`.`CUSTOMER` (`Customer_ID`, `Billing_ID`, `Customer_Fname`, `Customer_Lname`, `Customer_BirthDate`, `Customer_Address`, `Customer_PhoneNumber`, `Customer_Email`, `Customer_Type`) VALUES (1077, 2066, 'Melesa', 'Honnan', '1999-01-12', '2993 Center Point', '(514) 176-0561', 'mhonnan24@fc2.com', 'Free');
INSERT INTO `mydb`.`CUSTOMER` (`Customer_ID`, `Billing_ID`, `Customer_Fname`, `Customer_Lname`, `Customer_BirthDate`, `Customer_Address`, `Customer_PhoneNumber`, `Customer_Email`, `Customer_Type`) VALUES (1078, 2067, 'Elianore', 'Garmanson', '1954-06-02', '7 Caliangt Center', '(438) 794-6407', 'egarmanson25@posterous.com', 'Free');
INSERT INTO `mydb`.`CUSTOMER` (`Customer_ID`, `Billing_ID`, `Customer_Fname`, `Customer_Lname`, `Customer_BirthDate`, `Customer_Address`, `Customer_PhoneNumber`, `Customer_Email`, `Customer_Type`) VALUES (1079, 2068, 'Chrisse', 'Coushe', '1999-02-21', '9 Old Gate Center', '(514) 259-2040', 'ccoushe26@ucoz.ru', 'Premium');
INSERT INTO `mydb`.`CUSTOMER` (`Customer_ID`, `Billing_ID`, `Customer_Fname`, `Customer_Lname`, `Customer_BirthDate`, `Customer_Address`, `Customer_PhoneNumber`, `Customer_Email`, `Customer_Type`) VALUES (1080, 2069, 'Berrie', 'Tayloe', '1960-05-07', '1942 Briar Crest Terrace', '(514) 609-3838', 'btayloe27@sogou.com', 'Premium');
INSERT INTO `mydb`.`CUSTOMER` (`Customer_ID`, `Billing_ID`, `Customer_Fname`, `Customer_Lname`, `Customer_BirthDate`, `Customer_Address`, `Customer_PhoneNumber`, `Customer_Email`, `Customer_Type`) VALUES (1081, 2070, 'Colas', 'Scrafton', '1993-03-07', '6 Buhler Hill', '(514) 126-6516', 'cscrafton28@newyorker.com', 'Premium');
INSERT INTO `mydb`.`CUSTOMER` (`Customer_ID`, `Billing_ID`, `Customer_Fname`, `Customer_Lname`, `Customer_BirthDate`, `Customer_Address`, `Customer_PhoneNumber`, `Customer_Email`, `Customer_Type`) VALUES (1082, 2071, 'Chloette', 'Jurasz', '1970-01-04', '62209 American Ash Terrace', '(438) 923-6558', 'cjurasz29@aboutads.info', 'Premium');
INSERT INTO `mydb`.`CUSTOMER` (`Customer_ID`, `Billing_ID`, `Customer_Fname`, `Customer_Lname`, `Customer_BirthDate`, `Customer_Address`, `Customer_PhoneNumber`, `Customer_Email`, `Customer_Type`) VALUES (1083, 2072, 'Drona', 'Burtt', '1955-01-22', '01934 Redwing Point', '(514) 958-5876', 'dburtt2a@stumbleupon.com', 'Free');
INSERT INTO `mydb`.`CUSTOMER` (`Customer_ID`, `Billing_ID`, `Customer_Fname`, `Customer_Lname`, `Customer_BirthDate`, `Customer_Address`, `Customer_PhoneNumber`, `Customer_Email`, `Customer_Type`) VALUES (1084, 2073, 'Melicent', 'Copeman', '1987-10-22', '7 Farragut Circle', '(514) 500-7208', 'mcopeman2b@princeton.edu', 'Premium');
INSERT INTO `mydb`.`CUSTOMER` (`Customer_ID`, `Billing_ID`, `Customer_Fname`, `Customer_Lname`, `Customer_BirthDate`, `Customer_Address`, `Customer_PhoneNumber`, `Customer_Email`, `Customer_Type`) VALUES (1085, 2074, 'Ansell', 'Garforth', '1992-03-06', '64 Banding Place', '(514) 371-5804', 'agarforth2c@utexas.edu', 'Premium');
INSERT INTO `mydb`.`CUSTOMER` (`Customer_ID`, `Billing_ID`, `Customer_Fname`, `Customer_Lname`, `Customer_BirthDate`, `Customer_Address`, `Customer_PhoneNumber`, `Customer_Email`, `Customer_Type`) VALUES (1086, 2075, 'Bancroft', 'Scowcraft', '1957-08-08', '9 Dawn Junction', '(514) 728-1467', 'bscowcraft2d@miibeian.gov.cn', 'Premium');
INSERT INTO `mydb`.`CUSTOMER` (`Customer_ID`, `Billing_ID`, `Customer_Fname`, `Customer_Lname`, `Customer_BirthDate`, `Customer_Address`, `Customer_PhoneNumber`, `Customer_Email`, `Customer_Type`) VALUES (1087, 2076, 'Lennard', 'Pesik', '1953-09-20', '007 Canary Pass', '(438) 586-4183', 'lpesik2e@google.nl', 'Free');
INSERT INTO `mydb`.`CUSTOMER` (`Customer_ID`, `Billing_ID`, `Customer_Fname`, `Customer_Lname`, `Customer_BirthDate`, `Customer_Address`, `Customer_PhoneNumber`, `Customer_Email`, `Customer_Type`) VALUES (1088, NULL, 'Tobye', 'Biermatowicz', '2000-09-11', '36799 Raven Terrace', '(514) 594-1131', 'tbiermatowicz2f@ask.com', 'Free');
INSERT INTO `mydb`.`CUSTOMER` (`Customer_ID`, `Billing_ID`, `Customer_Fname`, `Customer_Lname`, `Customer_BirthDate`, `Customer_Address`, `Customer_PhoneNumber`, `Customer_Email`, `Customer_Type`) VALUES (1089, 2077, 'Jody', 'Oldland', '1962-12-31', '4121 Dwight Hill', '(438) 683-6900', 'joldland2g@icio.us', 'Free');
INSERT INTO `mydb`.`CUSTOMER` (`Customer_ID`, `Billing_ID`, `Customer_Fname`, `Customer_Lname`, `Customer_BirthDate`, `Customer_Address`, `Customer_PhoneNumber`, `Customer_Email`, `Customer_Type`) VALUES (1090, 2078, 'Alwyn', 'Waith', '1972-05-29', '0470 Hauk Street', '(514) 146-0476', 'awaith2h@disqus.com', 'Premium');
INSERT INTO `mydb`.`CUSTOMER` (`Customer_ID`, `Billing_ID`, `Customer_Fname`, `Customer_Lname`, `Customer_BirthDate`, `Customer_Address`, `Customer_PhoneNumber`, `Customer_Email`, `Customer_Type`) VALUES (1091, 2079, 'Devi', 'Hiscoe', '1977-11-24', '15491 Crest Line Hill', '(438) 531-6675', 'dhiscoe2i@slideshare.net', 'Free');
INSERT INTO `mydb`.`CUSTOMER` (`Customer_ID`, `Billing_ID`, `Customer_Fname`, `Customer_Lname`, `Customer_BirthDate`, `Customer_Address`, `Customer_PhoneNumber`, `Customer_Email`, `Customer_Type`) VALUES (1092, NULL, 'Maurie', 'Richfield', '1968-12-06', '9 Dryden Trail', '(514) 639-4433', 'mrichfield2j@nymag.com', 'Free');
INSERT INTO `mydb`.`CUSTOMER` (`Customer_ID`, `Billing_ID`, `Customer_Fname`, `Customer_Lname`, `Customer_BirthDate`, `Customer_Address`, `Customer_PhoneNumber`, `Customer_Email`, `Customer_Type`) VALUES (1093, 2080, 'Elwin', 'Bellefonte', '1991-05-13', '10658 Barnett Road', '(514) 930-1382', 'ebellefonte2k@nytimes.com', 'Free');
INSERT INTO `mydb`.`CUSTOMER` (`Customer_ID`, `Billing_ID`, `Customer_Fname`, `Customer_Lname`, `Customer_BirthDate`, `Customer_Address`, `Customer_PhoneNumber`, `Customer_Email`, `Customer_Type`) VALUES (1094, 2081, 'Georas', 'Mullan', '1969-01-06', '79 Russell Junction', '(514) 301-9374', 'gmullan2l@csmonitor.com', 'Free');
INSERT INTO `mydb`.`CUSTOMER` (`Customer_ID`, `Billing_ID`, `Customer_Fname`, `Customer_Lname`, `Customer_BirthDate`, `Customer_Address`, `Customer_PhoneNumber`, `Customer_Email`, `Customer_Type`) VALUES (1095, 2082, 'Eunice', 'Chown', '1962-06-23', '512 Center Center', '(514) 408-7858', 'echown2m@biblegateway.com', 'Free');
INSERT INTO `mydb`.`CUSTOMER` (`Customer_ID`, `Billing_ID`, `Customer_Fname`, `Customer_Lname`, `Customer_BirthDate`, `Customer_Address`, `Customer_PhoneNumber`, `Customer_Email`, `Customer_Type`) VALUES (1096, 2083, 'Wood', 'Pilkington', '1966-03-18', '5 2nd Junction', '(514) 700-5334', 'wpilkington2n@fda.gov', 'Free');
INSERT INTO `mydb`.`CUSTOMER` (`Customer_ID`, `Billing_ID`, `Customer_Fname`, `Customer_Lname`, `Customer_BirthDate`, `Customer_Address`, `Customer_PhoneNumber`, `Customer_Email`, `Customer_Type`) VALUES (1097, 2084, 'Eimile', 'Hebbron', '1952-10-03', '42526 Sugar Center', '(438) 648-7699', 'ehebbron2o@example.com', 'Free');
INSERT INTO `mydb`.`CUSTOMER` (`Customer_ID`, `Billing_ID`, `Customer_Fname`, `Customer_Lname`, `Customer_BirthDate`, `Customer_Address`, `Customer_PhoneNumber`, `Customer_Email`, `Customer_Type`) VALUES (1098, 2085, 'Godart', 'Gecks', '1986-09-24', '033 Basil Plaza', '(514) 113-0607', 'ggecks2p@delicious.com', 'Free');
INSERT INTO `mydb`.`CUSTOMER` (`Customer_ID`, `Billing_ID`, `Customer_Fname`, `Customer_Lname`, `Customer_BirthDate`, `Customer_Address`, `Customer_PhoneNumber`, `Customer_Email`, `Customer_Type`) VALUES (1099, 2086, 'Graham', 'Basten', '1982-06-09', '60660 East Park', '(438) 869-5757', 'gbasten2q@shop-pro.jp', 'Free');
INSERT INTO `mydb`.`CUSTOMER` (`Customer_ID`, `Billing_ID`, `Customer_Fname`, `Customer_Lname`, `Customer_BirthDate`, `Customer_Address`, `Customer_PhoneNumber`, `Customer_Email`, `Customer_Type`) VALUES (1100, 2087, 'Silva', 'McIlory', '1992-06-01', '739 Lerdahl Hill', '(438) 574-0713', 'smcilory2r@usnews.com', 'Premium');
INSERT INTO `mydb`.`FREE` (`Customer_ID`, `Free_RegistrationDate`) VALUES (1002, '2016-01-06');
INSERT INTO `mydb`.`FREE` (`Customer_ID`, `Free_RegistrationDate`) VALUES (1003, '2016-01-18');
INSERT INTO `mydb`.`FREE` (`Customer_ID`, `Free_RegistrationDate`) VALUES (1004, '2016-01-23');
INSERT INTO `mydb`.`FREE` (`Customer_ID`, `Free_RegistrationDate`) VALUES (1006, '2016-02-07');
INSERT INTO `mydb`.`FREE` (`Customer_ID`, `Free_RegistrationDate`) VALUES (1007, '2016-02-08');
INSERT INTO `mydb`.`FREE` (`Customer_ID`, `Free_RegistrationDate`) VALUES (1008, '2016-02-20');
INSERT INTO `mydb`.`FREE` (`Customer_ID`, `Free_RegistrationDate`) VALUES (1009, '2016-02-21');
INSERT INTO `mydb`.`FREE` (`Customer_ID`, `Free_RegistrationDate`) VALUES (1013, '2016-02-22');
INSERT INTO `mydb`.`FREE` (`Customer_ID`, `Free_RegistrationDate`) VALUES (1014, '2016-02-24');
INSERT INTO `mydb`.`FREE` (`Customer_ID`, `Free_RegistrationDate`) VALUES (1015, '2016-03-28');
INSERT INTO `mydb`.`FREE` (`Customer_ID`, `Free_RegistrationDate`) VALUES (1018, '2016-06-11');
INSERT INTO `mydb`.`FREE` (`Customer_ID`, `Free_RegistrationDate`) VALUES (1019, '2016-07-13');
INSERT INTO `mydb`.`FREE` (`Customer_ID`, `Free_RegistrationDate`) VALUES (1020, '2016-11-08');
INSERT INTO `mydb`.`FREE` (`Customer_ID`, `Free_RegistrationDate`) VALUES (1022, '2016-12-09');
INSERT INTO `mydb`.`FREE` (`Customer_ID`, `Free_RegistrationDate`) VALUES (1023, '2017-01-07');
INSERT INTO `mydb`.`FREE` (`Customer_ID`, `Free_RegistrationDate`) VALUES (1024, '2017-02-01');
INSERT INTO `mydb`.`FREE` (`Customer_ID`, `Free_RegistrationDate`) VALUES (1026, '2017-02-06');
INSERT INTO `mydb`.`FREE` (`Customer_ID`, `Free_RegistrationDate`) VALUES (1027, '2017-02-09');
INSERT INTO `mydb`.`FREE` (`Customer_ID`, `Free_RegistrationDate`) VALUES (1030, '2017-02-10');
INSERT INTO `mydb`.`FREE` (`Customer_ID`, `Free_RegistrationDate`) VALUES (1031, '2017-02-12');
INSERT INTO `mydb`.`FREE` (`Customer_ID`, `Free_RegistrationDate`) VALUES (1032, '2017-02-13');
INSERT INTO `mydb`.`FREE` (`Customer_ID`, `Free_RegistrationDate`) VALUES (1034, '2017-02-18');
INSERT INTO `mydb`.`FREE` (`Customer_ID`, `Free_RegistrationDate`) VALUES (1035, '2017-02-21');
INSERT INTO `mydb`.`FREE` (`Customer_ID`, `Free_RegistrationDate`) VALUES (1037, '2017-03-05');
INSERT INTO `mydb`.`FREE` (`Customer_ID`, `Free_RegistrationDate`) VALUES (1039, '2017-03-16');
INSERT INTO `mydb`.`FREE` (`Customer_ID`, `Free_RegistrationDate`) VALUES (1041, '2017-03-20');
INSERT INTO `mydb`.`FREE` (`Customer_ID`, `Free_RegistrationDate`) VALUES (1044, '2017-03-31');
INSERT INTO `mydb`.`FREE` (`Customer_ID`, `Free_RegistrationDate`) VALUES (1052, '2017-04-02');
INSERT INTO `mydb`.`FREE` (`Customer_ID`, `Free_RegistrationDate`) VALUES (1054, '2017-04-27');
INSERT INTO `mydb`.`FREE` (`Customer_ID`, `Free_RegistrationDate`) VALUES (1058, '2017-05-03');
INSERT INTO `mydb`.`FREE` (`Customer_ID`, `Free_RegistrationDate`) VALUES (1059, '2017-05-07');
INSERT INTO `mydb`.`FREE` (`Customer_ID`, `Free_RegistrationDate`) VALUES (1060, '2017-05-18');
INSERT INTO `mydb`.`FREE` (`Customer_ID`, `Free_RegistrationDate`) VALUES (1062, '2017-06-08');
INSERT INTO `mydb`.`FREE` (`Customer_ID`, `Free_RegistrationDate`) VALUES (1064, '2017-06-10');
INSERT INTO `mydb`.`FREE` (`Customer_ID`, `Free_RegistrationDate`) VALUES (1065, '2017-06-18');
INSERT INTO `mydb`.`FREE` (`Customer_ID`, `Free_RegistrationDate`) VALUES (1066, '2017-06-21');
INSERT INTO `mydb`.`FREE` (`Customer_ID`, `Free_RegistrationDate`) VALUES (1068, '2017-07-03');
INSERT INTO `mydb`.`FREE` (`Customer_ID`, `Free_RegistrationDate`) VALUES (1069, '2017-07-08');
INSERT INTO `mydb`.`FREE` (`Customer_ID`, `Free_RegistrationDate`) VALUES (1070, '2017-07-17');
INSERT INTO `mydb`.`FREE` (`Customer_ID`, `Free_RegistrationDate`) VALUES (1073, '2017-07-22');
INSERT INTO `mydb`.`FREE` (`Customer_ID`, `Free_RegistrationDate`) VALUES (1077, '2017-08-18');
INSERT INTO `mydb`.`FREE` (`Customer_ID`, `Free_RegistrationDate`) VALUES (1078, '2017-08-18');
INSERT INTO `mydb`.`FREE` (`Customer_ID`, `Free_RegistrationDate`) VALUES (1083, '2017-08-22');
INSERT INTO `mydb`.`FREE` (`Customer_ID`, `Free_RegistrationDate`) VALUES (1087, '2017-08-29');
INSERT INTO `mydb`.`FREE` (`Customer_ID`, `Free_RegistrationDate`) VALUES (1088, '2017-09-05');
INSERT INTO `mydb`.`FREE` (`Customer_ID`, `Free_RegistrationDate`) VALUES (1089, '2017-09-05');
INSERT INTO `mydb`.`FREE` (`Customer_ID`, `Free_RegistrationDate`) VALUES (1091, '2017-09-22');
INSERT INTO `mydb`.`FREE` (`Customer_ID`, `Free_RegistrationDate`) VALUES (1092, '2017-10-29');
INSERT INTO `mydb`.`FREE` (`Customer_ID`, `Free_RegistrationDate`) VALUES (1093, '2017-12-15');
INSERT INTO `mydb`.`FREE` (`Customer_ID`, `Free_RegistrationDate`) VALUES (1094, '2017-12-21');
INSERT INTO `mydb`.`FREE` (`Customer_ID`, `Free_RegistrationDate`) VALUES (1095, '2018-01-04');
INSERT INTO `mydb`.`FREE` (`Customer_ID`, `Free_RegistrationDate`) VALUES (1096, '2018-01-04');
INSERT INTO `mydb`.`FREE` (`Customer_ID`, `Free_RegistrationDate`) VALUES (1097, '2018-01-04');
INSERT INTO `mydb`.`FREE` (`Customer_ID`, `Free_RegistrationDate`) VALUES (1098, '2018-01-05');
INSERT INTO `mydb`.`FREE` (`Customer_ID`, `Free_RegistrationDate`) VALUES (1099, '2018-01-06');
INSERT INTO `mydb`.`PREMIUM` (`Customer_ID`, `Premium_StartDate`, `Premium_EndDate`, `Premium_Fee`) VALUES (1001, '2016-02-21', '2018-08-21', 60.67);
INSERT INTO `mydb`.`PREMIUM` (`Customer_ID`, `Premium_StartDate`, `Premium_EndDate`, `Premium_Fee`) VALUES (1005, '2016-03-25', '2019-01-25', 322);
INSERT INTO `mydb`.`PREMIUM` (`Customer_ID`, `Premium_StartDate`, `Premium_EndDate`, `Premium_Fee`) VALUES (1010, '2016-06-08', '2018-12-08', 182);
INSERT INTO `mydb`.`PREMIUM` (`Customer_ID`, `Premium_StartDate`, `Premium_EndDate`, `Premium_Fee`) VALUES (1011, '2016-07-10', '2019-02-10', 323.67);
INSERT INTO `mydb`.`PREMIUM` (`Customer_ID`, `Premium_StartDate`, `Premium_EndDate`, `Premium_Fee`) VALUES (1012, '2016-11-05', '2018-12-05', 199);
INSERT INTO `mydb`.`PREMIUM` (`Customer_ID`, `Premium_StartDate`, `Premium_EndDate`, `Premium_Fee`) VALUES (1016, '2016-12-06', '2019-01-06', 210.33);
INSERT INTO `mydb`.`PREMIUM` (`Customer_ID`, `Premium_StartDate`, `Premium_EndDate`, `Premium_Fee`) VALUES (1017, '2017-01-04', '2018-07-04', 181.33);
INSERT INTO `mydb`.`PREMIUM` (`Customer_ID`, `Premium_StartDate`, `Premium_EndDate`, `Premium_Fee`) VALUES (1021, '2017-01-29', '2018-11-29', 221.67);
INSERT INTO `mydb`.`PREMIUM` (`Customer_ID`, `Premium_StartDate`, `Premium_EndDate`, `Premium_Fee`) VALUES (1025, '2017-02-03', '2018-05-03', 149.67);
INSERT INTO `mydb`.`PREMIUM` (`Customer_ID`, `Premium_StartDate`, `Premium_EndDate`, `Premium_Fee`) VALUES (1028, '2017-02-06', '2018-08-06', 190.33);
INSERT INTO `mydb`.`PREMIUM` (`Customer_ID`, `Premium_StartDate`, `Premium_EndDate`, `Premium_Fee`) VALUES (1029, '2017-02-07', '2018-08-07', 189.33);
INSERT INTO `mydb`.`PREMIUM` (`Customer_ID`, `Premium_StartDate`, `Premium_EndDate`, `Premium_Fee`) VALUES (1033, '2017-02-09', '2018-05-09', 161.33);
INSERT INTO `mydb`.`PREMIUM` (`Customer_ID`, `Premium_StartDate`, `Premium_EndDate`, `Premium_Fee`) VALUES (1036, '2017-02-10', '2018-06-10', 170);
INSERT INTO `mydb`.`PREMIUM` (`Customer_ID`, `Premium_StartDate`, `Premium_EndDate`, `Premium_Fee`) VALUES (1038, '2017-02-15', '2019-02-15', 243.13);
INSERT INTO `mydb`.`PREMIUM` (`Customer_ID`, `Premium_StartDate`, `Premium_EndDate`, `Premium_Fee`) VALUES (1040, '2017-02-18', '2018-10-18', 201.67);
INSERT INTO `mydb`.`PREMIUM` (`Customer_ID`, `Premium_StartDate`, `Premium_EndDate`, `Premium_Fee`) VALUES (1042, '2017-03-02', '2018-08-02', 172.67);
INSERT INTO `mydb`.`PREMIUM` (`Customer_ID`, `Premium_StartDate`, `Premium_EndDate`, `Premium_Fee`) VALUES (1043, '2017-03-13', '2018-06-13', 160.67);
INSERT INTO `mydb`.`PREMIUM` (`Customer_ID`, `Premium_StartDate`, `Premium_EndDate`, `Premium_Fee`) VALUES (1045, '2017-03-17', '2018-09-17', 121.33);
INSERT INTO `mydb`.`PREMIUM` (`Customer_ID`, `Premium_StartDate`, `Premium_EndDate`, `Premium_Fee`) VALUES (1046, '2017-03-28', '2018-12-28', 221.67);
INSERT INTO `mydb`.`PREMIUM` (`Customer_ID`, `Premium_StartDate`, `Premium_EndDate`, `Premium_Fee`) VALUES (1047, '2017-03-30', '2018-05-02', 152.33);
INSERT INTO `mydb`.`PREMIUM` (`Customer_ID`, `Premium_StartDate`, `Premium_EndDate`, `Premium_Fee`) VALUES (1048, '2017-04-24', '2018-05-24', 151.67);
INSERT INTO `mydb`.`PREMIUM` (`Customer_ID`, `Premium_StartDate`, `Premium_EndDate`, `Premium_Fee`) VALUES (1049, '2017-04-30', '2018-11-30', 198.33);
INSERT INTO `mydb`.`PREMIUM` (`Customer_ID`, `Premium_StartDate`, `Premium_EndDate`, `Premium_Fee`) VALUES (1050, '2017-05-04', '2018-09-04', 161);
INSERT INTO `mydb`.`PREMIUM` (`Customer_ID`, `Premium_StartDate`, `Premium_EndDate`, `Premium_Fee`) VALUES (1051, '2017-05-15', '2018-07-15', 20.33);
INSERT INTO `mydb`.`PREMIUM` (`Customer_ID`, `Premium_StartDate`, `Premium_EndDate`, `Premium_Fee`) VALUES (1053, '2017-06-05', '2019-01-05', 191.33);
INSERT INTO `mydb`.`PREMIUM` (`Customer_ID`, `Premium_StartDate`, `Premium_EndDate`, `Premium_Fee`) VALUES (1055, '2017-06-07', '2019-03-07', 191);
INSERT INTO `mydb`.`PREMIUM` (`Customer_ID`, `Premium_StartDate`, `Premium_EndDate`, `Premium_Fee`) VALUES (1056, '2017-06-15', '2018-10-15', 171.33);
INSERT INTO `mydb`.`PREMIUM` (`Customer_ID`, `Premium_StartDate`, `Premium_EndDate`, `Premium_Fee`) VALUES (1057, '2017-06-18', '2018-06-18', 121.67);
INSERT INTO `mydb`.`PREMIUM` (`Customer_ID`, `Premium_StartDate`, `Premium_EndDate`, `Premium_Fee`) VALUES (1061, '2017-06-30', '2018-05-30', 111.33);
INSERT INTO `mydb`.`PREMIUM` (`Customer_ID`, `Premium_StartDate`, `Premium_EndDate`, `Premium_Fee`) VALUES (1063, '2017-07-05', '2018-07-05', 131.67);
INSERT INTO `mydb`.`PREMIUM` (`Customer_ID`, `Premium_StartDate`, `Premium_EndDate`, `Premium_Fee`) VALUES (1067, '2017-07-14', '2018-06-14', 111.67);
INSERT INTO `mydb`.`PREMIUM` (`Customer_ID`, `Premium_StartDate`, `Premium_EndDate`, `Premium_Fee`) VALUES (1071, '2017-07-19', '2018-05-19', 101.33);
INSERT INTO `mydb`.`PREMIUM` (`Customer_ID`, `Premium_StartDate`, `Premium_EndDate`, `Premium_Fee`) VALUES (1072, '2017-08-15', '2018-11-15', 150.67);
INSERT INTO `mydb`.`PREMIUM` (`Customer_ID`, `Premium_StartDate`, `Premium_EndDate`, `Premium_Fee`) VALUES (1074, '2017-08-15', '2018-11-15', 150.67);
INSERT INTO `mydb`.`PREMIUM` (`Customer_ID`, `Premium_StartDate`, `Premium_EndDate`, `Premium_Fee`) VALUES (1075, '2017-08-19', '2018-10-19', 150.33);
INSERT INTO `mydb`.`PREMIUM` (`Customer_ID`, `Premium_StartDate`, `Premium_EndDate`, `Premium_Fee`) VALUES (1076, '2017-08-26', '2018-07-26', 111.33);
INSERT INTO `mydb`.`PREMIUM` (`Customer_ID`, `Premium_StartDate`, `Premium_EndDate`, `Premium_Fee`) VALUES (1079, '2017-09-02', '2018-09-02', 121.67);
INSERT INTO `mydb`.`PREMIUM` (`Customer_ID`, `Premium_StartDate`, `Premium_EndDate`, `Premium_Fee`) VALUES (1080, '2017-09-02', '2018-07-02', 101);
INSERT INTO `mydb`.`PREMIUM` (`Customer_ID`, `Premium_StartDate`, `Premium_EndDate`, `Premium_Fee`) VALUES (1081, '2017-09-19', '2018-08-19', 161);
INSERT INTO `mydb`.`PREMIUM` (`Customer_ID`, `Premium_StartDate`, `Premium_EndDate`, `Premium_Fee`) VALUES (1082, '2017-10-26', '2018-05-26', 70.67);
INSERT INTO `mydb`.`PREMIUM` (`Customer_ID`, `Premium_StartDate`, `Premium_EndDate`, `Premium_Fee`) VALUES (1084, '2017-12-12', '2018-11-12', 111.67);
INSERT INTO `mydb`.`PREMIUM` (`Customer_ID`, `Premium_StartDate`, `Premium_EndDate`, `Premium_Fee`) VALUES (1085, '2017-12-18', '2018-09-18', 81);
INSERT INTO `mydb`.`PREMIUM` (`Customer_ID`, `Premium_StartDate`, `Premium_EndDate`, `Premium_Fee`) VALUES (1086, '2018-01-01', '2018-10-01', 110.33);
INSERT INTO `mydb`.`PREMIUM` (`Customer_ID`, `Premium_StartDate`, `Premium_EndDate`, `Premium_Fee`) VALUES (1090, '2018-01-01', '2018-07-01', 73.33);
INSERT INTO `mydb`.`PREMIUM` (`Customer_ID`, `Premium_StartDate`, `Premium_EndDate`, `Premium_Fee`) VALUES (1100, '2018-01-01', '2018-05-01', 40.33);
INSERT INTO `mydb`.`WISHLIST` (`Wishlist_ID`, `Customer_ID`, `Wishlist_Name`, `Wishlist_Description`) VALUES (6001, 1004, 'Kristen\'s Wishlist', 'eBooks');
INSERT INTO `mydb`.`WISHLIST` (`Wishlist_ID`, `Customer_ID`, `Wishlist_Name`, `Wishlist_Description`) VALUES (6002, 1005, 'Shaine\'s Wishlist', 'Favorite fruits');
INSERT INTO `mydb`.`WISHLIST` (`Wishlist_ID`, `Customer_ID`, `Wishlist_Name`, `Wishlist_Description`) VALUES (6003, 1013, 'Vincent\'s Wishlist', 'Love these breads');
INSERT INTO `mydb`.`WISHLIST` (`Wishlist_ID`, `Customer_ID`, `Wishlist_Name`, `Wishlist_Description`) VALUES (6004, 1018, 'Vivyanne\'s Wishlist', 'Cakes tasy af');
INSERT INTO `mydb`.`WISHLIST` (`Wishlist_ID`, `Customer_ID`, `Wishlist_Name`, `Wishlist_Description`) VALUES (6005, 1022, 'Jeddy\'s Wishlist', 'Tea-eater special');
INSERT INTO `mydb`.`WISHLIST` (`Wishlist_ID`, `Customer_ID`, `Wishlist_Name`, `Wishlist_Description`) VALUES (6006, 1030, 'Allan\'s Wishlist', 'Peppers, peppers, peppers!');
INSERT INTO `mydb`.`WISHLIST` (`Wishlist_ID`, `Customer_ID`, `Wishlist_Name`, `Wishlist_Description`) VALUES (6007, 1032, 'Jo-ann\'s Wishlist', 'delicious seasonings');
INSERT INTO `mydb`.`WISHLIST` (`Wishlist_ID`, `Customer_ID`, `Wishlist_Name`, `Wishlist_Description`) VALUES (6008, 1036, 'Anna-diane\'s Wishlist', 'Love to order');
INSERT INTO `mydb`.`WISHLIST` (`Wishlist_ID`, `Customer_ID`, `Wishlist_Name`, `Wishlist_Description`) VALUES (6009, 1039, 'Law\'s Wishlist', 'Law\'s finest selection! Buy them for me please');
INSERT INTO `mydb`.`WISHLIST` (`Wishlist_ID`, `Customer_ID`, `Wishlist_Name`, `Wishlist_Description`) VALUES (6010, 1054, 'Freida\'s Wishlist', 'Soups mon dieu! ');
INSERT INTO `mydb`.`WISHLIST` (`Wishlist_ID`, `Customer_ID`, `Wishlist_Name`, `Wishlist_Description`) VALUES (6011, 1062, 'Trey\'s Wishlist', 'Ridiculously tasty soups');
INSERT INTO `mydb`.`WISHLIST` (`Wishlist_ID`, `Customer_ID`, `Wishlist_Name`, `Wishlist_Description`) VALUES (6012, 1069, 'Holly\'s Wishlist', 'I love bees! I said bears? I\'m drunk lmfao');
INSERT INTO `mydb`.`WISHLIST` (`Wishlist_ID`, `Customer_ID`, `Wishlist_Name`, `Wishlist_Description`) VALUES (6013, 1078, 'Elianore\'s Wishlist', 'Bunch of regulars - beers and peppers!');
INSERT INTO `mydb`.`WISHLIST` (`Wishlist_ID`, `Customer_ID`, `Wishlist_Name`, `Wishlist_Description`) VALUES (6014, 1081, 'Colas\'s Wishlist', 'I am a monster. I eat anything.');
INSERT INTO `mydb`.`CATEGORY` (`Category_ID`, `Category_Name`, `Category_Description`) VALUES (4001, 'Baking Cake eBook', 'Available in 2 formats: For Kindle and any PDF reader ');
INSERT INTO `mydb`.`CATEGORY` (`Category_ID`, `Category_Name`, `Category_Description`) VALUES (4002, 'Art of Making Salads eBook', 'Interactive videobook ');
INSERT INTO `mydb`.`CATEGORY` (`Category_ID`, `Category_Name`, `Category_Description`) VALUES (4003, 'Art of Making Soups eBook', 'Interactive videobook ');
INSERT INTO `mydb`.`CATEGORY` (`Category_ID`, `Category_Name`, `Category_Description`) VALUES (4004, 'Professional Cooking eBook', 'Available in 2 formats: For Kindle and any PDF reader ');
INSERT INTO `mydb`.`CATEGORY` (`Category_ID`, `Category_Name`, `Category_Description`) VALUES (4005, 'Herbs and Spices eBook', 'Available in 2 formats: For Kindle and any PDF reader ');
INSERT INTO `mydb`.`CATEGORY` (`Category_ID`, `Category_Name`, `Category_Description`) VALUES (4006, 'Fresh Fruits', 'Ready to eat! Washed and properly boxed');
INSERT INTO `mydb`.`CATEGORY` (`Category_ID`, `Category_Name`, `Category_Description`) VALUES (4007, 'Fresh Breads', 'White breads, fresh and tasy');
INSERT INTO `mydb`.`CATEGORY` (`Category_ID`, `Category_Name`, `Category_Description`) VALUES (4008, 'Cakes', 'Fresh and delicious, with beautiful design and tasty toppings');
INSERT INTO `mydb`.`CATEGORY` (`Category_ID`, `Category_Name`, `Category_Description`) VALUES (4009, 'Lettuces', 'Essential for salad lovers');
INSERT INTO `mydb`.`CATEGORY` (`Category_ID`, `Category_Name`, `Category_Description`) VALUES (4010, 'Teabags', 'Contains: 15 high quality, tasy recyclable teabags');
INSERT INTO `mydb`.`CATEGORY` (`Category_ID`, `Category_Name`, `Category_Description`) VALUES (4011, 'Peppers', 'Variety of different peppers as it is essential for flavoring every meal');
INSERT INTO `mydb`.`CATEGORY` (`Category_ID`, `Category_Name`, `Category_Description`) VALUES (4012, 'Chocolates', 'Self-explanatory!');
INSERT INTO `mydb`.`CATEGORY` (`Category_ID`, `Category_Name`, `Category_Description`) VALUES (4013, 'Pastry boxes', 'Delicious, fresh and sweet');
INSERT INTO `mydb`.`CATEGORY` (`Category_ID`, `Category_Name`, `Category_Description`) VALUES (4014, 'Table Cloths', 'Extra-clean ultra high definition white table cloths');
INSERT INTO `mydb`.`CATEGORY` (`Category_ID`, `Category_Name`, `Category_Description`) VALUES (4015, 'Soups', 'Ready-to-eat! Just 3 minutes on microwave and voila! Each bag contains 5 packets.');
INSERT INTO `mydb`.`CATEGORY` (`Category_ID`, `Category_Name`, `Category_Description`) VALUES (4016, 'Beverages', 'For thirsty ones!');
INSERT INTO `mydb`.`PRODUCT` (`Product_ID`, `Category_ID`, `Product_Name`, `Product_Type`) VALUES (3001, 4001, 'How to Bake a Lemon Cake?', 'Digital');
INSERT INTO `mydb`.`PRODUCT` (`Product_ID`, `Category_ID`, `Product_Name`, `Product_Type`) VALUES (3002, 4001, 'How to Bake an Orange Cake?', 'Digital');
INSERT INTO `mydb`.`PRODUCT` (`Product_ID`, `Category_ID`, `Product_Name`, `Product_Type`) VALUES (3003, 4002, 'Making a delicious Salad', 'Digital');
INSERT INTO `mydb`.`PRODUCT` (`Product_ID`, `Category_ID`, `Product_Name`, `Product_Type`) VALUES (3004, 4003, 'Making a delicious Soup', 'Digital');
INSERT INTO `mydb`.`PRODUCT` (`Product_ID`, `Category_ID`, `Product_Name`, `Product_Type`) VALUES (3005, 4004, 'Cooking 101', 'Digital');
INSERT INTO `mydb`.`PRODUCT` (`Product_ID`, `Category_ID`, `Product_Name`, `Product_Type`) VALUES (3006, 4004, 'Cooking 382', 'Digital');
INSERT INTO `mydb`.`PRODUCT` (`Product_ID`, `Category_ID`, `Product_Name`, `Product_Type`) VALUES (3007, 4005, 'All About Herbs', 'Digital');
INSERT INTO `mydb`.`PRODUCT` (`Product_ID`, `Category_ID`, `Product_Name`, `Product_Type`) VALUES (3008, 4006, 'Apple - Red', 'Physical');
INSERT INTO `mydb`.`PRODUCT` (`Product_ID`, `Category_ID`, `Product_Name`, `Product_Type`) VALUES (3009, 4006, 'Banana - Green', 'Physical');
INSERT INTO `mydb`.`PRODUCT` (`Product_ID`, `Category_ID`, `Product_Name`, `Product_Type`) VALUES (3010, 4006, 'Apple - Green', 'Physical');
INSERT INTO `mydb`.`PRODUCT` (`Product_ID`, `Category_ID`, `Product_Name`, `Product_Type`) VALUES (3011, 4006, 'Banana - Yellow', 'Physical');
INSERT INTO `mydb`.`PRODUCT` (`Product_ID`, `Category_ID`, `Product_Name`, `Product_Type`) VALUES (3012, 4007, 'Bread - Bagels, Mini', 'Physical');
INSERT INTO `mydb`.`PRODUCT` (`Product_ID`, `Category_ID`, `Product_Name`, `Product_Type`) VALUES (3013, 4007, 'Bread - Roll, Italian', 'Physical');
INSERT INTO `mydb`.`PRODUCT` (`Product_ID`, `Category_ID`, `Product_Name`, `Product_Type`) VALUES (3014, 4007, 'Bread - Sticks, Thin, Plain', 'Physical');
INSERT INTO `mydb`.`PRODUCT` (`Product_ID`, `Category_ID`, `Product_Name`, `Product_Type`) VALUES (3015, 4007, 'Bread Foccacia Whole', 'Physical');
INSERT INTO `mydb`.`PRODUCT` (`Product_ID`, `Category_ID`, `Product_Name`, `Product_Type`) VALUES (3016, 4007, 'Bread - Bagels, Large', 'Physical');
INSERT INTO `mydb`.`PRODUCT` (`Product_ID`, `Category_ID`, `Product_Name`, `Product_Type`) VALUES (3017, 4007, 'Bread - Roll, Italian XL', 'Physical');
INSERT INTO `mydb`.`PRODUCT` (`Product_ID`, `Category_ID`, `Product_Name`, `Product_Type`) VALUES (3018, 4007, 'Bread - Sticks, Thin, Round', 'Physical');
INSERT INTO `mydb`.`PRODUCT` (`Product_ID`, `Category_ID`, `Product_Name`, `Product_Type`) VALUES (3019, 4008, 'Cake - Bande Of Fruit Large', 'Physical');
INSERT INTO `mydb`.`PRODUCT` (`Product_ID`, `Category_ID`, `Product_Name`, `Product_Type`) VALUES (3020, 4008, 'Cake - French Pear Tart Large', 'Physical');
INSERT INTO `mydb`.`PRODUCT` (`Product_ID`, `Category_ID`, `Product_Name`, `Product_Type`) VALUES (3021, 4008, 'Cake Slab Small', 'Physical');
INSERT INTO `mydb`.`PRODUCT` (`Product_ID`, `Category_ID`, `Product_Name`, `Product_Type`) VALUES (3022, 4008, 'Cake - Bande Of Fruit Mini', 'Physical');
INSERT INTO `mydb`.`PRODUCT` (`Product_ID`, `Category_ID`, `Product_Name`, `Product_Type`) VALUES (3023, 4008, 'Cake - French Pear Tart XL', 'Physical');
INSERT INTO `mydb`.`PRODUCT` (`Product_ID`, `Category_ID`, `Product_Name`, `Product_Type`) VALUES (3024, 4008, 'Cake Slab Medium', 'Physical');
INSERT INTO `mydb`.`PRODUCT` (`Product_ID`, `Category_ID`, `Product_Name`, `Product_Type`) VALUES (3025, 4008, 'Cake - Bande Of Fruit', 'Physical');
INSERT INTO `mydb`.`PRODUCT` (`Product_ID`, `Category_ID`, `Product_Name`, `Product_Type`) VALUES (3026, 4008, 'Cake - French Pear Tart', 'Physical');
INSERT INTO `mydb`.`PRODUCT` (`Product_ID`, `Category_ID`, `Product_Name`, `Product_Type`) VALUES (3027, 4008, 'Cake Slab Large', 'Physical');
INSERT INTO `mydb`.`PRODUCT` (`Product_ID`, `Category_ID`, `Product_Name`, `Product_Type`) VALUES (3028, 4009, 'Lettuce - California Mix', 'Physical');
INSERT INTO `mydb`.`PRODUCT` (`Product_ID`, `Category_ID`, `Product_Name`, `Product_Type`) VALUES (3029, 4009, 'Lettuce - Frisee', 'Physical');
INSERT INTO `mydb`.`PRODUCT` (`Product_ID`, `Category_ID`, `Product_Name`, `Product_Type`) VALUES (3030, 4009, 'Lettuce - California Deluxe', 'Physical');
INSERT INTO `mydb`.`PRODUCT` (`Product_ID`, `Category_ID`, `Product_Name`, `Product_Type`) VALUES (3031, 4010, 'Tea - Camomele', 'Physical');
INSERT INTO `mydb`.`PRODUCT` (`Product_ID`, `Category_ID`, `Product_Name`, `Product_Type`) VALUES (3032, 4010, 'Tea - Darjeeling, Azzura Lite', 'Physical');
INSERT INTO `mydb`.`PRODUCT` (`Product_ID`, `Category_ID`, `Product_Name`, `Product_Type`) VALUES (3033, 4010, 'Tea - Mint', 'Physical');
INSERT INTO `mydb`.`PRODUCT` (`Product_ID`, `Category_ID`, `Product_Name`, `Product_Type`) VALUES (3034, 4010, 'Tea - Orange Pekoe', 'Physical');
INSERT INTO `mydb`.`PRODUCT` (`Product_ID`, `Category_ID`, `Product_Name`, `Product_Type`) VALUES (3035, 4010, 'Tea - Camomele Lite', 'Physical');
INSERT INTO `mydb`.`PRODUCT` (`Product_ID`, `Category_ID`, `Product_Name`, `Product_Type`) VALUES (3036, 4010, 'Tea - Darjeeling, Azzura', 'Physical');
INSERT INTO `mydb`.`PRODUCT` (`Product_ID`, `Category_ID`, `Product_Name`, `Product_Type`) VALUES (3037, 4010, 'Tea - Mint Chocolate', 'Physical');
INSERT INTO `mydb`.`PRODUCT` (`Product_ID`, `Category_ID`, `Product_Name`, `Product_Type`) VALUES (3038, 4010, 'Tea - Orange Cake', 'Physical');
INSERT INTO `mydb`.`PRODUCT` (`Product_ID`, `Category_ID`, `Product_Name`, `Product_Type`) VALUES (3039, 4011, 'Pepper - Orange', 'Physical');
INSERT INTO `mydb`.`PRODUCT` (`Product_ID`, `Category_ID`, `Product_Name`, `Product_Type`) VALUES (3040, 4011, 'Pepper - Pablano', 'Physical');
INSERT INTO `mydb`.`PRODUCT` (`Product_ID`, `Category_ID`, `Product_Name`, `Product_Type`) VALUES (3041, 4011, 'Pepper - Red', 'Physical');
INSERT INTO `mydb`.`PRODUCT` (`Product_ID`, `Category_ID`, `Product_Name`, `Product_Type`) VALUES (3042, 4011, 'Pepper - Mix', 'Physical');
INSERT INTO `mydb`.`PRODUCT` (`Product_ID`, `Category_ID`, `Product_Name`, `Product_Type`) VALUES (3043, 4011, 'Pepper - Lemon Mini', 'Physical');
INSERT INTO `mydb`.`PRODUCT` (`Product_ID`, `Category_ID`, `Product_Name`, `Product_Type`) VALUES (3044, 4011, 'Pepper - Lemon', 'Physical');
INSERT INTO `mydb`.`PRODUCT` (`Product_ID`, `Category_ID`, `Product_Name`, `Product_Type`) VALUES (3045, 4011, 'Pepper - Pablano Green', 'Physical');
INSERT INTO `mydb`.`PRODUCT` (`Product_ID`, `Category_ID`, `Product_Name`, `Product_Type`) VALUES (3046, 4011, 'Pepper - Red Black', 'Physical');
INSERT INTO `mydb`.`PRODUCT` (`Product_ID`, `Category_ID`, `Product_Name`, `Product_Type`) VALUES (3047, 4011, 'Pepper - Mix Chili', 'Physical');
INSERT INTO `mydb`.`PRODUCT` (`Product_ID`, `Category_ID`, `Product_Name`, `Product_Type`) VALUES (3048, 4011, 'Pepper - Mix Chili Lemon', 'Physical');
INSERT INTO `mydb`.`PRODUCT` (`Product_ID`, `Category_ID`, `Product_Name`, `Product_Type`) VALUES (3049, 4012, 'Chocolate Bar - Smarties', 'Physical');
INSERT INTO `mydb`.`PRODUCT` (`Product_ID`, `Category_ID`, `Product_Name`, `Product_Type`) VALUES (3050, 4012, 'Chocolate Bar - Smarties XL', 'Physical');
INSERT INTO `mydb`.`PRODUCT` (`Product_ID`, `Category_ID`, `Product_Name`, `Product_Type`) VALUES (3051, 4012, 'Chocolate Bar - Smarties Mini', 'Physical');
INSERT INTO `mydb`.`PRODUCT` (`Product_ID`, `Category_ID`, `Product_Name`, `Product_Type`) VALUES (3052, 4012, 'Chocolate Box - Smarties XL', 'Physical');
INSERT INTO `mydb`.`PRODUCT` (`Product_ID`, `Category_ID`, `Product_Name`, `Product_Type`) VALUES (3053, 4012, 'Chocolate Box - Gift Smarties', 'Physical');
INSERT INTO `mydb`.`PRODUCT` (`Product_ID`, `Category_ID`, `Product_Name`, `Product_Type`) VALUES (3054, 4012, 'Chocolate Box - Smarties For Children', 'Physical');
INSERT INTO `mydb`.`PRODUCT` (`Product_ID`, `Category_ID`, `Product_Name`, `Product_Type`) VALUES (3055, 4013, 'Pastry - Apple Muffins - Mini', 'Physical');
INSERT INTO `mydb`.`PRODUCT` (`Product_ID`, `Category_ID`, `Product_Name`, `Product_Type`) VALUES (3056, 4013, 'Pastry - Cheese Baked Scones', 'Physical');
INSERT INTO `mydb`.`PRODUCT` (`Product_ID`, `Category_ID`, `Product_Name`, `Product_Type`) VALUES (3057, 4013, 'Pastry - Apple Muffins', 'Physical');
INSERT INTO `mydb`.`PRODUCT` (`Product_ID`, `Category_ID`, `Product_Name`, `Product_Type`) VALUES (3058, 4014, 'Table Cloth 54x72 White', 'Physical');
INSERT INTO `mydb`.`PRODUCT` (`Product_ID`, `Category_ID`, `Product_Name`, `Product_Type`) VALUES (3059, 4014, 'Table Cloth 62x120 White', 'Physical');
INSERT INTO `mydb`.`PRODUCT` (`Product_ID`, `Category_ID`, `Product_Name`, `Product_Type`) VALUES (3060, 4014, 'Table Cloth 42x64 White', 'Physical');
INSERT INTO `mydb`.`PRODUCT` (`Product_ID`, `Category_ID`, `Product_Name`, `Product_Type`) VALUES (3061, 4014, 'Table Cloth 30x52 White', 'Physical');
INSERT INTO `mydb`.`PRODUCT` (`Product_ID`, `Category_ID`, `Product_Name`, `Product_Type`) VALUES (3062, 4014, 'Table Cloth 74x150 White', 'Physical');
INSERT INTO `mydb`.`PRODUCT` (`Product_ID`, `Category_ID`, `Product_Name`, `Product_Type`) VALUES (3063, 4015, 'Soup - Campbells French Noodle', 'Physical');
INSERT INTO `mydb`.`PRODUCT` (`Product_ID`, `Category_ID`, `Product_Name`, `Product_Type`) VALUES (3064, 4015, 'Soup - Campbells Chili Vegan', 'Physical');
INSERT INTO `mydb`.`PRODUCT` (`Product_ID`, `Category_ID`, `Product_Name`, `Product_Type`) VALUES (3065, 4015, 'Soup - Campbells Italian Noodle', 'Physical');
INSERT INTO `mydb`.`PRODUCT` (`Product_ID`, `Category_ID`, `Product_Name`, `Product_Type`) VALUES (3066, 4015, 'Soup - Campbells', 'Physical');
INSERT INTO `mydb`.`PRODUCT` (`Product_ID`, `Category_ID`, `Product_Name`, `Product_Type`) VALUES (3067, 4015, 'Soup - Campbells Asian Noodle', 'Physical');
INSERT INTO `mydb`.`PRODUCT` (`Product_ID`, `Category_ID`, `Product_Name`, `Product_Type`) VALUES (3068, 4015, 'Soup - Campbells Chili', 'Physical');
INSERT INTO `mydb`.`PRODUCT` (`Product_ID`, `Category_ID`, `Product_Name`, `Product_Type`) VALUES (3069, 4016, 'Beer - Upper Canada Light - Apple 6x', 'Physical');
INSERT INTO `mydb`.`PRODUCT` (`Product_ID`, `Category_ID`, `Product_Name`, `Product_Type`) VALUES (3070, 4016, 'Beer - Upper Canada Light - Apple 12x', 'Physical');
INSERT INTO `mydb`.`WISHLIST_PRODUCT` (`Wishlist_ID`, `Product_ID`) VALUES (6001, 3003);
INSERT INTO `mydb`.`WISHLIST_PRODUCT` (`Wishlist_ID`, `Product_ID`) VALUES (6001, 3004);
INSERT INTO `mydb`.`WISHLIST_PRODUCT` (`Wishlist_ID`, `Product_ID`) VALUES (6002, 3009);
INSERT INTO `mydb`.`WISHLIST_PRODUCT` (`Wishlist_ID`, `Product_ID`) VALUES (6002, 3010);
INSERT INTO `mydb`.`WISHLIST_PRODUCT` (`Wishlist_ID`, `Product_ID`) VALUES (6003, 3013);
INSERT INTO `mydb`.`WISHLIST_PRODUCT` (`Wishlist_ID`, `Product_ID`) VALUES (6003, 3016);
INSERT INTO `mydb`.`WISHLIST_PRODUCT` (`Wishlist_ID`, `Product_ID`) VALUES (6003, 3018);
INSERT INTO `mydb`.`WISHLIST_PRODUCT` (`Wishlist_ID`, `Product_ID`) VALUES (6004, 3022);
INSERT INTO `mydb`.`WISHLIST_PRODUCT` (`Wishlist_ID`, `Product_ID`) VALUES (6004, 3025);
INSERT INTO `mydb`.`WISHLIST_PRODUCT` (`Wishlist_ID`, `Product_ID`) VALUES (6004, 3026);
INSERT INTO `mydb`.`WISHLIST_PRODUCT` (`Wishlist_ID`, `Product_ID`) VALUES (6005, 3032);
INSERT INTO `mydb`.`WISHLIST_PRODUCT` (`Wishlist_ID`, `Product_ID`) VALUES (6005, 3033);
INSERT INTO `mydb`.`WISHLIST_PRODUCT` (`Wishlist_ID`, `Product_ID`) VALUES (6005, 3034);
INSERT INTO `mydb`.`WISHLIST_PRODUCT` (`Wishlist_ID`, `Product_ID`) VALUES (6005, 3035);
INSERT INTO `mydb`.`WISHLIST_PRODUCT` (`Wishlist_ID`, `Product_ID`) VALUES (6005, 3036);
INSERT INTO `mydb`.`WISHLIST_PRODUCT` (`Wishlist_ID`, `Product_ID`) VALUES (6006, 3039);
INSERT INTO `mydb`.`WISHLIST_PRODUCT` (`Wishlist_ID`, `Product_ID`) VALUES (6006, 3040);
INSERT INTO `mydb`.`WISHLIST_PRODUCT` (`Wishlist_ID`, `Product_ID`) VALUES (6006, 3041);
INSERT INTO `mydb`.`WISHLIST_PRODUCT` (`Wishlist_ID`, `Product_ID`) VALUES (6006, 3042);
INSERT INTO `mydb`.`WISHLIST_PRODUCT` (`Wishlist_ID`, `Product_ID`) VALUES (6006, 3043);
INSERT INTO `mydb`.`WISHLIST_PRODUCT` (`Wishlist_ID`, `Product_ID`) VALUES (6007, 3042);
INSERT INTO `mydb`.`WISHLIST_PRODUCT` (`Wishlist_ID`, `Product_ID`) VALUES (6007, 3043);
INSERT INTO `mydb`.`WISHLIST_PRODUCT` (`Wishlist_ID`, `Product_ID`) VALUES (6007, 3044);
INSERT INTO `mydb`.`WISHLIST_PRODUCT` (`Wishlist_ID`, `Product_ID`) VALUES (6008, 3043);
INSERT INTO `mydb`.`WISHLIST_PRODUCT` (`Wishlist_ID`, `Product_ID`) VALUES (6008, 3051);
INSERT INTO `mydb`.`WISHLIST_PRODUCT` (`Wishlist_ID`, `Product_ID`) VALUES (6008, 3059);
INSERT INTO `mydb`.`WISHLIST_PRODUCT` (`Wishlist_ID`, `Product_ID`) VALUES (6009, 3050);
INSERT INTO `mydb`.`WISHLIST_PRODUCT` (`Wishlist_ID`, `Product_ID`) VALUES (6009, 3054);
INSERT INTO `mydb`.`WISHLIST_PRODUCT` (`Wishlist_ID`, `Product_ID`) VALUES (6009, 3055);
INSERT INTO `mydb`.`WISHLIST_PRODUCT` (`Wishlist_ID`, `Product_ID`) VALUES (6009, 3056);
INSERT INTO `mydb`.`WISHLIST_PRODUCT` (`Wishlist_ID`, `Product_ID`) VALUES (6009, 3057);
INSERT INTO `mydb`.`WISHLIST_PRODUCT` (`Wishlist_ID`, `Product_ID`) VALUES (6009, 3034);
INSERT INTO `mydb`.`WISHLIST_PRODUCT` (`Wishlist_ID`, `Product_ID`) VALUES (6009, 3035);
INSERT INTO `mydb`.`WISHLIST_PRODUCT` (`Wishlist_ID`, `Product_ID`) VALUES (6009, 3036);
INSERT INTO `mydb`.`WISHLIST_PRODUCT` (`Wishlist_ID`, `Product_ID`) VALUES (6009, 3037);
INSERT INTO `mydb`.`WISHLIST_PRODUCT` (`Wishlist_ID`, `Product_ID`) VALUES (6010, 3064);
INSERT INTO `mydb`.`WISHLIST_PRODUCT` (`Wishlist_ID`, `Product_ID`) VALUES (6010, 3065);
INSERT INTO `mydb`.`WISHLIST_PRODUCT` (`Wishlist_ID`, `Product_ID`) VALUES (6010, 3066);
INSERT INTO `mydb`.`WISHLIST_PRODUCT` (`Wishlist_ID`, `Product_ID`) VALUES (6011, 3064);
INSERT INTO `mydb`.`WISHLIST_PRODUCT` (`Wishlist_ID`, `Product_ID`) VALUES (6011, 3065);
INSERT INTO `mydb`.`WISHLIST_PRODUCT` (`Wishlist_ID`, `Product_ID`) VALUES (6012, 3070);
INSERT INTO `mydb`.`WISHLIST_PRODUCT` (`Wishlist_ID`, `Product_ID`) VALUES (6013, 3041);
INSERT INTO `mydb`.`WISHLIST_PRODUCT` (`Wishlist_ID`, `Product_ID`) VALUES (6013, 3042);
INSERT INTO `mydb`.`WISHLIST_PRODUCT` (`Wishlist_ID`, `Product_ID`) VALUES (6013, 3043);
INSERT INTO `mydb`.`WISHLIST_PRODUCT` (`Wishlist_ID`, `Product_ID`) VALUES (6013, 3070);
INSERT INTO `mydb`.`WISHLIST_PRODUCT` (`Wishlist_ID`, `Product_ID`) VALUES (6014, 3001);
INSERT INTO `mydb`.`WISHLIST_PRODUCT` (`Wishlist_ID`, `Product_ID`) VALUES (6014, 3002);
INSERT INTO `mydb`.`WISHLIST_PRODUCT` (`Wishlist_ID`, `Product_ID`) VALUES (6014, 3003);
INSERT INTO `mydb`.`WISHLIST_PRODUCT` (`Wishlist_ID`, `Product_ID`) VALUES (6014, 3004);
INSERT INTO `mydb`.`WISHLIST_PRODUCT` (`Wishlist_ID`, `Product_ID`) VALUES (6014, 3005);
INSERT INTO `mydb`.`WISHLIST_PRODUCT` (`Wishlist_ID`, `Product_ID`) VALUES (6014, 3006);
INSERT INTO `mydb`.`WISHLIST_PRODUCT` (`Wishlist_ID`, `Product_ID`) VALUES (6014, 3007);
INSERT INTO `mydb`.`WISHLIST_PRODUCT` (`Wishlist_ID`, `Product_ID`) VALUES (6014, 3008);
INSERT INTO `mydb`.`WISHLIST_PRODUCT` (`Wishlist_ID`, `Product_ID`) VALUES (6014, 3009);
INSERT INTO `mydb`.`WISHLIST_PRODUCT` (`Wishlist_ID`, `Product_ID`) VALUES (6014, 3010);
INSERT INTO `mydb`.`WISHLIST_PRODUCT` (`Wishlist_ID`, `Product_ID`) VALUES (6014, 3011);
INSERT INTO `mydb`.`WISHLIST_PRODUCT` (`Wishlist_ID`, `Product_ID`) VALUES (6014, 3012);
INSERT INTO `mydb`.`WISHLIST_PRODUCT` (`Wishlist_ID`, `Product_ID`) VALUES (6014, 3013);
INSERT INTO `mydb`.`WISHLIST_PRODUCT` (`Wishlist_ID`, `Product_ID`) VALUES (6014, 3014);
INSERT INTO `mydb`.`WISHLIST_PRODUCT` (`Wishlist_ID`, `Product_ID`) VALUES (6014, 3015);
INSERT INTO `mydb`.`WISHLIST_PRODUCT` (`Wishlist_ID`, `Product_ID`) VALUES (6014, 3016);
INSERT INTO `mydb`.`WISHLIST_PRODUCT` (`Wishlist_ID`, `Product_ID`) VALUES (6014, 3017);
INSERT INTO `mydb`.`WISHLIST_PRODUCT` (`Wishlist_ID`, `Product_ID`) VALUES (6014, 3018);
INSERT INTO `mydb`.`WISHLIST_PRODUCT` (`Wishlist_ID`, `Product_ID`) VALUES (6014, 3019);
INSERT INTO `mydb`.`WISHLIST_PRODUCT` (`Wishlist_ID`, `Product_ID`) VALUES (6014, 3020);
INSERT INTO `mydb`.`WISHLIST_PRODUCT` (`Wishlist_ID`, `Product_ID`) VALUES (6014, 3021);
INSERT INTO `mydb`.`WISHLIST_PRODUCT` (`Wishlist_ID`, `Product_ID`) VALUES (6014, 3022);
INSERT INTO `mydb`.`WISHLIST_PRODUCT` (`Wishlist_ID`, `Product_ID`) VALUES (6014, 3023);
INSERT INTO `mydb`.`WISHLIST_PRODUCT` (`Wishlist_ID`, `Product_ID`) VALUES (6014, 3024);
INSERT INTO `mydb`.`WISHLIST_PRODUCT` (`Wishlist_ID`, `Product_ID`) VALUES (6014, 3025);
INSERT INTO `mydb`.`WISHLIST_PRODUCT` (`Wishlist_ID`, `Product_ID`) VALUES (6014, 3026);
INSERT INTO `mydb`.`WISHLIST_PRODUCT` (`Wishlist_ID`, `Product_ID`) VALUES (6014, 3027);
INSERT INTO `mydb`.`WISHLIST_PRODUCT` (`Wishlist_ID`, `Product_ID`) VALUES (6014, 3028);
INSERT INTO `mydb`.`WISHLIST_PRODUCT` (`Wishlist_ID`, `Product_ID`) VALUES (6014, 3029);
INSERT INTO `mydb`.`WISHLIST_PRODUCT` (`Wishlist_ID`, `Product_ID`) VALUES (6014, 3030);
INSERT INTO `mydb`.`WISHLIST_PRODUCT` (`Wishlist_ID`, `Product_ID`) VALUES (6014, 3031);
INSERT INTO `mydb`.`WISHLIST_PRODUCT` (`Wishlist_ID`, `Product_ID`) VALUES (6014, 3032);
INSERT INTO `mydb`.`WISHLIST_PRODUCT` (`Wishlist_ID`, `Product_ID`) VALUES (6014, 3033);
INSERT INTO `mydb`.`WISHLIST_PRODUCT` (`Wishlist_ID`, `Product_ID`) VALUES (6014, 3034);
INSERT INTO `mydb`.`WISHLIST_PRODUCT` (`Wishlist_ID`, `Product_ID`) VALUES (6014, 3035);
INSERT INTO `mydb`.`WISHLIST_PRODUCT` (`Wishlist_ID`, `Product_ID`) VALUES (6014, 3036);
INSERT INTO `mydb`.`WISHLIST_PRODUCT` (`Wishlist_ID`, `Product_ID`) VALUES (6014, 3037);
INSERT INTO `mydb`.`WISHLIST_PRODUCT` (`Wishlist_ID`, `Product_ID`) VALUES (6014, 3038);
INSERT INTO `mydb`.`WISHLIST_PRODUCT` (`Wishlist_ID`, `Product_ID`) VALUES (6014, 3039);
INSERT INTO `mydb`.`WISHLIST_PRODUCT` (`Wishlist_ID`, `Product_ID`) VALUES (6014, 3040);
INSERT INTO `mydb`.`WISHLIST_PRODUCT` (`Wishlist_ID`, `Product_ID`) VALUES (6014, 3041);
INSERT INTO `mydb`.`WISHLIST_PRODUCT` (`Wishlist_ID`, `Product_ID`) VALUES (6014, 3042);
INSERT INTO `mydb`.`WISHLIST_PRODUCT` (`Wishlist_ID`, `Product_ID`) VALUES (6014, 3043);
INSERT INTO `mydb`.`WISHLIST_PRODUCT` (`Wishlist_ID`, `Product_ID`) VALUES (6014, 3044);
INSERT INTO `mydb`.`WISHLIST_PRODUCT` (`Wishlist_ID`, `Product_ID`) VALUES (6014, 3045);
INSERT INTO `mydb`.`WISHLIST_PRODUCT` (`Wishlist_ID`, `Product_ID`) VALUES (6014, 3046);
INSERT INTO `mydb`.`WISHLIST_PRODUCT` (`Wishlist_ID`, `Product_ID`) VALUES (6014, 3047);
INSERT INTO `mydb`.`WISHLIST_PRODUCT` (`Wishlist_ID`, `Product_ID`) VALUES (6014, 3048);
INSERT INTO `mydb`.`WISHLIST_PRODUCT` (`Wishlist_ID`, `Product_ID`) VALUES (6014, 3049);
INSERT INTO `mydb`.`WISHLIST_PRODUCT` (`Wishlist_ID`, `Product_ID`) VALUES (6014, 3050);
INSERT INTO `mydb`.`WISHLIST_PRODUCT` (`Wishlist_ID`, `Product_ID`) VALUES (6014, 3051);
INSERT INTO `mydb`.`WISHLIST_PRODUCT` (`Wishlist_ID`, `Product_ID`) VALUES (6014, 3052);
INSERT INTO `mydb`.`WISHLIST_PRODUCT` (`Wishlist_ID`, `Product_ID`) VALUES (6014, 3053);
INSERT INTO `mydb`.`WISHLIST_PRODUCT` (`Wishlist_ID`, `Product_ID`) VALUES (6014, 3054);
INSERT INTO `mydb`.`WISHLIST_PRODUCT` (`Wishlist_ID`, `Product_ID`) VALUES (6014, 3055);
INSERT INTO `mydb`.`WISHLIST_PRODUCT` (`Wishlist_ID`, `Product_ID`) VALUES (6014, 3056);
INSERT INTO `mydb`.`WISHLIST_PRODUCT` (`Wishlist_ID`, `Product_ID`) VALUES (6014, 3057);
INSERT INTO `mydb`.`WISHLIST_PRODUCT` (`Wishlist_ID`, `Product_ID`) VALUES (6014, 3058);
INSERT INTO `mydb`.`WISHLIST_PRODUCT` (`Wishlist_ID`, `Product_ID`) VALUES (6014, 3059);
INSERT INTO `mydb`.`WISHLIST_PRODUCT` (`Wishlist_ID`, `Product_ID`) VALUES (6014, 3060);
INSERT INTO `mydb`.`WISHLIST_PRODUCT` (`Wishlist_ID`, `Product_ID`) VALUES (6014, 3061);
INSERT INTO `mydb`.`WISHLIST_PRODUCT` (`Wishlist_ID`, `Product_ID`) VALUES (6014, 3062);
INSERT INTO `mydb`.`WISHLIST_PRODUCT` (`Wishlist_ID`, `Product_ID`) VALUES (6014, 3063);
INSERT INTO `mydb`.`WISHLIST_PRODUCT` (`Wishlist_ID`, `Product_ID`) VALUES (6014, 3064);
INSERT INTO `mydb`.`WISHLIST_PRODUCT` (`Wishlist_ID`, `Product_ID`) VALUES (6014, 3065);
INSERT INTO `mydb`.`WISHLIST_PRODUCT` (`Wishlist_ID`, `Product_ID`) VALUES (6014, 3066);
INSERT INTO `mydb`.`WISHLIST_PRODUCT` (`Wishlist_ID`, `Product_ID`) VALUES (6014, 3067);
INSERT INTO `mydb`.`WISHLIST_PRODUCT` (`Wishlist_ID`, `Product_ID`) VALUES (6014, 3068);
INSERT INTO `mydb`.`WISHLIST_PRODUCT` (`Wishlist_ID`, `Product_ID`) VALUES (6014, 3069);
INSERT INTO `mydb`.`WISHLIST_PRODUCT` (`Wishlist_ID`, `Product_ID`) VALUES (6014, 3070);
INSERT INTO `mydb`.`PHYSICAL` (`Product_ID`, `Physical_Weight_lbs`, `Physical_QuantityAvailable`) VALUES (3008, 4, 23);
INSERT INTO `mydb`.`PHYSICAL` (`Product_ID`, `Physical_Weight_lbs`, `Physical_QuantityAvailable`) VALUES (3009, 4, 36);
INSERT INTO `mydb`.`PHYSICAL` (`Product_ID`, `Physical_Weight_lbs`, `Physical_QuantityAvailable`) VALUES (3010, 4, 47);
INSERT INTO `mydb`.`PHYSICAL` (`Product_ID`, `Physical_Weight_lbs`, `Physical_QuantityAvailable`) VALUES (3011, 4, 38);
INSERT INTO `mydb`.`PHYSICAL` (`Product_ID`, `Physical_Weight_lbs`, `Physical_QuantityAvailable`) VALUES (3012, 0.8, 44);
INSERT INTO `mydb`.`PHYSICAL` (`Product_ID`, `Physical_Weight_lbs`, `Physical_QuantityAvailable`) VALUES (3013, 1.2, 37);
INSERT INTO `mydb`.`PHYSICAL` (`Product_ID`, `Physical_Weight_lbs`, `Physical_QuantityAvailable`) VALUES (3014, 1.2, 21);
INSERT INTO `mydb`.`PHYSICAL` (`Product_ID`, `Physical_Weight_lbs`, `Physical_QuantityAvailable`) VALUES (3015, 1.2, 8);
INSERT INTO `mydb`.`PHYSICAL` (`Product_ID`, `Physical_Weight_lbs`, `Physical_QuantityAvailable`) VALUES (3016, 1.6, 2);
INSERT INTO `mydb`.`PHYSICAL` (`Product_ID`, `Physical_Weight_lbs`, `Physical_QuantityAvailable`) VALUES (3017, 2.2, 48);
INSERT INTO `mydb`.`PHYSICAL` (`Product_ID`, `Physical_Weight_lbs`, `Physical_QuantityAvailable`) VALUES (3018, 1.2, 27);
INSERT INTO `mydb`.`PHYSICAL` (`Product_ID`, `Physical_Weight_lbs`, `Physical_QuantityAvailable`) VALUES (3019, 8.8, 48);
INSERT INTO `mydb`.`PHYSICAL` (`Product_ID`, `Physical_Weight_lbs`, `Physical_QuantityAvailable`) VALUES (3020, 7.7, 25);
INSERT INTO `mydb`.`PHYSICAL` (`Product_ID`, `Physical_Weight_lbs`, `Physical_QuantityAvailable`) VALUES (3021, 4.5, 21);
INSERT INTO `mydb`.`PHYSICAL` (`Product_ID`, `Physical_Weight_lbs`, `Physical_QuantityAvailable`) VALUES (3022, 4.6, 42);
INSERT INTO `mydb`.`PHYSICAL` (`Product_ID`, `Physical_Weight_lbs`, `Physical_QuantityAvailable`) VALUES (3023, 8.8, 41);
INSERT INTO `mydb`.`PHYSICAL` (`Product_ID`, `Physical_Weight_lbs`, `Physical_QuantityAvailable`) VALUES (3024, 6.2, 40);
INSERT INTO `mydb`.`PHYSICAL` (`Product_ID`, `Physical_Weight_lbs`, `Physical_QuantityAvailable`) VALUES (3025, 8.7, 39);
INSERT INTO `mydb`.`PHYSICAL` (`Product_ID`, `Physical_Weight_lbs`, `Physical_QuantityAvailable`) VALUES (3026, 5.1, 26);
INSERT INTO `mydb`.`PHYSICAL` (`Product_ID`, `Physical_Weight_lbs`, `Physical_QuantityAvailable`) VALUES (3027, 9.7, 13);
INSERT INTO `mydb`.`PHYSICAL` (`Product_ID`, `Physical_Weight_lbs`, `Physical_QuantityAvailable`) VALUES (3028, 2.9, 50);
INSERT INTO `mydb`.`PHYSICAL` (`Product_ID`, `Physical_Weight_lbs`, `Physical_QuantityAvailable`) VALUES (3029, 2.9, 47);
INSERT INTO `mydb`.`PHYSICAL` (`Product_ID`, `Physical_Weight_lbs`, `Physical_QuantityAvailable`) VALUES (3030, 3.9, 24);
INSERT INTO `mydb`.`PHYSICAL` (`Product_ID`, `Physical_Weight_lbs`, `Physical_QuantityAvailable`) VALUES (3031, 0.9, 11);
INSERT INTO `mydb`.`PHYSICAL` (`Product_ID`, `Physical_Weight_lbs`, `Physical_QuantityAvailable`) VALUES (3032, 0.9, 30);
INSERT INTO `mydb`.`PHYSICAL` (`Product_ID`, `Physical_Weight_lbs`, `Physical_QuantityAvailable`) VALUES (3033, 0.9, 19);
INSERT INTO `mydb`.`PHYSICAL` (`Product_ID`, `Physical_Weight_lbs`, `Physical_QuantityAvailable`) VALUES (3034, 0.9, 10);
INSERT INTO `mydb`.`PHYSICAL` (`Product_ID`, `Physical_Weight_lbs`, `Physical_QuantityAvailable`) VALUES (3035, 0.9, 42);
INSERT INTO `mydb`.`PHYSICAL` (`Product_ID`, `Physical_Weight_lbs`, `Physical_QuantityAvailable`) VALUES (3036, 0.9, 48);
INSERT INTO `mydb`.`PHYSICAL` (`Product_ID`, `Physical_Weight_lbs`, `Physical_QuantityAvailable`) VALUES (3037, 0.9, 40);
INSERT INTO `mydb`.`PHYSICAL` (`Product_ID`, `Physical_Weight_lbs`, `Physical_QuantityAvailable`) VALUES (3038, 0.9, 6);
INSERT INTO `mydb`.`PHYSICAL` (`Product_ID`, `Physical_Weight_lbs`, `Physical_QuantityAvailable`) VALUES (3039, 1.1, 21);
INSERT INTO `mydb`.`PHYSICAL` (`Product_ID`, `Physical_Weight_lbs`, `Physical_QuantityAvailable`) VALUES (3040, 1.1, 12);
INSERT INTO `mydb`.`PHYSICAL` (`Product_ID`, `Physical_Weight_lbs`, `Physical_QuantityAvailable`) VALUES (3041, 1.1, 1);
INSERT INTO `mydb`.`PHYSICAL` (`Product_ID`, `Physical_Weight_lbs`, `Physical_QuantityAvailable`) VALUES (3042, 1.1, 11);
INSERT INTO `mydb`.`PHYSICAL` (`Product_ID`, `Physical_Weight_lbs`, `Physical_QuantityAvailable`) VALUES (3043, 1.1, 26);
INSERT INTO `mydb`.`PHYSICAL` (`Product_ID`, `Physical_Weight_lbs`, `Physical_QuantityAvailable`) VALUES (3044, 1.1, 7);
INSERT INTO `mydb`.`PHYSICAL` (`Product_ID`, `Physical_Weight_lbs`, `Physical_QuantityAvailable`) VALUES (3045, 1.1, 14);
INSERT INTO `mydb`.`PHYSICAL` (`Product_ID`, `Physical_Weight_lbs`, `Physical_QuantityAvailable`) VALUES (3046, 1.1, 11);
INSERT INTO `mydb`.`PHYSICAL` (`Product_ID`, `Physical_Weight_lbs`, `Physical_QuantityAvailable`) VALUES (3047, 1.1, 18);
INSERT INTO `mydb`.`PHYSICAL` (`Product_ID`, `Physical_Weight_lbs`, `Physical_QuantityAvailable`) VALUES (3048, 1.1, 39);
INSERT INTO `mydb`.`PHYSICAL` (`Product_ID`, `Physical_Weight_lbs`, `Physical_QuantityAvailable`) VALUES (3049, 1.8, 36);
INSERT INTO `mydb`.`PHYSICAL` (`Product_ID`, `Physical_Weight_lbs`, `Physical_QuantityAvailable`) VALUES (3050, 3.3, 13);
INSERT INTO `mydb`.`PHYSICAL` (`Product_ID`, `Physical_Weight_lbs`, `Physical_QuantityAvailable`) VALUES (3051, 0.8, 18);
INSERT INTO `mydb`.`PHYSICAL` (`Product_ID`, `Physical_Weight_lbs`, `Physical_QuantityAvailable`) VALUES (3052, 7.5, 32);
INSERT INTO `mydb`.`PHYSICAL` (`Product_ID`, `Physical_Weight_lbs`, `Physical_QuantityAvailable`) VALUES (3053, 3.7, 9);
INSERT INTO `mydb`.`PHYSICAL` (`Product_ID`, `Physical_Weight_lbs`, `Physical_QuantityAvailable`) VALUES (3054, 1.6, 30);
INSERT INTO `mydb`.`PHYSICAL` (`Product_ID`, `Physical_Weight_lbs`, `Physical_QuantityAvailable`) VALUES (3055, 1.1, 34);
INSERT INTO `mydb`.`PHYSICAL` (`Product_ID`, `Physical_Weight_lbs`, `Physical_QuantityAvailable`) VALUES (3056, 3.7, 32);
INSERT INTO `mydb`.`PHYSICAL` (`Product_ID`, `Physical_Weight_lbs`, `Physical_QuantityAvailable`) VALUES (3057, 2.8, 5);
INSERT INTO `mydb`.`PHYSICAL` (`Product_ID`, `Physical_Weight_lbs`, `Physical_QuantityAvailable`) VALUES (3058, 0.6, 48);
INSERT INTO `mydb`.`PHYSICAL` (`Product_ID`, `Physical_Weight_lbs`, `Physical_QuantityAvailable`) VALUES (3059, 0.8, 13);
INSERT INTO `mydb`.`PHYSICAL` (`Product_ID`, `Physical_Weight_lbs`, `Physical_QuantityAvailable`) VALUES (3060, 0.5, 17);
INSERT INTO `mydb`.`PHYSICAL` (`Product_ID`, `Physical_Weight_lbs`, `Physical_QuantityAvailable`) VALUES (3061, 0.4, 40);
INSERT INTO `mydb`.`PHYSICAL` (`Product_ID`, `Physical_Weight_lbs`, `Physical_QuantityAvailable`) VALUES (3062, 1.1, 10);
INSERT INTO `mydb`.`PHYSICAL` (`Product_ID`, `Physical_Weight_lbs`, `Physical_QuantityAvailable`) VALUES (3063, 3.4, 41);
INSERT INTO `mydb`.`PHYSICAL` (`Product_ID`, `Physical_Weight_lbs`, `Physical_QuantityAvailable`) VALUES (3064, 3.4, 33);
INSERT INTO `mydb`.`PHYSICAL` (`Product_ID`, `Physical_Weight_lbs`, `Physical_QuantityAvailable`) VALUES (3065, 3.4, 13);
INSERT INTO `mydb`.`PHYSICAL` (`Product_ID`, `Physical_Weight_lbs`, `Physical_QuantityAvailable`) VALUES (3066, 3.4, 29);
INSERT INTO `mydb`.`PHYSICAL` (`Product_ID`, `Physical_Weight_lbs`, `Physical_QuantityAvailable`) VALUES (3067, 3.4, 12);
INSERT INTO `mydb`.`PHYSICAL` (`Product_ID`, `Physical_Weight_lbs`, `Physical_QuantityAvailable`) VALUES (3068, 3.4, 47);
INSERT INTO `mydb`.`PHYSICAL` (`Product_ID`, `Physical_Weight_lbs`, `Physical_QuantityAvailable`) VALUES (3069, 4.1, 49);
INSERT INTO `mydb`.`PHYSICAL` (`Product_ID`, `Physical_Weight_lbs`, `Physical_QuantityAvailable`) VALUES (3070, 8.2, 49);
INSERT INTO `mydb`.`DIGITAL` (`Product_ID`, `Digital_Instructions`, `Digital_Size_kilobytes`) VALUES (3001, 'PDF files can be opened in any device with PDF reader installed. Also for using in your Kindle devices, contact Amazon.', 3524);
INSERT INTO `mydb`.`DIGITAL` (`Product_ID`, `Digital_Instructions`, `Digital_Size_kilobytes`) VALUES (3002, 'PDF files can be opened in any device with PDF reader installed. Also for using in your Kindle devices, contact Amazon.', 4024);
INSERT INTO `mydb`.`DIGITAL` (`Product_ID`, `Digital_Instructions`, `Digital_Size_kilobytes`) VALUES (3003, 'Watch short videos on your video players and apps able to read \".mp4\" files', 123579);
INSERT INTO `mydb`.`DIGITAL` (`Product_ID`, `Digital_Instructions`, `Digital_Size_kilobytes`) VALUES (3004, 'Watch short videos on your video players and apps able to read \".mp4\" files', 120946);
INSERT INTO `mydb`.`DIGITAL` (`Product_ID`, `Digital_Instructions`, `Digital_Size_kilobytes`) VALUES (3005, 'PDF files can be opened in any device with PDF reader installed. Also for using in your Kindle devices, contact Amazon.', 18563);
INSERT INTO `mydb`.`DIGITAL` (`Product_ID`, `Digital_Instructions`, `Digital_Size_kilobytes`) VALUES (3006, 'PDF files can be opened in any device with PDF reader installed. Also for using in your Kindle devices, contact Amazon.', 30038);
INSERT INTO `mydb`.`DIGITAL` (`Product_ID`, `Digital_Instructions`, `Digital_Size_kilobytes`) VALUES (3007, 'PDF files can be opened in any device with PDF reader installed. Also for using in your Kindle devices, contact Amazon.', 14166);
INSERT INTO `mydb`.`REVIEW` (`Review_ID`, `Product_ID`, `Customer_ID`, `Review_Rating`, `Review_Text`) VALUES (50001, 3003, 1094, 5, 'Soon I will become a master chef with this tutoring ebook.');
INSERT INTO `mydb`.`REVIEW` (`Review_ID`, `Product_ID`, `Customer_ID`, `Review_Rating`, `Review_Text`) VALUES (50002, 3012, 1094, 2, 'Not that good. Wish it hadn\'t been that color.');
INSERT INTO `mydb`.`REVIEW` (`Review_ID`, `Product_ID`, `Customer_ID`, `Review_Rating`, `Review_Text`) VALUES (50003, 3043, 1094, 3, 'So so. Maybe give it another chance. This one was the last one when I bought so may be it was not that fresh.');
INSERT INTO `mydb`.`REVIEW` (`Review_ID`, `Product_ID`, `Customer_ID`, `Review_Rating`, `Review_Text`) VALUES (50004, 3009, 1086, 3, 'I am a banana lover and I know much better bananas than this one.');
INSERT INTO `mydb`.`REVIEW` (`Review_ID`, `Product_ID`, `Customer_ID`, `Review_Rating`, `Review_Text`) VALUES (50005, 3036, 1086, 4, 'One of the better ones! Definitely my favorite this month, so far.');
INSERT INTO `mydb`.`REVIEW` (`Review_ID`, `Product_ID`, `Customer_ID`, `Review_Rating`, `Review_Text`) VALUES (50006, 3038, 1086, 3, 'Naaaah,,, Orange cakes are always special but this tea is not.');
INSERT INTO `mydb`.`REVIEW` (`Review_ID`, `Product_ID`, `Customer_ID`, `Review_Rating`, `Review_Text`) VALUES (50007, 3034, 1044, 1, 'I can\'t even pronounce it and that\'s just perfectly fine cause that\'s it! Never gonna try it again.');
INSERT INTO `mydb`.`REVIEW` (`Review_ID`, `Product_ID`, `Customer_ID`, `Review_Rating`, `Review_Text`) VALUES (50008, 3035, 1044, 4, 'Maybe the awful taste of their orange thing made me love this one but let me get back on you after two more days. Sorry! Two more weeks! Cause the orange thing was that awful!');
INSERT INTO `mydb`.`REVIEW` (`Review_ID`, `Product_ID`, `Customer_ID`, `Review_Rating`, `Review_Text`) VALUES (50009, 3068, 1013, 3, 'I love soups, but not a fan of chilis so much, this was mediocre.');
INSERT INTO `mydb`.`REVIEW` (`Review_ID`, `Product_ID`, `Customer_ID`, `Review_Rating`, `Review_Text`) VALUES (50010, 3036, 1013, 3, 'I love teas, but not a fan of darjeelings so much, this was mediocre.');
INSERT INTO `mydb`.`REVIEW` (`Review_ID`, `Product_ID`, `Customer_ID`, `Review_Rating`, `Review_Text`) VALUES (50011, 3033, 1057, 3, 'Mint tea is a good tea, but this one didn\'t meet the expectations that much.');
INSERT INTO `mydb`.`REVIEW` (`Review_ID`, `Product_ID`, `Customer_ID`, `Review_Rating`, `Review_Text`) VALUES (50012, 3060, 1024, 1, 'Well what can I say? I wanted inches I received centimeters!! Is this for REAL ??????');
INSERT INTO `mydb`.`REVIEW` (`Review_ID`, `Product_ID`, `Customer_ID`, `Review_Rating`, `Review_Text`) VALUES (50013, 3034, 1024, 1, 'I should have listened to the other review and should have known there would be no way this end up being any good.');
INSERT INTO `mydb`.`REVIEW` (`Review_ID`, `Product_ID`, `Customer_ID`, `Review_Rating`, `Review_Text`) VALUES (50014, 3027, 1079, 1, 'When opened it had been totally garbage. It was old and shipment was maybe later than expected too.');
INSERT INTO `mydb`.`REVIEW` (`Review_ID`, `Product_ID`, `Customer_ID`, `Review_Rating`, `Review_Text`) VALUES (50015, 3028, 1069, 1, 'The smell of the garbage cake they sent me had totally ruined this too. UNUSABLE');
INSERT INTO `mydb`.`REVIEW` (`Review_ID`, `Product_ID`, `Customer_ID`, `Review_Rating`, `Review_Text`) VALUES (50016, 3040, 1032, 4, 'Peppers are good, new peppers even better! Try this, you won\'t regret.');
INSERT INTO `mydb`.`REVIEW` (`Review_ID`, `Product_ID`, `Customer_ID`, `Review_Rating`, `Review_Text`) VALUES (50017, 3026, 1032, 3, 'French guys are good , heard that French tarts are as good (no way) but as expected, not fancy. ');
INSERT INTO `mydb`.`REVIEW` (`Review_ID`, `Product_ID`, `Customer_ID`, `Review_Rating`, `Review_Text`) VALUES (50018, 3012, 1027, 4, 'I am a bread lover and I know and you know I know when I say : this is good!');
INSERT INTO `mydb`.`REVIEW` (`Review_ID`, `Product_ID`, `Customer_ID`, `Review_Rating`, `Review_Text`) VALUES (50019, 3023, 1027, 2, 'Such a wateeee of money and time and space and and everything! 12 dollars for this ? Are you sh**ing me? ');
INSERT INTO `mydb`.`REVIEW` (`Review_ID`, `Product_ID`, `Customer_ID`, `Review_Rating`, `Review_Text`) VALUES (50020, 3033, 1031, 1, 'Why this was spicy ? Is there anywhere say \"Spicy Mint\"? Am I a F**king moron or what to not come and kick your doors down? You better be waiting for me cause I ain\'t no joking you piece of garbage phony garbage sellers. GARBAGE. SELLERS. Garbage Sellers. GARBAGE sellers.');
INSERT INTO `mydb`.`ORDER` (`Order_ID`, `Customer_ID`, `Order_Status`, `Order_Date`) VALUES (7001, 1094, 'Delivered', '2018-01-07');
INSERT INTO `mydb`.`ORDER` (`Order_ID`, `Customer_ID`, `Order_Status`, `Order_Date`) VALUES (7002, 1092, 'Delivered', '2018-01-07');
INSERT INTO `mydb`.`ORDER` (`Order_ID`, `Customer_ID`, `Order_Status`, `Order_Date`) VALUES (7003, 1069, 'Delivered', '2018-01-07');
INSERT INTO `mydb`.`ORDER` (`Order_ID`, `Customer_ID`, `Order_Status`, `Order_Date`) VALUES (7004, 1085, 'Delivered', '2018-01-07');
INSERT INTO `mydb`.`ORDER` (`Order_ID`, `Customer_ID`, `Order_Status`, `Order_Date`) VALUES (7005, 1086, 'Delivered', '2018-01-07');
INSERT INTO `mydb`.`ORDER` (`Order_ID`, `Customer_ID`, `Order_Status`, `Order_Date`) VALUES (7006, 1096, 'Delivered', '2018-01-07');
INSERT INTO `mydb`.`ORDER` (`Order_ID`, `Customer_ID`, `Order_Status`, `Order_Date`) VALUES (7007, 1044, 'Delivered', '2018-01-08');
INSERT INTO `mydb`.`ORDER` (`Order_ID`, `Customer_ID`, `Order_Status`, `Order_Date`) VALUES (7008, 1013, 'Delivered', '2018-01-08');
INSERT INTO `mydb`.`ORDER` (`Order_ID`, `Customer_ID`, `Order_Status`, `Order_Date`) VALUES (7009, 1057, 'Delivered', '2018-01-08');
INSERT INTO `mydb`.`ORDER` (`Order_ID`, `Customer_ID`, `Order_Status`, `Order_Date`) VALUES (7010, 1024, 'Delivered', '2018-01-09');
INSERT INTO `mydb`.`ORDER` (`Order_ID`, `Customer_ID`, `Order_Status`, `Order_Date`) VALUES (7011, 1001, 'Delivered', '2018-01-09');
INSERT INTO `mydb`.`ORDER` (`Order_ID`, `Customer_ID`, `Order_Status`, `Order_Date`) VALUES (7012, 1071, 'Delivered', '2018-01-09');
INSERT INTO `mydb`.`ORDER` (`Order_ID`, `Customer_ID`, `Order_Status`, `Order_Date`) VALUES (7013, 1065, 'Delivered', '2018-01-09');
INSERT INTO `mydb`.`ORDER` (`Order_ID`, `Customer_ID`, `Order_Status`, `Order_Date`) VALUES (7014, 1008, 'Delivered', '2018-01-11');
INSERT INTO `mydb`.`ORDER` (`Order_ID`, `Customer_ID`, `Order_Status`, `Order_Date`) VALUES (7015, 1079, 'Delivered', '2018-01-11');
INSERT INTO `mydb`.`ORDER` (`Order_ID`, `Customer_ID`, `Order_Status`, `Order_Date`) VALUES (7016, 1069, 'Delivered', '2018-01-12');
INSERT INTO `mydb`.`ORDER` (`Order_ID`, `Customer_ID`, `Order_Status`, `Order_Date`) VALUES (7017, 1032, 'Delivered', '2018-01-12');
INSERT INTO `mydb`.`ORDER` (`Order_ID`, `Customer_ID`, `Order_Status`, `Order_Date`) VALUES (7018, 1060, 'Delivered', '2018-01-12');
INSERT INTO `mydb`.`ORDER` (`Order_ID`, `Customer_ID`, `Order_Status`, `Order_Date`) VALUES (7019, 1034, 'Delivered', '2018-01-12');
INSERT INTO `mydb`.`ORDER` (`Order_ID`, `Customer_ID`, `Order_Status`, `Order_Date`) VALUES (7020, 1027, 'Delivered', '2018-01-12');
INSERT INTO `mydb`.`ORDER` (`Order_ID`, `Customer_ID`, `Order_Status`, `Order_Date`) VALUES (7021, 1031, 'Delivered', '2018-01-12');
INSERT INTO `mydb`.`ORDER` (`Order_ID`, `Customer_ID`, `Order_Status`, `Order_Date`) VALUES (7022, 1071, 'Delivered', '2018-01-13');
INSERT INTO `mydb`.`ORDER` (`Order_ID`, `Customer_ID`, `Order_Status`, `Order_Date`) VALUES (7023, 1029, 'Delivered', '2018-01-13');
INSERT INTO `mydb`.`ORDER` (`Order_ID`, `Customer_ID`, `Order_Status`, `Order_Date`) VALUES (7024, 1037, 'Delivered', '2018-01-13');
INSERT INTO `mydb`.`ORDER` (`Order_ID`, `Customer_ID`, `Order_Status`, `Order_Date`) VALUES (7025, 1075, 'Delivered', '2018-01-13');
INSERT INTO `mydb`.`ORDER` (`Order_ID`, `Customer_ID`, `Order_Status`, `Order_Date`) VALUES (7026, 1044, 'Delivered', '2018-01-13');
INSERT INTO `mydb`.`ORDER` (`Order_ID`, `Customer_ID`, `Order_Status`, `Order_Date`) VALUES (7027, 1003, 'Delivered', '2018-01-14');
INSERT INTO `mydb`.`ORDER` (`Order_ID`, `Customer_ID`, `Order_Status`, `Order_Date`) VALUES (7028, 1086, 'Delivered', '2018-01-14');
INSERT INTO `mydb`.`ORDER` (`Order_ID`, `Customer_ID`, `Order_Status`, `Order_Date`) VALUES (7029, 1071, 'Delivered', '2018-01-16');
INSERT INTO `mydb`.`ORDER` (`Order_ID`, `Customer_ID`, `Order_Status`, `Order_Date`) VALUES (7030, 1006, 'Delivered', '2018-01-16');
INSERT INTO `mydb`.`ORDER` (`Order_ID`, `Customer_ID`, `Order_Status`, `Order_Date`) VALUES (7031, 1086, 'Delivered', '2018-01-17');
INSERT INTO `mydb`.`ORDER` (`Order_ID`, `Customer_ID`, `Order_Status`, `Order_Date`) VALUES (7032, 1083, 'Delivered', '2018-01-18');
INSERT INTO `mydb`.`ORDER` (`Order_ID`, `Customer_ID`, `Order_Status`, `Order_Date`) VALUES (7033, 1097, 'Delivered', '2018-01-18');
INSERT INTO `mydb`.`ORDER` (`Order_ID`, `Customer_ID`, `Order_Status`, `Order_Date`) VALUES (7034, 1016, 'Delivered', '2018-01-18');
INSERT INTO `mydb`.`ORDER` (`Order_ID`, `Customer_ID`, `Order_Status`, `Order_Date`) VALUES (7035, 1099, 'Delivered', '2018-01-18');
INSERT INTO `mydb`.`ORDER` (`Order_ID`, `Customer_ID`, `Order_Status`, `Order_Date`) VALUES (7036, 1091, 'Delivered', '2018-01-18');
INSERT INTO `mydb`.`ORDER` (`Order_ID`, `Customer_ID`, `Order_Status`, `Order_Date`) VALUES (7037, 1028, 'Delivered', '2018-01-18');
INSERT INTO `mydb`.`ORDER` (`Order_ID`, `Customer_ID`, `Order_Status`, `Order_Date`) VALUES (7038, 1081, 'Delivered', '2018-01-18');
INSERT INTO `mydb`.`ORDER` (`Order_ID`, `Customer_ID`, `Order_Status`, `Order_Date`) VALUES (7039, 1014, 'Delivered', '2018-01-19');
INSERT INTO `mydb`.`ORDER` (`Order_ID`, `Customer_ID`, `Order_Status`, `Order_Date`) VALUES (7040, 1078, 'Delivered', '2018-01-19');
INSERT INTO `mydb`.`ORDER` (`Order_ID`, `Customer_ID`, `Order_Status`, `Order_Date`) VALUES (7041, 1087, 'Delivered', '2018-01-19');
INSERT INTO `mydb`.`ORDER` (`Order_ID`, `Customer_ID`, `Order_Status`, `Order_Date`) VALUES (7042, 1030, 'Delivered', '2018-01-20');
INSERT INTO `mydb`.`ORDER` (`Order_ID`, `Customer_ID`, `Order_Status`, `Order_Date`) VALUES (7043, 1006, 'Delivered', '2018-01-21');
INSERT INTO `mydb`.`ORDER` (`Order_ID`, `Customer_ID`, `Order_Status`, `Order_Date`) VALUES (7044, 1055, 'Delivered', '2018-01-21');
INSERT INTO `mydb`.`ORDER` (`Order_ID`, `Customer_ID`, `Order_Status`, `Order_Date`) VALUES (7045, 1093, 'Delivered', '2018-01-21');
INSERT INTO `mydb`.`ORDER` (`Order_ID`, `Customer_ID`, `Order_Status`, `Order_Date`) VALUES (7046, 1031, 'Delivered', '2018-01-21');
INSERT INTO `mydb`.`ORDER` (`Order_ID`, `Customer_ID`, `Order_Status`, `Order_Date`) VALUES (7047, 1002, 'Delivered', '2018-01-22');
INSERT INTO `mydb`.`ORDER` (`Order_ID`, `Customer_ID`, `Order_Status`, `Order_Date`) VALUES (7048, 1021, 'Delivered', '2018-01-22');
INSERT INTO `mydb`.`ORDER` (`Order_ID`, `Customer_ID`, `Order_Status`, `Order_Date`) VALUES (7049, 1097, 'Delivered', '2018-01-22');
INSERT INTO `mydb`.`ORDER` (`Order_ID`, `Customer_ID`, `Order_Status`, `Order_Date`) VALUES (7050, 1028, 'Delivered', '2018-01-23');
INSERT INTO `mydb`.`ORDER` (`Order_ID`, `Customer_ID`, `Order_Status`, `Order_Date`) VALUES (7051, 1095, 'Delivered', '2018-01-23');
INSERT INTO `mydb`.`ORDER` (`Order_ID`, `Customer_ID`, `Order_Status`, `Order_Date`) VALUES (7052, 1069, 'Delivered', '2018-01-23');
INSERT INTO `mydb`.`ORDER` (`Order_ID`, `Customer_ID`, `Order_Status`, `Order_Date`) VALUES (7053, 1011, 'Delivered', '2018-01-23');
INSERT INTO `mydb`.`ORDER` (`Order_ID`, `Customer_ID`, `Order_Status`, `Order_Date`) VALUES (7054, 1044, 'Delivered', '2018-01-23');
INSERT INTO `mydb`.`ORDER` (`Order_ID`, `Customer_ID`, `Order_Status`, `Order_Date`) VALUES (7055, 1079, 'Delivered', '2018-01-24');
INSERT INTO `mydb`.`ORDER` (`Order_ID`, `Customer_ID`, `Order_Status`, `Order_Date`) VALUES (7056, 1087, 'Delivered', '2018-01-24');
INSERT INTO `mydb`.`ORDER` (`Order_ID`, `Customer_ID`, `Order_Status`, `Order_Date`) VALUES (7057, 1034, 'Delivered', '2018-01-25');
INSERT INTO `mydb`.`ORDER` (`Order_ID`, `Customer_ID`, `Order_Status`, `Order_Date`) VALUES (7058, 1010, 'Delivered', '2018-01-25');
INSERT INTO `mydb`.`ORDER` (`Order_ID`, `Customer_ID`, `Order_Status`, `Order_Date`) VALUES (7059, 1001, 'Delivered', '2018-01-25');
INSERT INTO `mydb`.`ORDER` (`Order_ID`, `Customer_ID`, `Order_Status`, `Order_Date`) VALUES (7060, 1028, 'Delivered', '2018-01-25');
INSERT INTO `mydb`.`ORDER` (`Order_ID`, `Customer_ID`, `Order_Status`, `Order_Date`) VALUES (7061, 1057, 'Delivered', '2018-01-25');
INSERT INTO `mydb`.`ORDER` (`Order_ID`, `Customer_ID`, `Order_Status`, `Order_Date`) VALUES (7062, 1011, 'Delivered', '2018-01-25');
INSERT INTO `mydb`.`ORDER` (`Order_ID`, `Customer_ID`, `Order_Status`, `Order_Date`) VALUES (7063, 1053, 'Delivered', '2018-01-26');
INSERT INTO `mydb`.`ORDER` (`Order_ID`, `Customer_ID`, `Order_Status`, `Order_Date`) VALUES (7064, 1092, 'Delivered', '2018-01-28');
INSERT INTO `mydb`.`ORDER` (`Order_ID`, `Customer_ID`, `Order_Status`, `Order_Date`) VALUES (7065, 1084, 'Delivered', '2018-01-28');
INSERT INTO `mydb`.`ORDER` (`Order_ID`, `Customer_ID`, `Order_Status`, `Order_Date`) VALUES (7066, 1043, 'Delivered', '2018-01-28');
INSERT INTO `mydb`.`ORDER` (`Order_ID`, `Customer_ID`, `Order_Status`, `Order_Date`) VALUES (7067, 1014, 'Delivered', '2018-01-28');
INSERT INTO `mydb`.`ORDER` (`Order_ID`, `Customer_ID`, `Order_Status`, `Order_Date`) VALUES (7068, 1042, 'Delivered', '2018-01-28');
INSERT INTO `mydb`.`ORDER` (`Order_ID`, `Customer_ID`, `Order_Status`, `Order_Date`) VALUES (7069, 1100, 'Delivered', '2018-01-28');
INSERT INTO `mydb`.`ORDER` (`Order_ID`, `Customer_ID`, `Order_Status`, `Order_Date`) VALUES (7070, 1090, 'Delivered', '2018-01-28');
INSERT INTO `mydb`.`ORDER` (`Order_ID`, `Customer_ID`, `Order_Status`, `Order_Date`) VALUES (7071, 1073, 'Delivered', '2018-01-29');
INSERT INTO `mydb`.`ORDER` (`Order_ID`, `Customer_ID`, `Order_Status`, `Order_Date`) VALUES (7072, 1015, 'Delivered', '2018-01-29');
INSERT INTO `mydb`.`ORDER` (`Order_ID`, `Customer_ID`, `Order_Status`, `Order_Date`) VALUES (7073, 1053, 'Delivered', '2018-01-30');
INSERT INTO `mydb`.`ORDER` (`Order_ID`, `Customer_ID`, `Order_Status`, `Order_Date`) VALUES (7074, 1083, 'Delivered', '2018-01-30');
INSERT INTO `mydb`.`ORDER` (`Order_ID`, `Customer_ID`, `Order_Status`, `Order_Date`) VALUES (7075, 1059, 'Delivered', '2018-01-30');
INSERT INTO `mydb`.`ORDER` (`Order_ID`, `Customer_ID`, `Order_Status`, `Order_Date`) VALUES (7076, 1086, 'Delivered', '2018-01-31');
INSERT INTO `mydb`.`ORDER` (`Order_ID`, `Customer_ID`, `Order_Status`, `Order_Date`) VALUES (7077, 1038, 'Delivered', '2018-01-31');
INSERT INTO `mydb`.`ORDER` (`Order_ID`, `Customer_ID`, `Order_Status`, `Order_Date`) VALUES (7078, 1065, 'Delivered', '2018-02-01');
INSERT INTO `mydb`.`ORDER` (`Order_ID`, `Customer_ID`, `Order_Status`, `Order_Date`) VALUES (7079, 1029, 'Delivered', '2018-02-01');
INSERT INTO `mydb`.`ORDER` (`Order_ID`, `Customer_ID`, `Order_Status`, `Order_Date`) VALUES (7080, 1065, 'Delivered', '2018-02-02');
INSERT INTO `mydb`.`ORDER` (`Order_ID`, `Customer_ID`, `Order_Status`, `Order_Date`) VALUES (7081, 1069, 'Delivered', '2018-02-02');
INSERT INTO `mydb`.`ORDER` (`Order_ID`, `Customer_ID`, `Order_Status`, `Order_Date`) VALUES (7082, 1041, 'Delivered', '2018-02-02');
INSERT INTO `mydb`.`ORDER` (`Order_ID`, `Customer_ID`, `Order_Status`, `Order_Date`) VALUES (7083, 1067, 'Delivered', '2018-02-02');
INSERT INTO `mydb`.`ORDER` (`Order_ID`, `Customer_ID`, `Order_Status`, `Order_Date`) VALUES (7084, 1038, 'Delivered', '2018-02-02');
INSERT INTO `mydb`.`ORDER` (`Order_ID`, `Customer_ID`, `Order_Status`, `Order_Date`) VALUES (7085, 1094, 'Delivered', '2018-02-02');
INSERT INTO `mydb`.`ORDER` (`Order_ID`, `Customer_ID`, `Order_Status`, `Order_Date`) VALUES (7086, 1073, 'Delivered', '2018-02-02');
INSERT INTO `mydb`.`ORDER` (`Order_ID`, `Customer_ID`, `Order_Status`, `Order_Date`) VALUES (7087, 1054, 'Delivered', '2018-02-04');
INSERT INTO `mydb`.`ORDER` (`Order_ID`, `Customer_ID`, `Order_Status`, `Order_Date`) VALUES (7088, 1060, 'Delivered', '2018-02-04');
INSERT INTO `mydb`.`ORDER` (`Order_ID`, `Customer_ID`, `Order_Status`, `Order_Date`) VALUES (7089, 1069, 'Delivered', '2018-02-04');
INSERT INTO `mydb`.`ORDER` (`Order_ID`, `Customer_ID`, `Order_Status`, `Order_Date`) VALUES (7090, 1032, 'Delivered', '2018-02-04');
INSERT INTO `mydb`.`ORDER` (`Order_ID`, `Customer_ID`, `Order_Status`, `Order_Date`) VALUES (7091, 1077, 'Delivered', '2018-02-04');
INSERT INTO `mydb`.`ORDER` (`Order_ID`, `Customer_ID`, `Order_Status`, `Order_Date`) VALUES (7092, 1093, 'Delivered', '2018-02-05');
INSERT INTO `mydb`.`ORDER` (`Order_ID`, `Customer_ID`, `Order_Status`, `Order_Date`) VALUES (7093, 1010, 'Delivered', '2018-02-05');
INSERT INTO `mydb`.`ORDER` (`Order_ID`, `Customer_ID`, `Order_Status`, `Order_Date`) VALUES (7094, 1044, 'Delivered', '2018-02-05');
INSERT INTO `mydb`.`ORDER` (`Order_ID`, `Customer_ID`, `Order_Status`, `Order_Date`) VALUES (7095, 1024, 'Delivered', '2018-02-05');
INSERT INTO `mydb`.`ORDER` (`Order_ID`, `Customer_ID`, `Order_Status`, `Order_Date`) VALUES (7096, 1028, 'Delivered', '2018-02-05');
INSERT INTO `mydb`.`ORDER` (`Order_ID`, `Customer_ID`, `Order_Status`, `Order_Date`) VALUES (7097, 1009, 'Delivered', '2018-02-05');
INSERT INTO `mydb`.`ORDER` (`Order_ID`, `Customer_ID`, `Order_Status`, `Order_Date`) VALUES (7098, 1014, 'Delivered', '2018-02-06');
INSERT INTO `mydb`.`ORDER` (`Order_ID`, `Customer_ID`, `Order_Status`, `Order_Date`) VALUES (7099, 1098, 'Delivered', '2018-02-06');
INSERT INTO `mydb`.`ORDER` (`Order_ID`, `Customer_ID`, `Order_Status`, `Order_Date`) VALUES (7100, 1046, 'Delivered', '2018-02-06');
INSERT INTO `mydb`.`ORDER` (`Order_ID`, `Customer_ID`, `Order_Status`, `Order_Date`) VALUES (7101, 1008, 'Delivered', '2018-02-07');
INSERT INTO `mydb`.`ORDER` (`Order_ID`, `Customer_ID`, `Order_Status`, `Order_Date`) VALUES (7102, 1066, 'Delivered', '2018-02-07');
INSERT INTO `mydb`.`ORDER` (`Order_ID`, `Customer_ID`, `Order_Status`, `Order_Date`) VALUES (7103, 1065, 'Delivered', '2018-02-07');
INSERT INTO `mydb`.`ORDER` (`Order_ID`, `Customer_ID`, `Order_Status`, `Order_Date`) VALUES (7104, 1058, 'Delivered', '2018-02-07');
INSERT INTO `mydb`.`ORDER` (`Order_ID`, `Customer_ID`, `Order_Status`, `Order_Date`) VALUES (7105, 1059, 'Delivered', '2018-02-07');
INSERT INTO `mydb`.`ORDER` (`Order_ID`, `Customer_ID`, `Order_Status`, `Order_Date`) VALUES (7106, 1002, 'Delivered', '2018-02-07');
INSERT INTO `mydb`.`ORDER` (`Order_ID`, `Customer_ID`, `Order_Status`, `Order_Date`) VALUES (7107, 1069, 'Delivered', '2018-02-08');
INSERT INTO `mydb`.`ORDER` (`Order_ID`, `Customer_ID`, `Order_Status`, `Order_Date`) VALUES (7108, 1047, 'Delivered', '2018-02-08');
INSERT INTO `mydb`.`ORDER` (`Order_ID`, `Customer_ID`, `Order_Status`, `Order_Date`) VALUES (7109, 1073, 'Delivered', '2018-02-08');
INSERT INTO `mydb`.`ORDER` (`Order_ID`, `Customer_ID`, `Order_Status`, `Order_Date`) VALUES (7110, 1070, 'Delivered', '2018-02-08');
INSERT INTO `mydb`.`ORDER` (`Order_ID`, `Customer_ID`, `Order_Status`, `Order_Date`) VALUES (7111, 1090, 'Delivered', '2018-02-09');
INSERT INTO `mydb`.`ORDER` (`Order_ID`, `Customer_ID`, `Order_Status`, `Order_Date`) VALUES (7112, 1094, 'Delivered', '2018-02-09');
INSERT INTO `mydb`.`ORDER` (`Order_ID`, `Customer_ID`, `Order_Status`, `Order_Date`) VALUES (7113, 1035, 'Delivered', '2018-02-09');
INSERT INTO `mydb`.`ORDER` (`Order_ID`, `Customer_ID`, `Order_Status`, `Order_Date`) VALUES (7114, 1029, 'Delivered', '2018-02-09');
INSERT INTO `mydb`.`ORDER` (`Order_ID`, `Customer_ID`, `Order_Status`, `Order_Date`) VALUES (7115, 1024, 'Delivered', '2018-02-09');
INSERT INTO `mydb`.`ORDER` (`Order_ID`, `Customer_ID`, `Order_Status`, `Order_Date`) VALUES (7116, 1091, 'Delivered', '2018-02-09');
INSERT INTO `mydb`.`ORDER` (`Order_ID`, `Customer_ID`, `Order_Status`, `Order_Date`) VALUES (7117, 1063, 'Delivered', '2018-02-09');
INSERT INTO `mydb`.`ORDER` (`Order_ID`, `Customer_ID`, `Order_Status`, `Order_Date`) VALUES (7118, 1066, 'Delivered', '2018-02-09');
INSERT INTO `mydb`.`ORDER` (`Order_ID`, `Customer_ID`, `Order_Status`, `Order_Date`) VALUES (7119, 1093, 'Delivered', '2018-02-09');
INSERT INTO `mydb`.`ORDER` (`Order_ID`, `Customer_ID`, `Order_Status`, `Order_Date`) VALUES (7120, 1058, 'Delivered', '2018-02-09');
INSERT INTO `mydb`.`ORDER` (`Order_ID`, `Customer_ID`, `Order_Status`, `Order_Date`) VALUES (7121, 1049, 'Delivered', '2018-02-10');
INSERT INTO `mydb`.`ORDER` (`Order_ID`, `Customer_ID`, `Order_Status`, `Order_Date`) VALUES (7122, 1038, 'Delivered', '2018-02-10');
INSERT INTO `mydb`.`ORDER` (`Order_ID`, `Customer_ID`, `Order_Status`, `Order_Date`) VALUES (7123, 1086, 'Delivered', '2018-02-10');
INSERT INTO `mydb`.`ORDER` (`Order_ID`, `Customer_ID`, `Order_Status`, `Order_Date`) VALUES (7124, 1010, 'Delivered', '2018-02-10');
INSERT INTO `mydb`.`ORDER` (`Order_ID`, `Customer_ID`, `Order_Status`, `Order_Date`) VALUES (7125, 1081, 'Delivered', '2018-02-11');
INSERT INTO `mydb`.`ORDER` (`Order_ID`, `Customer_ID`, `Order_Status`, `Order_Date`) VALUES (7126, 1059, 'Delivered', '2018-02-11');
INSERT INTO `mydb`.`ORDER` (`Order_ID`, `Customer_ID`, `Order_Status`, `Order_Date`) VALUES (7127, 1014, 'Delivered', '2018-02-11');
INSERT INTO `mydb`.`ORDER` (`Order_ID`, `Customer_ID`, `Order_Status`, `Order_Date`) VALUES (7128, 1051, 'Delivered', '2018-02-11');
INSERT INTO `mydb`.`ORDER` (`Order_ID`, `Customer_ID`, `Order_Status`, `Order_Date`) VALUES (7129, 1082, 'Delivered', '2018-02-12');
INSERT INTO `mydb`.`ORDER` (`Order_ID`, `Customer_ID`, `Order_Status`, `Order_Date`) VALUES (7130, 1069, 'Delivered', '2018-02-12');
INSERT INTO `mydb`.`ORDER` (`Order_ID`, `Customer_ID`, `Order_Status`, `Order_Date`) VALUES (7131, 1072, 'Delivered', '2018-02-12');
INSERT INTO `mydb`.`ORDER` (`Order_ID`, `Customer_ID`, `Order_Status`, `Order_Date`) VALUES (7132, 1050, 'Delivered', '2018-02-12');
INSERT INTO `mydb`.`ORDER` (`Order_ID`, `Customer_ID`, `Order_Status`, `Order_Date`) VALUES (7133, 1055, 'Delivered', '2018-02-13');
INSERT INTO `mydb`.`ORDER` (`Order_ID`, `Customer_ID`, `Order_Status`, `Order_Date`) VALUES (7134, 1085, 'Delivered', '2018-02-13');
INSERT INTO `mydb`.`ORDER` (`Order_ID`, `Customer_ID`, `Order_Status`, `Order_Date`) VALUES (7135, 1065, 'Delivered', '2018-02-14');
INSERT INTO `mydb`.`ORDER` (`Order_ID`, `Customer_ID`, `Order_Status`, `Order_Date`) VALUES (7136, 1100, 'Delivered', '2018-02-14');
INSERT INTO `mydb`.`ORDER` (`Order_ID`, `Customer_ID`, `Order_Status`, `Order_Date`) VALUES (7137, 1035, 'Delivered', '2018-02-14');
INSERT INTO `mydb`.`ORDER` (`Order_ID`, `Customer_ID`, `Order_Status`, `Order_Date`) VALUES (7138, 1075, 'Delivered', '2018-02-14');
INSERT INTO `mydb`.`ORDER` (`Order_ID`, `Customer_ID`, `Order_Status`, `Order_Date`) VALUES (7139, 1050, 'Delivered', '2018-02-15');
INSERT INTO `mydb`.`ORDER` (`Order_ID`, `Customer_ID`, `Order_Status`, `Order_Date`) VALUES (7140, 1087, 'Delivered', '2018-02-15');
INSERT INTO `mydb`.`ORDER` (`Order_ID`, `Customer_ID`, `Order_Status`, `Order_Date`) VALUES (7141, 1003, 'Delivered', '2018-02-15');
INSERT INTO `mydb`.`ORDER` (`Order_ID`, `Customer_ID`, `Order_Status`, `Order_Date`) VALUES (7142, 1100, 'Delivered', '2018-02-15');
INSERT INTO `mydb`.`ORDER` (`Order_ID`, `Customer_ID`, `Order_Status`, `Order_Date`) VALUES (7143, 1035, 'Delivered', '2018-02-15');
INSERT INTO `mydb`.`ORDER` (`Order_ID`, `Customer_ID`, `Order_Status`, `Order_Date`) VALUES (7144, 1082, 'Delivered', '2018-02-16');
INSERT INTO `mydb`.`ORDER` (`Order_ID`, `Customer_ID`, `Order_Status`, `Order_Date`) VALUES (7145, 1088, 'Delivered', '2018-02-16');
INSERT INTO `mydb`.`ORDER` (`Order_ID`, `Customer_ID`, `Order_Status`, `Order_Date`) VALUES (7146, 1059, 'Delivered', '2018-02-16');
INSERT INTO `mydb`.`ORDER` (`Order_ID`, `Customer_ID`, `Order_Status`, `Order_Date`) VALUES (7147, 1032, 'Delivered', '2018-02-16');
INSERT INTO `mydb`.`ORDER` (`Order_ID`, `Customer_ID`, `Order_Status`, `Order_Date`) VALUES (7148, 1009, 'Delivered', '2018-02-17');
INSERT INTO `mydb`.`ORDER` (`Order_ID`, `Customer_ID`, `Order_Status`, `Order_Date`) VALUES (7149, 1004, 'Delivered', '2018-02-17');
INSERT INTO `mydb`.`ORDER` (`Order_ID`, `Customer_ID`, `Order_Status`, `Order_Date`) VALUES (7150, 1033, 'Delivered', '2018-02-17');
INSERT INTO `mydb`.`ORDER` (`Order_ID`, `Customer_ID`, `Order_Status`, `Order_Date`) VALUES (7151, 1051, 'Delivered', '2018-02-17');
INSERT INTO `mydb`.`ORDER` (`Order_ID`, `Customer_ID`, `Order_Status`, `Order_Date`) VALUES (7152, 1015, 'Delivered', '2018-02-17');
INSERT INTO `mydb`.`ORDER` (`Order_ID`, `Customer_ID`, `Order_Status`, `Order_Date`) VALUES (7153, 1008, 'Delivered', '2018-02-17');
INSERT INTO `mydb`.`ORDER` (`Order_ID`, `Customer_ID`, `Order_Status`, `Order_Date`) VALUES (7154, 1056, 'Delivered', '2018-02-18');
INSERT INTO `mydb`.`ORDER` (`Order_ID`, `Customer_ID`, `Order_Status`, `Order_Date`) VALUES (7155, 1035, 'Delivered', '2018-02-18');
INSERT INTO `mydb`.`ORDER` (`Order_ID`, `Customer_ID`, `Order_Status`, `Order_Date`) VALUES (7156, 1099, 'Delivered', '2018-02-18');
INSERT INTO `mydb`.`ORDER` (`Order_ID`, `Customer_ID`, `Order_Status`, `Order_Date`) VALUES (7157, 1004, 'Delivered', '2018-02-18');
INSERT INTO `mydb`.`ORDER` (`Order_ID`, `Customer_ID`, `Order_Status`, `Order_Date`) VALUES (7158, 1008, 'Delivered', '2018-02-19');
INSERT INTO `mydb`.`ORDER` (`Order_ID`, `Customer_ID`, `Order_Status`, `Order_Date`) VALUES (7159, 1001, 'Delivered', '2018-02-19');
INSERT INTO `mydb`.`ORDER` (`Order_ID`, `Customer_ID`, `Order_Status`, `Order_Date`) VALUES (7160, 1006, 'Delivered', '2018-02-19');
INSERT INTO `mydb`.`ORDER` (`Order_ID`, `Customer_ID`, `Order_Status`, `Order_Date`) VALUES (7161, 1070, 'Delivered', '2018-02-20');
INSERT INTO `mydb`.`ORDER` (`Order_ID`, `Customer_ID`, `Order_Status`, `Order_Date`) VALUES (7162, 1092, 'Delivered', '2018-02-20');
INSERT INTO `mydb`.`ORDER` (`Order_ID`, `Customer_ID`, `Order_Status`, `Order_Date`) VALUES (7163, 1015, 'Delivered', '2018-02-20');
INSERT INTO `mydb`.`ORDER` (`Order_ID`, `Customer_ID`, `Order_Status`, `Order_Date`) VALUES (7164, 1078, 'Delivered', '2018-02-21');
INSERT INTO `mydb`.`ORDER` (`Order_ID`, `Customer_ID`, `Order_Status`, `Order_Date`) VALUES (7165, 1075, 'Delivered', '2018-02-21');
INSERT INTO `mydb`.`ORDER` (`Order_ID`, `Customer_ID`, `Order_Status`, `Order_Date`) VALUES (7166, 1026, 'Delivered', '2018-02-21');
INSERT INTO `mydb`.`ORDER` (`Order_ID`, `Customer_ID`, `Order_Status`, `Order_Date`) VALUES (7167, 1033, 'Delivered', '2018-02-22');
INSERT INTO `mydb`.`ORDER` (`Order_ID`, `Customer_ID`, `Order_Status`, `Order_Date`) VALUES (7168, 1034, 'Delivered', '2018-02-22');
INSERT INTO `mydb`.`ORDER` (`Order_ID`, `Customer_ID`, `Order_Status`, `Order_Date`) VALUES (7169, 1004, 'Delivered', '2018-02-22');
INSERT INTO `mydb`.`ORDER` (`Order_ID`, `Customer_ID`, `Order_Status`, `Order_Date`) VALUES (7170, 1059, 'Delivered', '2018-02-22');
INSERT INTO `mydb`.`ORDER` (`Order_ID`, `Customer_ID`, `Order_Status`, `Order_Date`) VALUES (7171, 1070, 'Delivered', '2018-02-22');
INSERT INTO `mydb`.`ORDER` (`Order_ID`, `Customer_ID`, `Order_Status`, `Order_Date`) VALUES (7172, 1003, 'Delivered', '2018-02-22');
INSERT INTO `mydb`.`ORDER` (`Order_ID`, `Customer_ID`, `Order_Status`, `Order_Date`) VALUES (7173, 1081, 'Delivered', '2018-02-23');
INSERT INTO `mydb`.`ORDER` (`Order_ID`, `Customer_ID`, `Order_Status`, `Order_Date`) VALUES (7174, 1010, 'Delivered', '2018-02-23');
INSERT INTO `mydb`.`ORDER` (`Order_ID`, `Customer_ID`, `Order_Status`, `Order_Date`) VALUES (7175, 1060, 'Delivered', '2018-02-23');
INSERT INTO `mydb`.`ORDER` (`Order_ID`, `Customer_ID`, `Order_Status`, `Order_Date`) VALUES (7176, 1023, 'Delivered', '2018-02-24');
INSERT INTO `mydb`.`ORDER` (`Order_ID`, `Customer_ID`, `Order_Status`, `Order_Date`) VALUES (7177, 1082, 'Delivered', '2018-02-24');
INSERT INTO `mydb`.`ORDER` (`Order_ID`, `Customer_ID`, `Order_Status`, `Order_Date`) VALUES (7178, 1014, 'Delivered', '2018-02-24');
INSERT INTO `mydb`.`ORDER` (`Order_ID`, `Customer_ID`, `Order_Status`, `Order_Date`) VALUES (7179, 1075, 'Delivered', '2018-02-26');
INSERT INTO `mydb`.`ORDER` (`Order_ID`, `Customer_ID`, `Order_Status`, `Order_Date`) VALUES (7180, 1073, 'Delivered', '2018-02-26');
INSERT INTO `mydb`.`ORDER` (`Order_ID`, `Customer_ID`, `Order_Status`, `Order_Date`) VALUES (7181, 1055, 'Delivered', '2018-02-26');
INSERT INTO `mydb`.`ORDER` (`Order_ID`, `Customer_ID`, `Order_Status`, `Order_Date`) VALUES (7182, 1099, 'Delivered', '2018-02-26');
INSERT INTO `mydb`.`ORDER` (`Order_ID`, `Customer_ID`, `Order_Status`, `Order_Date`) VALUES (7183, 1098, 'Delivered', '2018-02-26');
INSERT INTO `mydb`.`ORDER` (`Order_ID`, `Customer_ID`, `Order_Status`, `Order_Date`) VALUES (7184, 1075, 'Delivered', '2018-02-26');
INSERT INTO `mydb`.`ORDER` (`Order_ID`, `Customer_ID`, `Order_Status`, `Order_Date`) VALUES (7185, 1077, 'Delivered', '2018-02-27');
INSERT INTO `mydb`.`ORDER` (`Order_ID`, `Customer_ID`, `Order_Status`, `Order_Date`) VALUES (7186, 1049, 'Delivered', '2018-02-27');
INSERT INTO `mydb`.`ORDER` (`Order_ID`, `Customer_ID`, `Order_Status`, `Order_Date`) VALUES (7187, 1023, 'Delivered', '2018-02-28');
INSERT INTO `mydb`.`ORDER` (`Order_ID`, `Customer_ID`, `Order_Status`, `Order_Date`) VALUES (7188, 1044, 'Delivered', '2018-02-28');
INSERT INTO `mydb`.`ORDER` (`Order_ID`, `Customer_ID`, `Order_Status`, `Order_Date`) VALUES (7189, 1040, 'Delivered', '2018-02-28');
INSERT INTO `mydb`.`ORDER` (`Order_ID`, `Customer_ID`, `Order_Status`, `Order_Date`) VALUES (7190, 1098, 'Delivered', '2018-02-28');
INSERT INTO `mydb`.`ORDER` (`Order_ID`, `Customer_ID`, `Order_Status`, `Order_Date`) VALUES (7191, 1092, 'Delivered', '2018-03-01');
INSERT INTO `mydb`.`ORDER` (`Order_ID`, `Customer_ID`, `Order_Status`, `Order_Date`) VALUES (7192, 1091, 'Delivered', '2018-03-02');
INSERT INTO `mydb`.`ORDER` (`Order_ID`, `Customer_ID`, `Order_Status`, `Order_Date`) VALUES (7193, 1003, 'Delivered', '2018-03-02');
INSERT INTO `mydb`.`ORDER` (`Order_ID`, `Customer_ID`, `Order_Status`, `Order_Date`) VALUES (7194, 1094, 'Delivered', '2018-03-02');
INSERT INTO `mydb`.`ORDER` (`Order_ID`, `Customer_ID`, `Order_Status`, `Order_Date`) VALUES (7195, 1060, 'Delivered', '2018-03-02');
INSERT INTO `mydb`.`ORDER` (`Order_ID`, `Customer_ID`, `Order_Status`, `Order_Date`) VALUES (7196, 1052, 'Delivered', '2018-03-02');
INSERT INTO `mydb`.`ORDER` (`Order_ID`, `Customer_ID`, `Order_Status`, `Order_Date`) VALUES (7197, 1012, 'Delivered', '2018-03-03');
INSERT INTO `mydb`.`ORDER` (`Order_ID`, `Customer_ID`, `Order_Status`, `Order_Date`) VALUES (7198, 1047, 'Delivered', '2018-03-04');
INSERT INTO `mydb`.`ORDER` (`Order_ID`, `Customer_ID`, `Order_Status`, `Order_Date`) VALUES (7199, 1039, 'Delivered', '2018-03-04');
INSERT INTO `mydb`.`ORDER` (`Order_ID`, `Customer_ID`, `Order_Status`, `Order_Date`) VALUES (7200, 1002, 'Delivered', '2018-03-05');
INSERT INTO `mydb`.`ORDER` (`Order_ID`, `Customer_ID`, `Order_Status`, `Order_Date`) VALUES (7201, 1096, 'Delivered', '2018-03-05');
INSERT INTO `mydb`.`ORDER` (`Order_ID`, `Customer_ID`, `Order_Status`, `Order_Date`) VALUES (7202, 1059, 'Delivered', '2018-03-05');
INSERT INTO `mydb`.`ORDER` (`Order_ID`, `Customer_ID`, `Order_Status`, `Order_Date`) VALUES (7203, 1090, 'Delivered', '2018-03-05');
INSERT INTO `mydb`.`ORDER` (`Order_ID`, `Customer_ID`, `Order_Status`, `Order_Date`) VALUES (7204, 1026, 'Delivered', '2018-03-05');
INSERT INTO `mydb`.`ORDER` (`Order_ID`, `Customer_ID`, `Order_Status`, `Order_Date`) VALUES (7205, 1071, 'Delivered', '2018-03-05');
INSERT INTO `mydb`.`ORDER` (`Order_ID`, `Customer_ID`, `Order_Status`, `Order_Date`) VALUES (7206, 1080, 'Delivered', '2018-03-06');
INSERT INTO `mydb`.`ORDER` (`Order_ID`, `Customer_ID`, `Order_Status`, `Order_Date`) VALUES (7207, 1039, 'Delivered', '2018-03-06');
INSERT INTO `mydb`.`ORDER` (`Order_ID`, `Customer_ID`, `Order_Status`, `Order_Date`) VALUES (7208, 1057, 'Delivered', '2018-03-06');
INSERT INTO `mydb`.`ORDER` (`Order_ID`, `Customer_ID`, `Order_Status`, `Order_Date`) VALUES (7209, 1076, 'Delivered', '2018-03-06');
INSERT INTO `mydb`.`ORDER` (`Order_ID`, `Customer_ID`, `Order_Status`, `Order_Date`) VALUES (7210, 1042, 'Delivered', '2018-03-06');
INSERT INTO `mydb`.`ORDER` (`Order_ID`, `Customer_ID`, `Order_Status`, `Order_Date`) VALUES (7211, 1037, 'Delivered', '2018-03-07');
INSERT INTO `mydb`.`ORDER` (`Order_ID`, `Customer_ID`, `Order_Status`, `Order_Date`) VALUES (7212, 1057, 'Delivered', '2018-03-07');
INSERT INTO `mydb`.`ORDER` (`Order_ID`, `Customer_ID`, `Order_Status`, `Order_Date`) VALUES (7213, 1010, 'Delivered', '2018-03-07');
INSERT INTO `mydb`.`ORDER` (`Order_ID`, `Customer_ID`, `Order_Status`, `Order_Date`) VALUES (7214, 1015, 'Delivered', '2018-03-07');
INSERT INTO `mydb`.`ORDER` (`Order_ID`, `Customer_ID`, `Order_Status`, `Order_Date`) VALUES (7215, 1047, 'Delivered', '2018-03-08');
INSERT INTO `mydb`.`ORDER` (`Order_ID`, `Customer_ID`, `Order_Status`, `Order_Date`) VALUES (7216, 1003, 'Delivered', '2018-03-08');
INSERT INTO `mydb`.`ORDER` (`Order_ID`, `Customer_ID`, `Order_Status`, `Order_Date`) VALUES (7217, 1017, 'Delivered', '2018-03-09');
INSERT INTO `mydb`.`ORDER` (`Order_ID`, `Customer_ID`, `Order_Status`, `Order_Date`) VALUES (7218, 1095, 'Delivered', '2018-03-09');
INSERT INTO `mydb`.`ORDER` (`Order_ID`, `Customer_ID`, `Order_Status`, `Order_Date`) VALUES (7219, 1081, 'Delivered', '2018-03-09');
INSERT INTO `mydb`.`ORDER` (`Order_ID`, `Customer_ID`, `Order_Status`, `Order_Date`) VALUES (7220, 1052, 'Delivered', '2018-03-09');
INSERT INTO `mydb`.`ORDER` (`Order_ID`, `Customer_ID`, `Order_Status`, `Order_Date`) VALUES (7221, 1039, 'Delivered', '2018-03-10');
INSERT INTO `mydb`.`ORDER` (`Order_ID`, `Customer_ID`, `Order_Status`, `Order_Date`) VALUES (7222, 1057, 'Delivered', '2018-03-10');
INSERT INTO `mydb`.`ORDER` (`Order_ID`, `Customer_ID`, `Order_Status`, `Order_Date`) VALUES (7223, 1026, 'Delivered', '2018-03-10');
INSERT INTO `mydb`.`ORDER` (`Order_ID`, `Customer_ID`, `Order_Status`, `Order_Date`) VALUES (7224, 1043, 'Delivered', '2018-03-11');
INSERT INTO `mydb`.`ORDER` (`Order_ID`, `Customer_ID`, `Order_Status`, `Order_Date`) VALUES (7225, 1071, 'Delivered', '2018-03-11');
INSERT INTO `mydb`.`ORDER` (`Order_ID`, `Customer_ID`, `Order_Status`, `Order_Date`) VALUES (7226, 1018, 'Delivered', '2018-03-13');
INSERT INTO `mydb`.`ORDER` (`Order_ID`, `Customer_ID`, `Order_Status`, `Order_Date`) VALUES (7227, 1070, 'Delivered', '2018-03-13');
INSERT INTO `mydb`.`ORDER` (`Order_ID`, `Customer_ID`, `Order_Status`, `Order_Date`) VALUES (7228, 1074, 'Delivered', '2018-03-13');
INSERT INTO `mydb`.`ORDER` (`Order_ID`, `Customer_ID`, `Order_Status`, `Order_Date`) VALUES (7229, 1084, 'Delivered', '2018-03-13');
INSERT INTO `mydb`.`ORDER` (`Order_ID`, `Customer_ID`, `Order_Status`, `Order_Date`) VALUES (7230, 1055, 'Delivered', '2018-03-15');
INSERT INTO `mydb`.`ORDER` (`Order_ID`, `Customer_ID`, `Order_Status`, `Order_Date`) VALUES (7231, 1071, 'Delivered', '2018-03-15');
INSERT INTO `mydb`.`ORDER` (`Order_ID`, `Customer_ID`, `Order_Status`, `Order_Date`) VALUES (7232, 1087, 'Delivered', '2018-03-15');
INSERT INTO `mydb`.`ORDER` (`Order_ID`, `Customer_ID`, `Order_Status`, `Order_Date`) VALUES (7233, 1028, 'Delivered', '2018-03-16');
INSERT INTO `mydb`.`ORDER` (`Order_ID`, `Customer_ID`, `Order_Status`, `Order_Date`) VALUES (7234, 1074, 'Delivered', '2018-03-17');
INSERT INTO `mydb`.`ORDER` (`Order_ID`, `Customer_ID`, `Order_Status`, `Order_Date`) VALUES (7235, 1076, 'Delivered', '2018-03-18');
INSERT INTO `mydb`.`ORDER` (`Order_ID`, `Customer_ID`, `Order_Status`, `Order_Date`) VALUES (7236, 1012, 'Delivered', '2018-03-18');
INSERT INTO `mydb`.`ORDER` (`Order_ID`, `Customer_ID`, `Order_Status`, `Order_Date`) VALUES (7237, 1098, 'Delivered', '2018-03-19');
INSERT INTO `mydb`.`ORDER` (`Order_ID`, `Customer_ID`, `Order_Status`, `Order_Date`) VALUES (7238, 1092, 'Delivered', '2018-03-19');
INSERT INTO `mydb`.`ORDER` (`Order_ID`, `Customer_ID`, `Order_Status`, `Order_Date`) VALUES (7239, 1017, 'Delivered', '2018-03-19');
INSERT INTO `mydb`.`ORDER` (`Order_ID`, `Customer_ID`, `Order_Status`, `Order_Date`) VALUES (7240, 1089, 'Delivered', '2018-03-20');
INSERT INTO `mydb`.`ORDER` (`Order_ID`, `Customer_ID`, `Order_Status`, `Order_Date`) VALUES (7241, 1066, 'Delivered', '2018-03-20');
INSERT INTO `mydb`.`ORDER` (`Order_ID`, `Customer_ID`, `Order_Status`, `Order_Date`) VALUES (7242, 1046, 'Delivered', '2018-03-20');
INSERT INTO `mydb`.`ORDER` (`Order_ID`, `Customer_ID`, `Order_Status`, `Order_Date`) VALUES (7243, 1088, 'Delivered', '2018-03-21');
INSERT INTO `mydb`.`ORDER` (`Order_ID`, `Customer_ID`, `Order_Status`, `Order_Date`) VALUES (7244, 1091, 'Delivered', '2018-03-21');
INSERT INTO `mydb`.`ORDER` (`Order_ID`, `Customer_ID`, `Order_Status`, `Order_Date`) VALUES (7245, 1049, 'Delivered', '2018-03-21');
INSERT INTO `mydb`.`ORDER` (`Order_ID`, `Customer_ID`, `Order_Status`, `Order_Date`) VALUES (7246, 1100, 'Delivered', '2018-03-21');
INSERT INTO `mydb`.`ORDER` (`Order_ID`, `Customer_ID`, `Order_Status`, `Order_Date`) VALUES (7247, 1084, 'Delivered', '2018-03-21');
INSERT INTO `mydb`.`ORDER` (`Order_ID`, `Customer_ID`, `Order_Status`, `Order_Date`) VALUES (7248, 1089, 'Delivered', '2018-03-22');
INSERT INTO `mydb`.`ORDER` (`Order_ID`, `Customer_ID`, `Order_Status`, `Order_Date`) VALUES (7249, 1076, 'Delivered', '2018-03-22');
INSERT INTO `mydb`.`ORDER` (`Order_ID`, `Customer_ID`, `Order_Status`, `Order_Date`) VALUES (7250, 1100, 'Delivered', '2018-03-22');
INSERT INTO `mydb`.`ORDER` (`Order_ID`, `Customer_ID`, `Order_Status`, `Order_Date`) VALUES (7251, 1066, 'Delivered', '2018-03-23');
INSERT INTO `mydb`.`ORDER` (`Order_ID`, `Customer_ID`, `Order_Status`, `Order_Date`) VALUES (7252, 1053, 'Shipped', '2018-03-23');
INSERT INTO `mydb`.`ORDER` (`Order_ID`, `Customer_ID`, `Order_Status`, `Order_Date`) VALUES (7253, 1014, 'In-Process', '2018-03-23');
INSERT INTO `mydb`.`ORDER` (`Order_ID`, `Customer_ID`, `Order_Status`, `Order_Date`) VALUES (7254, 1062, 'Delivered', '2018-03-23');
INSERT INTO `mydb`.`ORDER` (`Order_ID`, `Customer_ID`, `Order_Status`, `Order_Date`) VALUES (7255, 1089, 'Delivered', '2018-03-24');
INSERT INTO `mydb`.`ORDER` (`Order_ID`, `Customer_ID`, `Order_Status`, `Order_Date`) VALUES (7256, 1043, 'Shipped', '2018-03-24');
INSERT INTO `mydb`.`ORDER` (`Order_ID`, `Customer_ID`, `Order_Status`, `Order_Date`) VALUES (7257, 1029, 'Shipped', '2018-03-25');
INSERT INTO `mydb`.`ORDER` (`Order_ID`, `Customer_ID`, `Order_Status`, `Order_Date`) VALUES (7258, 1031, 'In-Process', '2018-03-25');
INSERT INTO `mydb`.`ORDER` (`Order_ID`, `Customer_ID`, `Order_Status`, `Order_Date`) VALUES (7259, 1039, 'Delivered', '2018-03-25');
INSERT INTO `mydb`.`ORDER` (`Order_ID`, `Customer_ID`, `Order_Status`, `Order_Date`) VALUES (7260, 1075, 'In-Process', '2018-03-26');
INSERT INTO `mydb`.`ORDER` (`Order_ID`, `Customer_ID`, `Order_Status`, `Order_Date`) VALUES (7261, 1088, 'Shipped', '2018-03-26');
INSERT INTO `mydb`.`ORDER` (`Order_ID`, `Customer_ID`, `Order_Status`, `Order_Date`) VALUES (7262, 1013, 'Delivered', '2018-03-26');
INSERT INTO `mydb`.`ORDER` (`Order_ID`, `Customer_ID`, `Order_Status`, `Order_Date`) VALUES (7263, 1021, 'Shipped', '2018-03-26');
INSERT INTO `mydb`.`ORDER` (`Order_ID`, `Customer_ID`, `Order_Status`, `Order_Date`) VALUES (7264, 1051, 'Delivered', '2018-03-27');
INSERT INTO `mydb`.`ORDER` (`Order_ID`, `Customer_ID`, `Order_Status`, `Order_Date`) VALUES (7265, 1006, 'Shipped', '2018-03-27');
INSERT INTO `mydb`.`ORDER` (`Order_ID`, `Customer_ID`, `Order_Status`, `Order_Date`) VALUES (7266, 1033, 'Delivered', '2018-03-28');
INSERT INTO `mydb`.`ORDER` (`Order_ID`, `Customer_ID`, `Order_Status`, `Order_Date`) VALUES (7267, 1063, 'In-Process', '2018-03-28');
INSERT INTO `mydb`.`ORDER` (`Order_ID`, `Customer_ID`, `Order_Status`, `Order_Date`) VALUES (7268, 1060, 'Delivered', '2018-03-28');
INSERT INTO `mydb`.`ORDER` (`Order_ID`, `Customer_ID`, `Order_Status`, `Order_Date`) VALUES (7269, 1078, 'In-Process', '2018-03-29');
INSERT INTO `mydb`.`ORDER` (`Order_ID`, `Customer_ID`, `Order_Status`, `Order_Date`) VALUES (7270, 1085, 'In-Process', '2018-03-29');
INSERT INTO `mydb`.`ORDER` (`Order_ID`, `Customer_ID`, `Order_Status`, `Order_Date`) VALUES (7271, 1049, 'Delivered', '2018-03-29');
INSERT INTO `mydb`.`ORDER` (`Order_ID`, `Customer_ID`, `Order_Status`, `Order_Date`) VALUES (7272, 1066, 'Shipped', '2018-03-30');
INSERT INTO `mydb`.`ORDER` (`Order_ID`, `Customer_ID`, `Order_Status`, `Order_Date`) VALUES (7273, 1082, 'Delivered', '2018-03-30');
INSERT INTO `mydb`.`ORDER` (`Order_ID`, `Customer_ID`, `Order_Status`, `Order_Date`) VALUES (7274, 1096, 'Shipped', '2018-03-30');
INSERT INTO `mydb`.`ORDER` (`Order_ID`, `Customer_ID`, `Order_Status`, `Order_Date`) VALUES (7275, 1037, 'Delivered', '2018-03-30');
INSERT INTO `mydb`.`ORDER` (`Order_ID`, `Customer_ID`, `Order_Status`, `Order_Date`) VALUES (7276, 1003, 'In-Process', '2018-03-30');
INSERT INTO `mydb`.`ORDER` (`Order_ID`, `Customer_ID`, `Order_Status`, `Order_Date`) VALUES (7277, 1001, 'Delivered', '2018-03-30');
INSERT INTO `mydb`.`ORDER` (`Order_ID`, `Customer_ID`, `Order_Status`, `Order_Date`) VALUES (7278, 1020, 'In-Process', '2018-03-31');
INSERT INTO `mydb`.`ORDER` (`Order_ID`, `Customer_ID`, `Order_Status`, `Order_Date`) VALUES (7279, 1084, 'In-Process', '2018-03-31');
INSERT INTO `mydb`.`ORDER` (`Order_ID`, `Customer_ID`, `Order_Status`, `Order_Date`) VALUES (7280, 1051, 'Delivered', '2018-04-01');
INSERT INTO `mydb`.`ORDER` (`Order_ID`, `Customer_ID`, `Order_Status`, `Order_Date`) VALUES (7281, 1065, 'Shipped', '2018-04-01');
INSERT INTO `mydb`.`ORDER` (`Order_ID`, `Customer_ID`, `Order_Status`, `Order_Date`) VALUES (7282, 1032, 'In-Process', '2018-04-01');
INSERT INTO `mydb`.`ORDER` (`Order_ID`, `Customer_ID`, `Order_Status`, `Order_Date`) VALUES (7283, 1035, 'Delivered', '2018-04-02');
INSERT INTO `mydb`.`ORDER` (`Order_ID`, `Customer_ID`, `Order_Status`, `Order_Date`) VALUES (7284, 1005, 'Shipped', '2018-04-02');
INSERT INTO `mydb`.`ORDER` (`Order_ID`, `Customer_ID`, `Order_Status`, `Order_Date`) VALUES (7285, 1095, 'Delivered', '2018-04-02');
INSERT INTO `mydb`.`ORDER` (`Order_ID`, `Customer_ID`, `Order_Status`, `Order_Date`) VALUES (7286, 1023, 'In-Process', '2018-04-03');
INSERT INTO `mydb`.`ORDER` (`Order_ID`, `Customer_ID`, `Order_Status`, `Order_Date`) VALUES (7287, 1038, 'Delivered', '2018-04-03');
INSERT INTO `mydb`.`ORDER` (`Order_ID`, `Customer_ID`, `Order_Status`, `Order_Date`) VALUES (7288, 1063, 'In-Process', '2018-04-03');
INSERT INTO `mydb`.`ORDER` (`Order_ID`, `Customer_ID`, `Order_Status`, `Order_Date`) VALUES (7289, 1083, 'In-Process', '2018-04-03');
INSERT INTO `mydb`.`ORDER` (`Order_ID`, `Customer_ID`, `Order_Status`, `Order_Date`) VALUES (7290, 1030, 'Shipped', '2018-04-04');
INSERT INTO `mydb`.`ORDER` (`Order_ID`, `Customer_ID`, `Order_Status`, `Order_Date`) VALUES (7291, 1015, 'Shipped', '2018-04-04');
INSERT INTO `mydb`.`ORDER` (`Order_ID`, `Customer_ID`, `Order_Status`, `Order_Date`) VALUES (7292, 1091, 'In-Process', '2018-04-04');
INSERT INTO `mydb`.`ORDER` (`Order_ID`, `Customer_ID`, `Order_Status`, `Order_Date`) VALUES (7293, 1097, 'In-Process', '2018-04-04');
INSERT INTO `mydb`.`ORDER` (`Order_ID`, `Customer_ID`, `Order_Status`, `Order_Date`) VALUES (7294, 1084, 'Delivered', '2018-04-04');
INSERT INTO `mydb`.`ORDER` (`Order_ID`, `Customer_ID`, `Order_Status`, `Order_Date`) VALUES (7295, 1032, 'In-Process', '2018-04-04');
INSERT INTO `mydb`.`ORDER` (`Order_ID`, `Customer_ID`, `Order_Status`, `Order_Date`) VALUES (7296, 1029, 'In-Process', '2018-04-05');
INSERT INTO `mydb`.`ORDER` (`Order_ID`, `Customer_ID`, `Order_Status`, `Order_Date`) VALUES (7297, 1033, 'Delivered', '2018-04-05');
INSERT INTO `mydb`.`ORDER` (`Order_ID`, `Customer_ID`, `Order_Status`, `Order_Date`) VALUES (7298, 1010, 'Shipped', '2018-04-05');
INSERT INTO `mydb`.`ORDER` (`Order_ID`, `Customer_ID`, `Order_Status`, `Order_Date`) VALUES (7299, 1070, 'Delivered', '2018-04-05');
INSERT INTO `mydb`.`ORDER` (`Order_ID`, `Customer_ID`, `Order_Status`, `Order_Date`) VALUES (7300, 1079, 'Delivered', '2018-04-05');
INSERT INTO `mydb`.`ORDER` (`Order_ID`, `Customer_ID`, `Order_Status`, `Order_Date`) VALUES (7301, 1063, 'Shipped', '2018-04-06');
INSERT INTO `mydb`.`ORDER` (`Order_ID`, `Customer_ID`, `Order_Status`, `Order_Date`) VALUES (7302, 1037, 'Delivered', '2018-04-07');
INSERT INTO `mydb`.`ORDER` (`Order_ID`, `Customer_ID`, `Order_Status`, `Order_Date`) VALUES (7303, 1087, 'In-Process', '2018-04-07');
INSERT INTO `mydb`.`ORDER` (`Order_ID`, `Customer_ID`, `Order_Status`, `Order_Date`) VALUES (7304, 1068, 'Delivered', '2018-04-09');
INSERT INTO `mydb`.`ORDER` (`Order_ID`, `Customer_ID`, `Order_Status`, `Order_Date`) VALUES (7305, 1050, 'In-Process', '2018-04-09');
INSERT INTO `mydb`.`ORDER` (`Order_ID`, `Customer_ID`, `Order_Status`, `Order_Date`) VALUES (7306, 1033, 'In-Process', '2018-04-09');
INSERT INTO `mydb`.`ORDER` (`Order_ID`, `Customer_ID`, `Order_Status`, `Order_Date`) VALUES (7307, 1018, 'In-Process', '2018-04-10');
INSERT INTO `mydb`.`ORDER` (`Order_ID`, `Customer_ID`, `Order_Status`, `Order_Date`) VALUES (7308, 1083, 'Delivered', '2018-04-10');
INSERT INTO `mydb`.`ORDER` (`Order_ID`, `Customer_ID`, `Order_Status`, `Order_Date`) VALUES (7309, 1024, 'In-Process', '2018-04-10');
INSERT INTO `mydb`.`ORDER` (`Order_ID`, `Customer_ID`, `Order_Status`, `Order_Date`) VALUES (7310, 1087, 'In-Process', '2018-04-11');
INSERT INTO `mydb`.`ORDER` (`Order_ID`, `Customer_ID`, `Order_Status`, `Order_Date`) VALUES (7311, 1056, 'Delivered', '2018-04-11');
INSERT INTO `mydb`.`ORDER` (`Order_ID`, `Customer_ID`, `Order_Status`, `Order_Date`) VALUES (7312, 1001, 'Shipped', '2018-04-12');
INSERT INTO `mydb`.`ORDER` (`Order_ID`, `Customer_ID`, `Order_Status`, `Order_Date`) VALUES (7313, 1081, 'In-Process', '2018-04-12');
INSERT INTO `mydb`.`ORDER` (`Order_ID`, `Customer_ID`, `Order_Status`, `Order_Date`) VALUES (7314, 1080, 'Delivered', '2018-04-12');
INSERT INTO `mydb`.`ORDER` (`Order_ID`, `Customer_ID`, `Order_Status`, `Order_Date`) VALUES (7315, 1053, 'Shipped', '2018-04-13');
INSERT INTO `mydb`.`ORDER` (`Order_ID`, `Customer_ID`, `Order_Status`, `Order_Date`) VALUES (7316, 1083, 'Delivered', '2018-04-13');
INSERT INTO `mydb`.`ORDER` (`Order_ID`, `Customer_ID`, `Order_Status`, `Order_Date`) VALUES (7317, 1080, 'In-Process', '2018-04-14');
INSERT INTO `mydb`.`ORDER` (`Order_ID`, `Customer_ID`, `Order_Status`, `Order_Date`) VALUES (7318, 1052, 'Delivered', '2018-04-14');
INSERT INTO `mydb`.`ORDER` (`Order_ID`, `Customer_ID`, `Order_Status`, `Order_Date`) VALUES (7319, 1026, 'Delivered', '2018-04-16');
INSERT INTO `mydb`.`ORDER` (`Order_ID`, `Customer_ID`, `Order_Status`, `Order_Date`) VALUES (7320, 1014, 'In-Process', '2018-04-16');
INSERT INTO `mydb`.`SELLER` (`Seller_ID`, `Seller_BusinessName`, `Seller_Email`, `Seller_Address`, `Seller_PhoneNumber`) VALUES (5001, 'Sky2noodle', 'sky2@sky2noodle.com', '39 Shopko Junction', '(514) 798-7237');
INSERT INTO `mydb`.`SELLER` (`Seller_ID`, `Seller_BusinessName`, `Seller_Email`, `Seller_Address`, `Seller_PhoneNumber`) VALUES (5002, 'B-AD-Cook', 'bad@bad-cook.com', '78896 Annamark Plaza', '(514) 973-0070');
INSERT INTO `mydb`.`SELLER` (`Seller_ID`, `Seller_BusinessName`, `Seller_Email`, `Seller_Address`, `Seller_PhoneNumber`) VALUES (5003, 'RealHerbs', 'real@realherbs.com', '56 Chive Point', '(514) 321-8586');
INSERT INTO `mydb`.`SELLER` (`Seller_ID`, `Seller_BusinessName`, `Seller_Email`, `Seller_Address`, `Seller_PhoneNumber`) VALUES (5004, 'Soupbar XXL', 'soup@soupbar xxl.com', '2375 Gateway Point', '(514) 022-2547');
INSERT INTO `mydb`.`SELLER` (`Seller_ID`, `Seller_BusinessName`, `Seller_Email`, `Seller_Address`, `Seller_PhoneNumber`) VALUES (5005, 'Soupbox', 'soup@soupbox.com', '5698 Hansons Street', '(514) 884-7964');
INSERT INTO `mydb`.`SELLER` (`Seller_ID`, `Seller_BusinessName`, `Seller_Email`, `Seller_Address`, `Seller_PhoneNumber`) VALUES (5006, 'LazzFruits', 'lazz@lazzfruits.com', '9 Monument Place', '(514) 276-0888');
INSERT INTO `mydb`.`SELLER` (`Seller_ID`, `Seller_BusinessName`, `Seller_Email`, `Seller_Address`, `Seller_PhoneNumber`) VALUES (5007, 'Twin-breads', 'twin@twin-breads.com', '3 Hoard Terrace', '(514) 115-0632');
INSERT INTO `mydb`.`SELLER` (`Seller_ID`, `Seller_BusinessName`, `Seller_Email`, `Seller_Address`, `Seller_PhoneNumber`) VALUES (5008, 'Mymmbreads', 'mymm@mymmbreads.com', '79799 Vera Drive', '(514) 001-7435');
INSERT INTO `mydb`.`SELLER` (`Seller_ID`, `Seller_BusinessName`, `Seller_Email`, `Seller_Address`, `Seller_PhoneNumber`) VALUES (5009, 'Gigashots', 'giga@gigashots.com', '198 Pankratz Crossing', '(514) 518-0578');
INSERT INTO `mydb`.`SELLER` (`Seller_ID`, `Seller_BusinessName`, `Seller_Email`, `Seller_Address`, `Seller_PhoneNumber`) VALUES (5010, 'Mibo', 'mibo@mibo.com', '832 Caliangt Terrace', '(514) 427-6579');
INSERT INTO `mydb`.`SELLER` (`Seller_ID`, `Seller_BusinessName`, `Seller_Email`, `Seller_Address`, `Seller_PhoneNumber`) VALUES (5011, 'Quatz', 'qua2@quatz.com', '20 Division Street', '(514) 023-9384');
INSERT INTO `mydb`.`SELLER` (`Seller_ID`, `Seller_BusinessName`, `Seller_Email`, `Seller_Address`, `Seller_PhoneNumber`) VALUES (5012, 'BrigBeans', 'brig@brigbeans.com', '1160 Lakewood Circle', '(514) 967-0860');
INSERT INTO `mydb`.`SELLER` (`Seller_ID`, `Seller_BusinessName`, `Seller_Email`, `Seller_Address`, `Seller_PhoneNumber`) VALUES (5013, 'Buzzster', 'buzz@buzzster.com', '616 Moulton Hill', '(514) 835-0878');
INSERT INTO `mydb`.`SELLER` (`Seller_ID`, `Seller_BusinessName`, `Seller_Email`, `Seller_Address`, `Seller_PhoneNumber`) VALUES (5014, 'Tanoodle', 'tanoo@tanoodle.com', '90 Buhler Point', '(514) 195-0089');
INSERT INTO `mydb`.`SELLER` (`Seller_ID`, `Seller_BusinessName`, `Seller_Email`, `Seller_Address`, `Seller_PhoneNumber`) VALUES (5015, 'Skinix', 'skin@skinix.com', '2710 Basil Terrace', '(514) 259-6941');
INSERT INTO `mydb`.`SELLER` (`Seller_ID`, `Seller_BusinessName`, `Seller_Email`, `Seller_Address`, `Seller_PhoneNumber`) VALUES (5016, 'HolyCakes', 'holy@holycakes.com', '7559 Brentwood Circle', '(514) 094-1056');
INSERT INTO `mydb`.`SELLER` (`Seller_ID`, `Seller_BusinessName`, `Seller_Email`, `Seller_Address`, `Seller_PhoneNumber`) VALUES (5017, 'CloTune', 'clot@clotune.com', '155 Southridge Drive', '(514) 422-5670');
INSERT INTO `mydb`.`SELLER` (`Seller_ID`, `Seller_BusinessName`, `Seller_Email`, `Seller_Address`, `Seller_PhoneNumber`) VALUES (5018, 'Gabspot', 'gabs@gabspot.com', '58216 Dunning Pass', '(514) 994-6173');
INSERT INTO `mydb`.`SELLER` (`Seller_ID`, `Seller_BusinessName`, `Seller_Email`, `Seller_Address`, `Seller_PhoneNumber`) VALUES (5019, 'TopSpice', 'tops@topspice.com', '3 Everett Drive', '(514) 882-6423');
INSERT INTO `mydb`.`SELLER` (`Seller_ID`, `Seller_BusinessName`, `Seller_Email`, `Seller_Address`, `Seller_PhoneNumber`) VALUES (5020, 'TopPings', 'topp@toppings.com', '77 Aberg Court', '(514) 988-6208');
INSERT INTO `mydb`.`SELLER` (`Seller_ID`, `Seller_BusinessName`, `Seller_Email`, `Seller_Address`, `Seller_PhoneNumber`) VALUES (5021, 'Katz', 'katz@katz.com', '87195 Kim Circle', '(514) 112-0849');
INSERT INTO `mydb`.`SELLER` (`Seller_ID`, `Seller_BusinessName`, `Seller_Email`, `Seller_Address`, `Seller_PhoneNumber`) VALUES (5022, 'EirePastry', 'eire@eirepastry.com', '059 Eagan Street', '(514) 947-3723');
INSERT INTO `mydb`.`SELLER` (`Seller_ID`, `Seller_BusinessName`, `Seller_Email`, `Seller_Address`, `Seller_PhoneNumber`) VALUES (5023, 'Vinte', 'vint@vinte.com', '2 Buhler Way', '(514) 749-0859');
INSERT INTO `mydb`.`SELLER` (`Seller_ID`, `Seller_BusinessName`, `Seller_Email`, `Seller_Address`, `Seller_PhoneNumber`) VALUES (5024, 'Lajo', 'lajo@lajo.com', '96 American Ash Road', '(514) 077-3659');
INSERT INTO `mydb`.`SELLER` (`Seller_ID`, `Seller_BusinessName`, `Seller_Email`, `Seller_Address`, `Seller_PhoneNumber`) VALUES (5025, 'CamiCho', 'cami@camicho.com', '34 Tennessee Terrace', '(514) 712-8716');
INSERT INTO `mydb`.`SELLER` (`Seller_ID`, `Seller_BusinessName`, `Seller_Email`, `Seller_Address`, `Seller_PhoneNumber`) VALUES (5026, 'Meejoy', 'mee@meejoy.com', '851 Forster Plaza', '(514) 734-8120');
INSERT INTO `mydb`.`SELLER` (`Seller_ID`, `Seller_BusinessName`, `Seller_Email`, `Seller_Address`, `Seller_PhoneNumber`) VALUES (5027, 'Livepath', 'live@livepath.com', '17580 Dennis Point', '(514) 015-7397');
INSERT INTO `mydb`.`SELLER` (`Seller_ID`, `Seller_BusinessName`, `Seller_Email`, `Seller_Address`, `Seller_PhoneNumber`) VALUES (5028, 'Demimbu', 'demi@demimbu.com', '1679 Dixon Park', '(514) 878-0274');
INSERT INTO `mydb`.`SHIPMENT` (`Shipment_ID`, `Order_ID`, `Seller_ID`, `Shipment_Address`, `Shipment_ShippingDate`, `Shipment_ExpectedDeliveryDate`, `Shipment_Fee`) VALUES (8001, 7002, 5017, '9 Dryden Trail', '2018-01-10', '2018-01-12', 6.5);
INSERT INTO `mydb`.`SHIPMENT` (`Shipment_ID`, `Order_ID`, `Seller_ID`, `Shipment_Address`, `Shipment_ShippingDate`, `Shipment_ExpectedDeliveryDate`, `Shipment_Fee`) VALUES (8002, 7003, 5019, '84 Rockefeller Parkway', '2018-01-10', '2018-01-12', 4.09);
INSERT INTO `mydb`.`SHIPMENT` (`Shipment_ID`, `Order_ID`, `Seller_ID`, `Shipment_Address`, `Shipment_ShippingDate`, `Shipment_ExpectedDeliveryDate`, `Shipment_Fee`) VALUES (8003, 7004, NULL, '64 Banding Place', '2018-01-10', '2018-01-12', 0);
INSERT INTO `mydb`.`SHIPMENT` (`Shipment_ID`, `Order_ID`, `Seller_ID`, `Shipment_Address`, `Shipment_ShippingDate`, `Shipment_ExpectedDeliveryDate`, `Shipment_Fee`) VALUES (8004, 7005, NULL, '9 Dawn Junction', '2018-01-10', '2018-01-12', 0);
INSERT INTO `mydb`.`SHIPMENT` (`Shipment_ID`, `Order_ID`, `Seller_ID`, `Shipment_Address`, `Shipment_ShippingDate`, `Shipment_ExpectedDeliveryDate`, `Shipment_Fee`) VALUES (8005, 7006, 5014, '5 2nd Junction', '2018-01-10', '2018-01-12', 6.46);
INSERT INTO `mydb`.`SHIPMENT` (`Shipment_ID`, `Order_ID`, `Seller_ID`, `Shipment_Address`, `Shipment_ShippingDate`, `Shipment_ExpectedDeliveryDate`, `Shipment_Fee`) VALUES (8006, 7007, 5027, '76740 Vera Park', '2018-01-11', '2018-01-13', 4.4);
INSERT INTO `mydb`.`SHIPMENT` (`Shipment_ID`, `Order_ID`, `Seller_ID`, `Shipment_Address`, `Shipment_ShippingDate`, `Shipment_ExpectedDeliveryDate`, `Shipment_Fee`) VALUES (8007, 7008, 5014, '978 Red Cloud Pass', '2018-01-11', '2018-01-13', 6.24);
INSERT INTO `mydb`.`SHIPMENT` (`Shipment_ID`, `Order_ID`, `Seller_ID`, `Shipment_Address`, `Shipment_ShippingDate`, `Shipment_ExpectedDeliveryDate`, `Shipment_Fee`) VALUES (8008, 7009, NULL, '7679 Ridgeway Terrace', '2018-01-11', '2018-01-13', 0);
INSERT INTO `mydb`.`SHIPMENT` (`Shipment_ID`, `Order_ID`, `Seller_ID`, `Shipment_Address`, `Shipment_ShippingDate`, `Shipment_ExpectedDeliveryDate`, `Shipment_Fee`) VALUES (8009, 7010, 5017, '160 Dakota Park', '2018-01-12', '2018-01-14', 4.57);
INSERT INTO `mydb`.`SHIPMENT` (`Shipment_ID`, `Order_ID`, `Seller_ID`, `Shipment_Address`, `Shipment_ShippingDate`, `Shipment_ExpectedDeliveryDate`, `Shipment_Fee`) VALUES (8010, 7011, NULL, '61512 8th Pass', '2018-01-12', '2018-01-14', 0);
INSERT INTO `mydb`.`SHIPMENT` (`Shipment_ID`, `Order_ID`, `Seller_ID`, `Shipment_Address`, `Shipment_ShippingDate`, `Shipment_ExpectedDeliveryDate`, `Shipment_Fee`) VALUES (8011, 7012, NULL, '95 Hanover Hill', '2018-01-12', '2018-01-14', 0);
INSERT INTO `mydb`.`SHIPMENT` (`Shipment_ID`, `Order_ID`, `Seller_ID`, `Shipment_Address`, `Shipment_ShippingDate`, `Shipment_ExpectedDeliveryDate`, `Shipment_Fee`) VALUES (8012, 7013, 5020, '57 Donald Crossing', '2018-01-12', '2018-01-14', 6.67);
INSERT INTO `mydb`.`SHIPMENT` (`Shipment_ID`, `Order_ID`, `Seller_ID`, `Shipment_Address`, `Shipment_ShippingDate`, `Shipment_ExpectedDeliveryDate`, `Shipment_Fee`) VALUES (8013, 7014, 5015, '44592 Moland Hill', '2018-01-14', '2018-01-16', 4.02);
INSERT INTO `mydb`.`SHIPMENT` (`Shipment_ID`, `Order_ID`, `Seller_ID`, `Shipment_Address`, `Shipment_ShippingDate`, `Shipment_ExpectedDeliveryDate`, `Shipment_Fee`) VALUES (8014, 7015, NULL, '9 Old Gate Center', '2018-01-14', '2018-01-16', 0);
INSERT INTO `mydb`.`SHIPMENT` (`Shipment_ID`, `Order_ID`, `Seller_ID`, `Shipment_Address`, `Shipment_ShippingDate`, `Shipment_ExpectedDeliveryDate`, `Shipment_Fee`) VALUES (8015, 7016, 5015, '84 Rockefeller Parkway', '2018-01-15', '2018-01-17', 6.3);
INSERT INTO `mydb`.`SHIPMENT` (`Shipment_ID`, `Order_ID`, `Seller_ID`, `Shipment_Address`, `Shipment_ShippingDate`, `Shipment_ExpectedDeliveryDate`, `Shipment_Fee`) VALUES (8016, 7017, 5019, '9779 Melvin Lane', '2018-01-15', '2018-01-17', 4.78);
INSERT INTO `mydb`.`SHIPMENT` (`Shipment_ID`, `Order_ID`, `Seller_ID`, `Shipment_Address`, `Shipment_ShippingDate`, `Shipment_ExpectedDeliveryDate`, `Shipment_Fee`) VALUES (8017, 7018, 5026, '65 Center Way', '2018-01-15', '2018-01-17', 4.67);
INSERT INTO `mydb`.`SHIPMENT` (`Shipment_ID`, `Order_ID`, `Seller_ID`, `Shipment_Address`, `Shipment_ShippingDate`, `Shipment_ExpectedDeliveryDate`, `Shipment_Fee`) VALUES (8018, 7019, 5019, '4 Artisan Terrace', '2018-01-15', '2018-01-17', 4.76);
INSERT INTO `mydb`.`SHIPMENT` (`Shipment_ID`, `Order_ID`, `Seller_ID`, `Shipment_Address`, `Shipment_ShippingDate`, `Shipment_ExpectedDeliveryDate`, `Shipment_Fee`) VALUES (8019, 7020, 5008, '64271 Trailsway Plaza', '2018-01-15', '2018-01-17', 6.59);
INSERT INTO `mydb`.`SHIPMENT` (`Shipment_ID`, `Order_ID`, `Seller_ID`, `Shipment_Address`, `Shipment_ShippingDate`, `Shipment_ExpectedDeliveryDate`, `Shipment_Fee`) VALUES (8020, 7021, 5027, '30 Kim Plaza', '2018-01-15', '2018-01-17', 4.64);
INSERT INTO `mydb`.`SHIPMENT` (`Shipment_ID`, `Order_ID`, `Seller_ID`, `Shipment_Address`, `Shipment_ShippingDate`, `Shipment_ExpectedDeliveryDate`, `Shipment_Fee`) VALUES (8021, 7022, NULL, '95 Hanover Hill', '2018-01-16', '2018-01-18', 0);
INSERT INTO `mydb`.`SHIPMENT` (`Shipment_ID`, `Order_ID`, `Seller_ID`, `Shipment_Address`, `Shipment_ShippingDate`, `Shipment_ExpectedDeliveryDate`, `Shipment_Fee`) VALUES (8022, 7023, NULL, '9 American Ash Avenue', '2018-01-16', '2018-01-18', 0);
INSERT INTO `mydb`.`SHIPMENT` (`Shipment_ID`, `Order_ID`, `Seller_ID`, `Shipment_Address`, `Shipment_ShippingDate`, `Shipment_ExpectedDeliveryDate`, `Shipment_Fee`) VALUES (8023, 7024, 5008, '81 Dorton Drive', '2018-01-16', '2018-01-18', 6.07);
INSERT INTO `mydb`.`SHIPMENT` (`Shipment_ID`, `Order_ID`, `Seller_ID`, `Shipment_Address`, `Shipment_ShippingDate`, `Shipment_ExpectedDeliveryDate`, `Shipment_Fee`) VALUES (8024, 7025, NULL, '762 John Wall Park', '2018-01-16', '2018-01-18', 0);
INSERT INTO `mydb`.`SHIPMENT` (`Shipment_ID`, `Order_ID`, `Seller_ID`, `Shipment_Address`, `Shipment_ShippingDate`, `Shipment_ExpectedDeliveryDate`, `Shipment_Fee`) VALUES (8025, 7026, 5008, '76740 Vera Park', '2018-01-16', '2018-01-18', 6.82);
INSERT INTO `mydb`.`SHIPMENT` (`Shipment_ID`, `Order_ID`, `Seller_ID`, `Shipment_Address`, `Shipment_ShippingDate`, `Shipment_ExpectedDeliveryDate`, `Shipment_Fee`) VALUES (8026, 7027, 5008, '2719 La Follette Pass', '2018-01-17', '2018-01-19', 4.17);
INSERT INTO `mydb`.`SHIPMENT` (`Shipment_ID`, `Order_ID`, `Seller_ID`, `Shipment_Address`, `Shipment_ShippingDate`, `Shipment_ExpectedDeliveryDate`, `Shipment_Fee`) VALUES (8027, 7028, NULL, '9 Dawn Junction', '2018-01-17', '2018-01-19', 0);
INSERT INTO `mydb`.`SHIPMENT` (`Shipment_ID`, `Order_ID`, `Seller_ID`, `Shipment_Address`, `Shipment_ShippingDate`, `Shipment_ExpectedDeliveryDate`, `Shipment_Fee`) VALUES (8028, 7029, NULL, '95 Hanover Hill', '2018-01-19', '2018-01-21', 0);
INSERT INTO `mydb`.`SHIPMENT` (`Shipment_ID`, `Order_ID`, `Seller_ID`, `Shipment_Address`, `Shipment_ShippingDate`, `Shipment_ExpectedDeliveryDate`, `Shipment_Fee`) VALUES (8029, 7030, 5008, '6 Nancy Circle', '2018-01-19', '2018-01-21', 4.15);
INSERT INTO `mydb`.`SHIPMENT` (`Shipment_ID`, `Order_ID`, `Seller_ID`, `Shipment_Address`, `Shipment_ShippingDate`, `Shipment_ExpectedDeliveryDate`, `Shipment_Fee`) VALUES (8030, 7031, NULL, '9 Dawn Junction', '2018-01-20', '2018-01-22', 0);
INSERT INTO `mydb`.`SHIPMENT` (`Shipment_ID`, `Order_ID`, `Seller_ID`, `Shipment_Address`, `Shipment_ShippingDate`, `Shipment_ExpectedDeliveryDate`, `Shipment_Fee`) VALUES (8031, 7033, 5006, '42526 Sugar Center', '2018-01-21', '2018-01-23', 4.31);
INSERT INTO `mydb`.`SHIPMENT` (`Shipment_ID`, `Order_ID`, `Seller_ID`, `Shipment_Address`, `Shipment_ShippingDate`, `Shipment_ExpectedDeliveryDate`, `Shipment_Fee`) VALUES (8032, 7034, NULL, '7542 Farmco Pass', '2018-01-21', '2018-01-23', 0);
INSERT INTO `mydb`.`SHIPMENT` (`Shipment_ID`, `Order_ID`, `Seller_ID`, `Shipment_Address`, `Shipment_ShippingDate`, `Shipment_ExpectedDeliveryDate`, `Shipment_Fee`) VALUES (8033, 7035, 5025, '60660 East Park', '2018-01-21', '2018-01-23', 6.01);
INSERT INTO `mydb`.`SHIPMENT` (`Shipment_ID`, `Order_ID`, `Seller_ID`, `Shipment_Address`, `Shipment_ShippingDate`, `Shipment_ExpectedDeliveryDate`, `Shipment_Fee`) VALUES (8034, 7037, NULL, '8075 Portage Circle', '2018-01-21', '2018-01-23', 0);
INSERT INTO `mydb`.`SHIPMENT` (`Shipment_ID`, `Order_ID`, `Seller_ID`, `Shipment_Address`, `Shipment_ShippingDate`, `Shipment_ExpectedDeliveryDate`, `Shipment_Fee`) VALUES (8035, 7039, 5020, '348 Transport Point', '2018-01-22', '2018-01-24', 5.62);
INSERT INTO `mydb`.`SHIPMENT` (`Shipment_ID`, `Order_ID`, `Seller_ID`, `Shipment_Address`, `Shipment_ShippingDate`, `Shipment_ExpectedDeliveryDate`, `Shipment_Fee`) VALUES (8036, 7041, 5014, '007 Canary Pass', '2018-01-22', '2018-01-24', 5.52);
INSERT INTO `mydb`.`SHIPMENT` (`Shipment_ID`, `Order_ID`, `Seller_ID`, `Shipment_Address`, `Shipment_ShippingDate`, `Shipment_ExpectedDeliveryDate`, `Shipment_Fee`) VALUES (8037, 7042, 5008, '2997 Saint Paul Court', '2018-01-23', '2018-01-25', 6.42);
INSERT INTO `mydb`.`SHIPMENT` (`Shipment_ID`, `Order_ID`, `Seller_ID`, `Shipment_Address`, `Shipment_ShippingDate`, `Shipment_ExpectedDeliveryDate`, `Shipment_Fee`) VALUES (8038, 7044, NULL, '921 Thompson Parkway', '2018-01-24', '2018-01-26', 0);
INSERT INTO `mydb`.`SHIPMENT` (`Shipment_ID`, `Order_ID`, `Seller_ID`, `Shipment_Address`, `Shipment_ShippingDate`, `Shipment_ExpectedDeliveryDate`, `Shipment_Fee`) VALUES (8039, 7045, 5027, '10658 Barnett Road', '2018-01-24', '2018-01-26', 4.43);
INSERT INTO `mydb`.`SHIPMENT` (`Shipment_ID`, `Order_ID`, `Seller_ID`, `Shipment_Address`, `Shipment_ShippingDate`, `Shipment_ExpectedDeliveryDate`, `Shipment_Fee`) VALUES (8040, 7046, 5014, '30 Kim Plaza', '2018-01-24', '2018-01-26', 4.66);
INSERT INTO `mydb`.`SHIPMENT` (`Shipment_ID`, `Order_ID`, `Seller_ID`, `Shipment_Address`, `Shipment_ShippingDate`, `Shipment_ExpectedDeliveryDate`, `Shipment_Fee`) VALUES (8041, 7047, 5014, '57124 Granby Drive', '2018-01-25', '2018-01-27', 5.37);
INSERT INTO `mydb`.`SHIPMENT` (`Shipment_ID`, `Order_ID`, `Seller_ID`, `Shipment_Address`, `Shipment_ShippingDate`, `Shipment_ExpectedDeliveryDate`, `Shipment_Fee`) VALUES (8042, 7048, NULL, '99 Milwaukee Parkway', '2018-01-25', '2018-01-27', 0);
INSERT INTO `mydb`.`SHIPMENT` (`Shipment_ID`, `Order_ID`, `Seller_ID`, `Shipment_Address`, `Shipment_ShippingDate`, `Shipment_ExpectedDeliveryDate`, `Shipment_Fee`) VALUES (8043, 7049, 5017, '42526 Sugar Center', '2018-01-25', '2018-01-27', 6.84);
INSERT INTO `mydb`.`SHIPMENT` (`Shipment_ID`, `Order_ID`, `Seller_ID`, `Shipment_Address`, `Shipment_ShippingDate`, `Shipment_ExpectedDeliveryDate`, `Shipment_Fee`) VALUES (8044, 7050, NULL, '8075 Portage Circle', '2018-01-26', '2018-01-28', 0);
INSERT INTO `mydb`.`SHIPMENT` (`Shipment_ID`, `Order_ID`, `Seller_ID`, `Shipment_Address`, `Shipment_ShippingDate`, `Shipment_ExpectedDeliveryDate`, `Shipment_Fee`) VALUES (8045, 7051, 5020, '512 Center Center', '2018-01-26', '2018-01-28', 4.52);
INSERT INTO `mydb`.`SHIPMENT` (`Shipment_ID`, `Order_ID`, `Seller_ID`, `Shipment_Address`, `Shipment_ShippingDate`, `Shipment_ExpectedDeliveryDate`, `Shipment_Fee`) VALUES (8046, 7052, 5027, '84 Rockefeller Parkway', '2018-01-26', '2018-01-28', 5.09);
INSERT INTO `mydb`.`SHIPMENT` (`Shipment_ID`, `Order_ID`, `Seller_ID`, `Shipment_Address`, `Shipment_ShippingDate`, `Shipment_ExpectedDeliveryDate`, `Shipment_Fee`) VALUES (8047, 7053, NULL, '100 Mayfield Junction', '2018-01-26', '2018-01-28', 0);
INSERT INTO `mydb`.`SHIPMENT` (`Shipment_ID`, `Order_ID`, `Seller_ID`, `Shipment_Address`, `Shipment_ShippingDate`, `Shipment_ExpectedDeliveryDate`, `Shipment_Fee`) VALUES (8048, 7054, 5020, '76740 Vera Park', '2018-01-26', '2018-01-28', 6.84);
INSERT INTO `mydb`.`SHIPMENT` (`Shipment_ID`, `Order_ID`, `Seller_ID`, `Shipment_Address`, `Shipment_ShippingDate`, `Shipment_ExpectedDeliveryDate`, `Shipment_Fee`) VALUES (8049, 7055, NULL, '9 Old Gate Center', '2018-01-27', '2018-01-29', 0);
INSERT INTO `mydb`.`SHIPMENT` (`Shipment_ID`, `Order_ID`, `Seller_ID`, `Shipment_Address`, `Shipment_ShippingDate`, `Shipment_ExpectedDeliveryDate`, `Shipment_Fee`) VALUES (8050, 7056, 5028, '007 Canary Pass', '2018-01-27', '2018-01-29', 6.83);
INSERT INTO `mydb`.`SHIPMENT` (`Shipment_ID`, `Order_ID`, `Seller_ID`, `Shipment_Address`, `Shipment_ShippingDate`, `Shipment_ExpectedDeliveryDate`, `Shipment_Fee`) VALUES (8051, 7057, 5020, '4 Artisan Terrace', '2018-01-28', '2018-01-30', 4.99);
INSERT INTO `mydb`.`SHIPMENT` (`Shipment_ID`, `Order_ID`, `Seller_ID`, `Shipment_Address`, `Shipment_ShippingDate`, `Shipment_ExpectedDeliveryDate`, `Shipment_Fee`) VALUES (8052, 7058, NULL, '14 Sachtjen Parkway', '2018-01-28', '2018-01-30', 0);
INSERT INTO `mydb`.`SHIPMENT` (`Shipment_ID`, `Order_ID`, `Seller_ID`, `Shipment_Address`, `Shipment_ShippingDate`, `Shipment_ExpectedDeliveryDate`, `Shipment_Fee`) VALUES (8053, 7059, NULL, '61512 8th Pass', '2018-01-28', '2018-01-30', 0);
INSERT INTO `mydb`.`SHIPMENT` (`Shipment_ID`, `Order_ID`, `Seller_ID`, `Shipment_Address`, `Shipment_ShippingDate`, `Shipment_ExpectedDeliveryDate`, `Shipment_Fee`) VALUES (8054, 7060, NULL, '8075 Portage Circle', '2018-01-28', '2018-01-30', 0);
INSERT INTO `mydb`.`SHIPMENT` (`Shipment_ID`, `Order_ID`, `Seller_ID`, `Shipment_Address`, `Shipment_ShippingDate`, `Shipment_ExpectedDeliveryDate`, `Shipment_Fee`) VALUES (8055, 7061, NULL, '7679 Ridgeway Terrace', '2018-01-28', '2018-01-30', 0);
INSERT INTO `mydb`.`SHIPMENT` (`Shipment_ID`, `Order_ID`, `Seller_ID`, `Shipment_Address`, `Shipment_ShippingDate`, `Shipment_ExpectedDeliveryDate`, `Shipment_Fee`) VALUES (8056, 7062, NULL, '100 Mayfield Junction', '2018-01-28', '2018-01-30', 0);
INSERT INTO `mydb`.`SHIPMENT` (`Shipment_ID`, `Order_ID`, `Seller_ID`, `Shipment_Address`, `Shipment_ShippingDate`, `Shipment_ExpectedDeliveryDate`, `Shipment_Fee`) VALUES (8057, 7063, NULL, '9631 Warner Point', '2018-01-29', '2018-01-31', 0);
INSERT INTO `mydb`.`SHIPMENT` (`Shipment_ID`, `Order_ID`, `Seller_ID`, `Shipment_Address`, `Shipment_ShippingDate`, `Shipment_ExpectedDeliveryDate`, `Shipment_Fee`) VALUES (8058, 7065, NULL, '7 Farragut Circle', '2018-01-31', '2018-02-02', 0);
INSERT INTO `mydb`.`SHIPMENT` (`Shipment_ID`, `Order_ID`, `Seller_ID`, `Shipment_Address`, `Shipment_ShippingDate`, `Shipment_ExpectedDeliveryDate`, `Shipment_Fee`) VALUES (8059, 7066, NULL, '81201 2nd Court', '2018-01-31', '2018-02-02', 0);
INSERT INTO `mydb`.`SHIPMENT` (`Shipment_ID`, `Order_ID`, `Seller_ID`, `Shipment_Address`, `Shipment_ShippingDate`, `Shipment_ExpectedDeliveryDate`, `Shipment_Fee`) VALUES (8060, 7067, 5025, '348 Transport Point', '2018-01-31', '2018-02-02', 4.29);
INSERT INTO `mydb`.`SHIPMENT` (`Shipment_ID`, `Order_ID`, `Seller_ID`, `Shipment_Address`, `Shipment_ShippingDate`, `Shipment_ExpectedDeliveryDate`, `Shipment_Fee`) VALUES (8061, 7068, NULL, '65 Shopko Crossing', '2018-01-31', '2018-02-02', 0);
INSERT INTO `mydb`.`SHIPMENT` (`Shipment_ID`, `Order_ID`, `Seller_ID`, `Shipment_Address`, `Shipment_ShippingDate`, `Shipment_ExpectedDeliveryDate`, `Shipment_Fee`) VALUES (8062, 7069, NULL, '739 Lerdahl Hill', '2018-01-31', '2018-02-02', 0);
INSERT INTO `mydb`.`SHIPMENT` (`Shipment_ID`, `Order_ID`, `Seller_ID`, `Shipment_Address`, `Shipment_ShippingDate`, `Shipment_ExpectedDeliveryDate`, `Shipment_Fee`) VALUES (8063, 7070, NULL, '0470 Hauk Street', '2018-01-31', '2018-02-02', 0);
INSERT INTO `mydb`.`SHIPMENT` (`Shipment_ID`, `Order_ID`, `Seller_ID`, `Shipment_Address`, `Shipment_ShippingDate`, `Shipment_ExpectedDeliveryDate`, `Shipment_Fee`) VALUES (8064, 7071, 5026, '466 Crescent Oaks Alley', '2018-02-01', '2018-02-03', 4.24);
INSERT INTO `mydb`.`SHIPMENT` (`Shipment_ID`, `Order_ID`, `Seller_ID`, `Shipment_Address`, `Shipment_ShippingDate`, `Shipment_ExpectedDeliveryDate`, `Shipment_Fee`) VALUES (8065, 7072, 5008, '3 John Wall Trail', '2018-02-01', '2018-02-03', 5.99);
INSERT INTO `mydb`.`SHIPMENT` (`Shipment_ID`, `Order_ID`, `Seller_ID`, `Shipment_Address`, `Shipment_ShippingDate`, `Shipment_ExpectedDeliveryDate`, `Shipment_Fee`) VALUES (8066, 7073, NULL, '9631 Warner Point', '2018-02-02', '2018-02-04', 0);
INSERT INTO `mydb`.`SHIPMENT` (`Shipment_ID`, `Order_ID`, `Seller_ID`, `Shipment_Address`, `Shipment_ShippingDate`, `Shipment_ExpectedDeliveryDate`, `Shipment_Fee`) VALUES (8067, 7074, 5020, '01934 Redwing Point', '2018-02-02', '2018-02-04', 6.34);
INSERT INTO `mydb`.`SHIPMENT` (`Shipment_ID`, `Order_ID`, `Seller_ID`, `Shipment_Address`, `Shipment_ShippingDate`, `Shipment_ExpectedDeliveryDate`, `Shipment_Fee`) VALUES (8068, 7075, 5019, '23147 Elgar Pass', '2018-02-02', '2018-02-04', 4.9);
INSERT INTO `mydb`.`SHIPMENT` (`Shipment_ID`, `Order_ID`, `Seller_ID`, `Shipment_Address`, `Shipment_ShippingDate`, `Shipment_ExpectedDeliveryDate`, `Shipment_Fee`) VALUES (8069, 7076, NULL, '9 Dawn Junction', '2018-02-03', '2018-02-05', 0);
INSERT INTO `mydb`.`SHIPMENT` (`Shipment_ID`, `Order_ID`, `Seller_ID`, `Shipment_Address`, `Shipment_ShippingDate`, `Shipment_ExpectedDeliveryDate`, `Shipment_Fee`) VALUES (8070, 7077, NULL, '6397 Forest Run Way', '2018-02-03', '2018-02-05', 0);
INSERT INTO `mydb`.`SHIPMENT` (`Shipment_ID`, `Order_ID`, `Seller_ID`, `Shipment_Address`, `Shipment_ShippingDate`, `Shipment_ExpectedDeliveryDate`, `Shipment_Fee`) VALUES (8071, 7078, 5014, '57 Donald Crossing', '2018-02-04', '2018-02-06', 4.36);
INSERT INTO `mydb`.`SHIPMENT` (`Shipment_ID`, `Order_ID`, `Seller_ID`, `Shipment_Address`, `Shipment_ShippingDate`, `Shipment_ExpectedDeliveryDate`, `Shipment_Fee`) VALUES (8072, 7079, NULL, '9 American Ash Avenue', '2018-02-04', '2018-02-06', 0);
INSERT INTO `mydb`.`SHIPMENT` (`Shipment_ID`, `Order_ID`, `Seller_ID`, `Shipment_Address`, `Shipment_ShippingDate`, `Shipment_ExpectedDeliveryDate`, `Shipment_Fee`) VALUES (8073, 7080, 5015, '57 Donald Crossing', '2018-02-05', '2018-02-07', 6.8);
INSERT INTO `mydb`.`SHIPMENT` (`Shipment_ID`, `Order_ID`, `Seller_ID`, `Shipment_Address`, `Shipment_ShippingDate`, `Shipment_ExpectedDeliveryDate`, `Shipment_Fee`) VALUES (8074, 7081, 5027, '84 Rockefeller Parkway', '2018-02-05', '2018-02-07', 5.3);
INSERT INTO `mydb`.`SHIPMENT` (`Shipment_ID`, `Order_ID`, `Seller_ID`, `Shipment_Address`, `Shipment_ShippingDate`, `Shipment_ExpectedDeliveryDate`, `Shipment_Fee`) VALUES (8075, 7082, 5026, '66999 Roxbury Alley', '2018-02-05', '2018-02-07', 5.22);
INSERT INTO `mydb`.`SHIPMENT` (`Shipment_ID`, `Order_ID`, `Seller_ID`, `Shipment_Address`, `Shipment_ShippingDate`, `Shipment_ExpectedDeliveryDate`, `Shipment_Fee`) VALUES (8076, 7083, NULL, '27 Jenna Junction', '2018-02-05', '2018-02-07', 0);
INSERT INTO `mydb`.`SHIPMENT` (`Shipment_ID`, `Order_ID`, `Seller_ID`, `Shipment_Address`, `Shipment_ShippingDate`, `Shipment_ExpectedDeliveryDate`, `Shipment_Fee`) VALUES (8077, 7084, NULL, '6397 Forest Run Way', '2018-02-05', '2018-02-07', 0);
INSERT INTO `mydb`.`SHIPMENT` (`Shipment_ID`, `Order_ID`, `Seller_ID`, `Shipment_Address`, `Shipment_ShippingDate`, `Shipment_ExpectedDeliveryDate`, `Shipment_Fee`) VALUES (8078, 7085, 5020, '79 Russell Junction', '2018-02-05', '2018-02-07', 5.93);
INSERT INTO `mydb`.`SHIPMENT` (`Shipment_ID`, `Order_ID`, `Seller_ID`, `Shipment_Address`, `Shipment_ShippingDate`, `Shipment_ExpectedDeliveryDate`, `Shipment_Fee`) VALUES (8079, 7086, 5019, '466 Crescent Oaks Alley', '2018-02-05', '2018-02-07', 4.21);
INSERT INTO `mydb`.`SHIPMENT` (`Shipment_ID`, `Order_ID`, `Seller_ID`, `Shipment_Address`, `Shipment_ShippingDate`, `Shipment_ExpectedDeliveryDate`, `Shipment_Fee`) VALUES (8080, 7087, 5008, '3 Gateway Lane', '2018-02-07', '2018-02-09', 5.48);
INSERT INTO `mydb`.`SHIPMENT` (`Shipment_ID`, `Order_ID`, `Seller_ID`, `Shipment_Address`, `Shipment_ShippingDate`, `Shipment_ExpectedDeliveryDate`, `Shipment_Fee`) VALUES (8081, 7088, 5006, '65 Center Way', '2018-02-07', '2018-02-09', 6.33);
INSERT INTO `mydb`.`SHIPMENT` (`Shipment_ID`, `Order_ID`, `Seller_ID`, `Shipment_Address`, `Shipment_ShippingDate`, `Shipment_ExpectedDeliveryDate`, `Shipment_Fee`) VALUES (8082, 7089, 5020, '84 Rockefeller Parkway', '2018-02-07', '2018-02-09', 5.46);
INSERT INTO `mydb`.`SHIPMENT` (`Shipment_ID`, `Order_ID`, `Seller_ID`, `Shipment_Address`, `Shipment_ShippingDate`, `Shipment_ExpectedDeliveryDate`, `Shipment_Fee`) VALUES (8083, 7090, 5006, '9779 Melvin Lane', '2018-02-07', '2018-02-09', 6.23);
INSERT INTO `mydb`.`SHIPMENT` (`Shipment_ID`, `Order_ID`, `Seller_ID`, `Shipment_Address`, `Shipment_ShippingDate`, `Shipment_ExpectedDeliveryDate`, `Shipment_Fee`) VALUES (8084, 7091, 5008, '2993 Center Point', '2018-02-07', '2018-02-09', 5.93);
INSERT INTO `mydb`.`SHIPMENT` (`Shipment_ID`, `Order_ID`, `Seller_ID`, `Shipment_Address`, `Shipment_ShippingDate`, `Shipment_ExpectedDeliveryDate`, `Shipment_Fee`) VALUES (8085, 7092, 5028, '10658 Barnett Road', '2018-02-08', '2018-02-10', 5.81);
INSERT INTO `mydb`.`SHIPMENT` (`Shipment_ID`, `Order_ID`, `Seller_ID`, `Shipment_Address`, `Shipment_ShippingDate`, `Shipment_ExpectedDeliveryDate`, `Shipment_Fee`) VALUES (8086, 7093, NULL, '14 Sachtjen Parkway', '2018-02-08', '2018-02-10', 0);
INSERT INTO `mydb`.`SHIPMENT` (`Shipment_ID`, `Order_ID`, `Seller_ID`, `Shipment_Address`, `Shipment_ShippingDate`, `Shipment_ExpectedDeliveryDate`, `Shipment_Fee`) VALUES (8087, 7094, 5027, '76740 Vera Park', '2018-02-08', '2018-02-10', 5.96);
INSERT INTO `mydb`.`SHIPMENT` (`Shipment_ID`, `Order_ID`, `Seller_ID`, `Shipment_Address`, `Shipment_ShippingDate`, `Shipment_ExpectedDeliveryDate`, `Shipment_Fee`) VALUES (8088, 7095, 5008, '160 Dakota Park', '2018-02-08', '2018-02-10', 6.86);
INSERT INTO `mydb`.`SHIPMENT` (`Shipment_ID`, `Order_ID`, `Seller_ID`, `Shipment_Address`, `Shipment_ShippingDate`, `Shipment_ExpectedDeliveryDate`, `Shipment_Fee`) VALUES (8089, 7096, NULL, '8075 Portage Circle', '2018-02-08', '2018-02-10', 0);
INSERT INTO `mydb`.`SHIPMENT` (`Shipment_ID`, `Order_ID`, `Seller_ID`, `Shipment_Address`, `Shipment_ShippingDate`, `Shipment_ExpectedDeliveryDate`, `Shipment_Fee`) VALUES (8090, 7097, 5019, '33 Fisk Drive', '2018-02-08', '2018-02-10', 5.73);
INSERT INTO `mydb`.`SHIPMENT` (`Shipment_ID`, `Order_ID`, `Seller_ID`, `Shipment_Address`, `Shipment_ShippingDate`, `Shipment_ExpectedDeliveryDate`, `Shipment_Fee`) VALUES (8091, 7098, 5027, '348 Transport Point', '2018-02-09', '2018-02-11', 5.58);
INSERT INTO `mydb`.`SHIPMENT` (`Shipment_ID`, `Order_ID`, `Seller_ID`, `Shipment_Address`, `Shipment_ShippingDate`, `Shipment_ExpectedDeliveryDate`, `Shipment_Fee`) VALUES (8092, 7099, 5008, '033 Basil Plaza', '2018-02-09', '2018-02-11', 6.09);
INSERT INTO `mydb`.`SHIPMENT` (`Shipment_ID`, `Order_ID`, `Seller_ID`, `Shipment_Address`, `Shipment_ShippingDate`, `Shipment_ExpectedDeliveryDate`, `Shipment_Fee`) VALUES (8093, 7100, NULL, '2640 Claremont Drive', '2018-02-09', '2018-02-11', 0);
INSERT INTO `mydb`.`SHIPMENT` (`Shipment_ID`, `Order_ID`, `Seller_ID`, `Shipment_Address`, `Shipment_ShippingDate`, `Shipment_ExpectedDeliveryDate`, `Shipment_Fee`) VALUES (8094, 7101, 5006, '44592 Moland Hill', '2018-02-10', '2018-02-12', 4.44);
INSERT INTO `mydb`.`SHIPMENT` (`Shipment_ID`, `Order_ID`, `Seller_ID`, `Shipment_Address`, `Shipment_ShippingDate`, `Shipment_ExpectedDeliveryDate`, `Shipment_Fee`) VALUES (8095, 7102, 5024, '59 Elka Lane', '2018-02-10', '2018-02-12', 4.26);
INSERT INTO `mydb`.`SHIPMENT` (`Shipment_ID`, `Order_ID`, `Seller_ID`, `Shipment_Address`, `Shipment_ShippingDate`, `Shipment_ExpectedDeliveryDate`, `Shipment_Fee`) VALUES (8096, 7103, 5006, '57 Donald Crossing', '2018-02-10', '2018-02-12', 5.83);
INSERT INTO `mydb`.`SHIPMENT` (`Shipment_ID`, `Order_ID`, `Seller_ID`, `Shipment_Address`, `Shipment_ShippingDate`, `Shipment_ExpectedDeliveryDate`, `Shipment_Fee`) VALUES (8097, 7105, 5006, '23147 Elgar Pass', '2018-02-10', '2018-02-12', 5.32);
INSERT INTO `mydb`.`SHIPMENT` (`Shipment_ID`, `Order_ID`, `Seller_ID`, `Shipment_Address`, `Shipment_ShippingDate`, `Shipment_ExpectedDeliveryDate`, `Shipment_Fee`) VALUES (8098, 7106, 5027, '57124 Granby Drive', '2018-02-10', '2018-02-12', 4.73);
INSERT INTO `mydb`.`SHIPMENT` (`Shipment_ID`, `Order_ID`, `Seller_ID`, `Shipment_Address`, `Shipment_ShippingDate`, `Shipment_ExpectedDeliveryDate`, `Shipment_Fee`) VALUES (8099, 7107, 5014, '84 Rockefeller Parkway', '2018-02-11', '2018-02-13', 5.7);
INSERT INTO `mydb`.`SHIPMENT` (`Shipment_ID`, `Order_ID`, `Seller_ID`, `Shipment_Address`, `Shipment_ShippingDate`, `Shipment_ExpectedDeliveryDate`, `Shipment_Fee`) VALUES (8100, 7108, NULL, '60787 Amoth Road', '2018-02-11', '2018-02-13', 0);
INSERT INTO `mydb`.`SHIPMENT` (`Shipment_ID`, `Order_ID`, `Seller_ID`, `Shipment_Address`, `Shipment_ShippingDate`, `Shipment_ExpectedDeliveryDate`, `Shipment_Fee`) VALUES (8101, 7109, 5014, '466 Crescent Oaks Alley', '2018-02-11', '2018-02-13', 6.66);
INSERT INTO `mydb`.`SHIPMENT` (`Shipment_ID`, `Order_ID`, `Seller_ID`, `Shipment_Address`, `Shipment_ShippingDate`, `Shipment_ExpectedDeliveryDate`, `Shipment_Fee`) VALUES (8102, 7110, 5027, '97 Havey Pass', '2018-02-11', '2018-02-13', 5.1);
INSERT INTO `mydb`.`SHIPMENT` (`Shipment_ID`, `Order_ID`, `Seller_ID`, `Shipment_Address`, `Shipment_ShippingDate`, `Shipment_ExpectedDeliveryDate`, `Shipment_Fee`) VALUES (8103, 7112, 5014, '79 Russell Junction', '2018-02-12', '2018-02-14', 4.34);
INSERT INTO `mydb`.`SHIPMENT` (`Shipment_ID`, `Order_ID`, `Seller_ID`, `Shipment_Address`, `Shipment_ShippingDate`, `Shipment_ExpectedDeliveryDate`, `Shipment_Fee`) VALUES (8104, 7113, 5026, '30164 Glendale Center', '2018-02-12', '2018-02-14', 5.9);
INSERT INTO `mydb`.`SHIPMENT` (`Shipment_ID`, `Order_ID`, `Seller_ID`, `Shipment_Address`, `Shipment_ShippingDate`, `Shipment_ExpectedDeliveryDate`, `Shipment_Fee`) VALUES (8105, 7114, NULL, '9 American Ash Avenue', '2018-02-12', '2018-02-14', 0);
INSERT INTO `mydb`.`SHIPMENT` (`Shipment_ID`, `Order_ID`, `Seller_ID`, `Shipment_Address`, `Shipment_ShippingDate`, `Shipment_ExpectedDeliveryDate`, `Shipment_Fee`) VALUES (8106, 7115, 5019, '160 Dakota Park', '2018-02-12', '2018-02-14', 4.98);
INSERT INTO `mydb`.`SHIPMENT` (`Shipment_ID`, `Order_ID`, `Seller_ID`, `Shipment_Address`, `Shipment_ShippingDate`, `Shipment_ExpectedDeliveryDate`, `Shipment_Fee`) VALUES (8107, 7116, 5020, '15491 Crest Line Hill', '2018-02-12', '2018-02-14', 4.84);
INSERT INTO `mydb`.`SHIPMENT` (`Shipment_ID`, `Order_ID`, `Seller_ID`, `Shipment_Address`, `Shipment_ShippingDate`, `Shipment_ExpectedDeliveryDate`, `Shipment_Fee`) VALUES (8108, 7117, NULL, '67453 Ilene Drive', '2018-02-12', '2018-02-14', 0);
INSERT INTO `mydb`.`SHIPMENT` (`Shipment_ID`, `Order_ID`, `Seller_ID`, `Shipment_Address`, `Shipment_ShippingDate`, `Shipment_ExpectedDeliveryDate`, `Shipment_Fee`) VALUES (8109, 7118, 5014, '59 Elka Lane', '2018-02-12', '2018-02-14', 4.35);
INSERT INTO `mydb`.`SHIPMENT` (`Shipment_ID`, `Order_ID`, `Seller_ID`, `Shipment_Address`, `Shipment_ShippingDate`, `Shipment_ExpectedDeliveryDate`, `Shipment_Fee`) VALUES (8110, 7119, 5027, '10658 Barnett Road', '2018-02-12', '2018-02-14', 5.7);
INSERT INTO `mydb`.`SHIPMENT` (`Shipment_ID`, `Order_ID`, `Seller_ID`, `Shipment_Address`, `Shipment_ShippingDate`, `Shipment_ExpectedDeliveryDate`, `Shipment_Fee`) VALUES (8111, 7120, 5027, '55100 Prairie Rose Center', '2018-02-12', '2018-02-14', 4.31);
INSERT INTO `mydb`.`SHIPMENT` (`Shipment_ID`, `Order_ID`, `Seller_ID`, `Shipment_Address`, `Shipment_ShippingDate`, `Shipment_ExpectedDeliveryDate`, `Shipment_Fee`) VALUES (8112, 7121, NULL, '8 Badeau Drive', '2018-02-13', '2018-02-15', 0);
INSERT INTO `mydb`.`SHIPMENT` (`Shipment_ID`, `Order_ID`, `Seller_ID`, `Shipment_Address`, `Shipment_ShippingDate`, `Shipment_ExpectedDeliveryDate`, `Shipment_Fee`) VALUES (8113, 7122, NULL, '6397 Forest Run Way', '2018-02-13', '2018-02-15', 0);
INSERT INTO `mydb`.`SHIPMENT` (`Shipment_ID`, `Order_ID`, `Seller_ID`, `Shipment_Address`, `Shipment_ShippingDate`, `Shipment_ExpectedDeliveryDate`, `Shipment_Fee`) VALUES (8114, 7123, NULL, '9 Dawn Junction', '2018-02-13', '2018-02-15', 0);
INSERT INTO `mydb`.`SHIPMENT` (`Shipment_ID`, `Order_ID`, `Seller_ID`, `Shipment_Address`, `Shipment_ShippingDate`, `Shipment_ExpectedDeliveryDate`, `Shipment_Fee`) VALUES (8115, 7124, NULL, '14 Sachtjen Parkway', '2018-02-13', '2018-02-15', 0);
INSERT INTO `mydb`.`SHIPMENT` (`Shipment_ID`, `Order_ID`, `Seller_ID`, `Shipment_Address`, `Shipment_ShippingDate`, `Shipment_ExpectedDeliveryDate`, `Shipment_Fee`) VALUES (8116, 7125, NULL, '6 Buhler Hill', '2018-02-14', '2018-02-16', 0);
INSERT INTO `mydb`.`SHIPMENT` (`Shipment_ID`, `Order_ID`, `Seller_ID`, `Shipment_Address`, `Shipment_ShippingDate`, `Shipment_ExpectedDeliveryDate`, `Shipment_Fee`) VALUES (8117, 7126, 5014, '23147 Elgar Pass', '2018-02-14', '2018-02-16', 6.17);
INSERT INTO `mydb`.`SHIPMENT` (`Shipment_ID`, `Order_ID`, `Seller_ID`, `Shipment_Address`, `Shipment_ShippingDate`, `Shipment_ExpectedDeliveryDate`, `Shipment_Fee`) VALUES (8118, 7127, 5019, '348 Transport Point', '2018-02-14', '2018-02-16', 5.2);
INSERT INTO `mydb`.`SHIPMENT` (`Shipment_ID`, `Order_ID`, `Seller_ID`, `Shipment_Address`, `Shipment_ShippingDate`, `Shipment_ExpectedDeliveryDate`, `Shipment_Fee`) VALUES (8119, 7128, NULL, '8 Glendale Trail', '2018-02-14', '2018-02-16', 0);
INSERT INTO `mydb`.`SHIPMENT` (`Shipment_ID`, `Order_ID`, `Seller_ID`, `Shipment_Address`, `Shipment_ShippingDate`, `Shipment_ExpectedDeliveryDate`, `Shipment_Fee`) VALUES (8120, 7129, NULL, '62209 American Ash Terrace', '2018-02-15', '2018-02-17', 0);
INSERT INTO `mydb`.`SHIPMENT` (`Shipment_ID`, `Order_ID`, `Seller_ID`, `Shipment_Address`, `Shipment_ShippingDate`, `Shipment_ExpectedDeliveryDate`, `Shipment_Fee`) VALUES (8121, 7130, 5025, '84 Rockefeller Parkway', '2018-02-15', '2018-02-17', 4.94);
INSERT INTO `mydb`.`SHIPMENT` (`Shipment_ID`, `Order_ID`, `Seller_ID`, `Shipment_Address`, `Shipment_ShippingDate`, `Shipment_ExpectedDeliveryDate`, `Shipment_Fee`) VALUES (8122, 7132, NULL, '6680 Hooker Alley', '2018-02-15', '2018-02-17', 0);
INSERT INTO `mydb`.`SHIPMENT` (`Shipment_ID`, `Order_ID`, `Seller_ID`, `Shipment_Address`, `Shipment_ShippingDate`, `Shipment_ExpectedDeliveryDate`, `Shipment_Fee`) VALUES (8123, 7133, NULL, '921 Thompson Parkway', '2018-02-16', '2018-02-18', 0);
INSERT INTO `mydb`.`SHIPMENT` (`Shipment_ID`, `Order_ID`, `Seller_ID`, `Shipment_Address`, `Shipment_ShippingDate`, `Shipment_ExpectedDeliveryDate`, `Shipment_Fee`) VALUES (8124, 7134, NULL, '64 Banding Place', '2018-02-16', '2018-02-18', 0);
INSERT INTO `mydb`.`SHIPMENT` (`Shipment_ID`, `Order_ID`, `Seller_ID`, `Shipment_Address`, `Shipment_ShippingDate`, `Shipment_ExpectedDeliveryDate`, `Shipment_Fee`) VALUES (8125, 7135, 5019, '57 Donald Crossing', '2018-02-17', '2018-02-19', 6.61);
INSERT INTO `mydb`.`SHIPMENT` (`Shipment_ID`, `Order_ID`, `Seller_ID`, `Shipment_Address`, `Shipment_ShippingDate`, `Shipment_ExpectedDeliveryDate`, `Shipment_Fee`) VALUES (8126, 7136, NULL, '739 Lerdahl Hill', '2018-02-17', '2018-02-19', 0);
INSERT INTO `mydb`.`SHIPMENT` (`Shipment_ID`, `Order_ID`, `Seller_ID`, `Shipment_Address`, `Shipment_ShippingDate`, `Shipment_ExpectedDeliveryDate`, `Shipment_Fee`) VALUES (8127, 7137, 5027, '30164 Glendale Center', '2018-02-17', '2018-02-19', 6.63);
INSERT INTO `mydb`.`SHIPMENT` (`Shipment_ID`, `Order_ID`, `Seller_ID`, `Shipment_Address`, `Shipment_ShippingDate`, `Shipment_ExpectedDeliveryDate`, `Shipment_Fee`) VALUES (8128, 7138, NULL, '762 John Wall Park', '2018-02-17', '2018-02-19', 0);
INSERT INTO `mydb`.`SHIPMENT` (`Shipment_ID`, `Order_ID`, `Seller_ID`, `Shipment_Address`, `Shipment_ShippingDate`, `Shipment_ExpectedDeliveryDate`, `Shipment_Fee`) VALUES (8129, 7139, NULL, '6680 Hooker Alley', '2018-02-18', '2018-02-20', 0);
INSERT INTO `mydb`.`SHIPMENT` (`Shipment_ID`, `Order_ID`, `Seller_ID`, `Shipment_Address`, `Shipment_ShippingDate`, `Shipment_ExpectedDeliveryDate`, `Shipment_Fee`) VALUES (8130, 7140, 5019, '007 Canary Pass', '2018-02-18', '2018-02-20', 4.78);
INSERT INTO `mydb`.`SHIPMENT` (`Shipment_ID`, `Order_ID`, `Seller_ID`, `Shipment_Address`, `Shipment_ShippingDate`, `Shipment_ExpectedDeliveryDate`, `Shipment_Fee`) VALUES (8131, 7141, 5019, '2719 La Follette Pass', '2018-02-18', '2018-02-20', 4.61);
INSERT INTO `mydb`.`SHIPMENT` (`Shipment_ID`, `Order_ID`, `Seller_ID`, `Shipment_Address`, `Shipment_ShippingDate`, `Shipment_ExpectedDeliveryDate`, `Shipment_Fee`) VALUES (8132, 7142, NULL, '739 Lerdahl Hill', '2018-02-18', '2018-02-20', 0);
INSERT INTO `mydb`.`SHIPMENT` (`Shipment_ID`, `Order_ID`, `Seller_ID`, `Shipment_Address`, `Shipment_ShippingDate`, `Shipment_ExpectedDeliveryDate`, `Shipment_Fee`) VALUES (8133, 7143, 5019, '30164 Glendale Center', '2018-02-18', '2018-02-20', 4.54);
INSERT INTO `mydb`.`SHIPMENT` (`Shipment_ID`, `Order_ID`, `Seller_ID`, `Shipment_Address`, `Shipment_ShippingDate`, `Shipment_ExpectedDeliveryDate`, `Shipment_Fee`) VALUES (8134, 7144, NULL, '62209 American Ash Terrace', '2018-02-19', '2018-02-21', 0);
INSERT INTO `mydb`.`SHIPMENT` (`Shipment_ID`, `Order_ID`, `Seller_ID`, `Shipment_Address`, `Shipment_ShippingDate`, `Shipment_ExpectedDeliveryDate`, `Shipment_Fee`) VALUES (8135, 7145, 5024, '36799 Raven Terrace', '2018-02-19', '2018-02-21', 6.59);
INSERT INTO `mydb`.`SHIPMENT` (`Shipment_ID`, `Order_ID`, `Seller_ID`, `Shipment_Address`, `Shipment_ShippingDate`, `Shipment_ExpectedDeliveryDate`, `Shipment_Fee`) VALUES (8136, 7146, 5008, '23147 Elgar Pass', '2018-02-19', '2018-02-21', 5.22);
INSERT INTO `mydb`.`SHIPMENT` (`Shipment_ID`, `Order_ID`, `Seller_ID`, `Shipment_Address`, `Shipment_ShippingDate`, `Shipment_ExpectedDeliveryDate`, `Shipment_Fee`) VALUES (8137, 7147, 5015, '9779 Melvin Lane', '2018-02-19', '2018-02-21', 5.93);
INSERT INTO `mydb`.`SHIPMENT` (`Shipment_ID`, `Order_ID`, `Seller_ID`, `Shipment_Address`, `Shipment_ShippingDate`, `Shipment_ExpectedDeliveryDate`, `Shipment_Fee`) VALUES (8138, 7148, 5024, '33 Fisk Drive', '2018-02-20', '2018-02-22', 5.73);
INSERT INTO `mydb`.`SHIPMENT` (`Shipment_ID`, `Order_ID`, `Seller_ID`, `Shipment_Address`, `Shipment_ShippingDate`, `Shipment_ExpectedDeliveryDate`, `Shipment_Fee`) VALUES (8139, 7149, 5027, '05335 Gateway Trail', '2018-02-20', '2018-02-22', 4.74);
INSERT INTO `mydb`.`SHIPMENT` (`Shipment_ID`, `Order_ID`, `Seller_ID`, `Shipment_Address`, `Shipment_ShippingDate`, `Shipment_ExpectedDeliveryDate`, `Shipment_Fee`) VALUES (8140, 7150, NULL, '7 Leroy Circle', '2018-02-20', '2018-02-22', 0);
INSERT INTO `mydb`.`SHIPMENT` (`Shipment_ID`, `Order_ID`, `Seller_ID`, `Shipment_Address`, `Shipment_ShippingDate`, `Shipment_ExpectedDeliveryDate`, `Shipment_Fee`) VALUES (8141, 7151, NULL, '8 Glendale Trail', '2018-02-20', '2018-02-22', 0);
INSERT INTO `mydb`.`SHIPMENT` (`Shipment_ID`, `Order_ID`, `Seller_ID`, `Shipment_Address`, `Shipment_ShippingDate`, `Shipment_ExpectedDeliveryDate`, `Shipment_Fee`) VALUES (8142, 7153, 5027, '44592 Moland Hill', '2018-02-20', '2018-02-22', 4.5);
INSERT INTO `mydb`.`SHIPMENT` (`Shipment_ID`, `Order_ID`, `Seller_ID`, `Shipment_Address`, `Shipment_ShippingDate`, `Shipment_ExpectedDeliveryDate`, `Shipment_Fee`) VALUES (8143, 7154, NULL, '776 Algoma Drive', '2018-02-21', '2018-02-23', 0);
INSERT INTO `mydb`.`SHIPMENT` (`Shipment_ID`, `Order_ID`, `Seller_ID`, `Shipment_Address`, `Shipment_ShippingDate`, `Shipment_ExpectedDeliveryDate`, `Shipment_Fee`) VALUES (8144, 7155, 5015, '30164 Glendale Center', '2018-02-21', '2018-02-23', 5.07);
INSERT INTO `mydb`.`SHIPMENT` (`Shipment_ID`, `Order_ID`, `Seller_ID`, `Shipment_Address`, `Shipment_ShippingDate`, `Shipment_ExpectedDeliveryDate`, `Shipment_Fee`) VALUES (8145, 7156, 5020, '60660 East Park', '2018-02-21', '2018-02-23', 5.47);
INSERT INTO `mydb`.`SHIPMENT` (`Shipment_ID`, `Order_ID`, `Seller_ID`, `Shipment_Address`, `Shipment_ShippingDate`, `Shipment_ExpectedDeliveryDate`, `Shipment_Fee`) VALUES (8146, 7157, 5020, '05335 Gateway Trail', '2018-02-21', '2018-02-23', 5.28);
INSERT INTO `mydb`.`SHIPMENT` (`Shipment_ID`, `Order_ID`, `Seller_ID`, `Shipment_Address`, `Shipment_ShippingDate`, `Shipment_ExpectedDeliveryDate`, `Shipment_Fee`) VALUES (8147, 7158, 5015, '44592 Moland Hill', '2018-02-22', '2018-02-24', 4.69);
INSERT INTO `mydb`.`SHIPMENT` (`Shipment_ID`, `Order_ID`, `Seller_ID`, `Shipment_Address`, `Shipment_ShippingDate`, `Shipment_ExpectedDeliveryDate`, `Shipment_Fee`) VALUES (8148, 7159, NULL, '61512 8th Pass', '2018-02-22', '2018-02-24', 0);
INSERT INTO `mydb`.`SHIPMENT` (`Shipment_ID`, `Order_ID`, `Seller_ID`, `Shipment_Address`, `Shipment_ShippingDate`, `Shipment_ExpectedDeliveryDate`, `Shipment_Fee`) VALUES (8149, 7160, 5020, '6 Nancy Circle', '2018-02-22', '2018-02-24', 6.95);
INSERT INTO `mydb`.`SHIPMENT` (`Shipment_ID`, `Order_ID`, `Seller_ID`, `Shipment_Address`, `Shipment_ShippingDate`, `Shipment_ExpectedDeliveryDate`, `Shipment_Fee`) VALUES (8150, 7161, 5028, '97 Havey Pass', '2018-02-23', '2018-02-25', 5.21);
INSERT INTO `mydb`.`SHIPMENT` (`Shipment_ID`, `Order_ID`, `Seller_ID`, `Shipment_Address`, `Shipment_ShippingDate`, `Shipment_ExpectedDeliveryDate`, `Shipment_Fee`) VALUES (8151, 7162, 5008, '9 Dryden Trail', '2018-02-23', '2018-02-25', 6.6);
INSERT INTO `mydb`.`SHIPMENT` (`Shipment_ID`, `Order_ID`, `Seller_ID`, `Shipment_Address`, `Shipment_ShippingDate`, `Shipment_ExpectedDeliveryDate`, `Shipment_Fee`) VALUES (8152, 7163, 5020, '3 John Wall Trail', '2018-02-23', '2018-02-25', 5.04);
INSERT INTO `mydb`.`SHIPMENT` (`Shipment_ID`, `Order_ID`, `Seller_ID`, `Shipment_Address`, `Shipment_ShippingDate`, `Shipment_ExpectedDeliveryDate`, `Shipment_Fee`) VALUES (8153, 7164, 5015, '7 Caliangt Center', '2018-02-24', '2018-02-26', 6.02);
INSERT INTO `mydb`.`SHIPMENT` (`Shipment_ID`, `Order_ID`, `Seller_ID`, `Shipment_Address`, `Shipment_ShippingDate`, `Shipment_ExpectedDeliveryDate`, `Shipment_Fee`) VALUES (8154, 7166, 5028, '5 Carberry Hill', '2018-02-24', '2018-02-26', 4.56);
INSERT INTO `mydb`.`SHIPMENT` (`Shipment_ID`, `Order_ID`, `Seller_ID`, `Shipment_Address`, `Shipment_ShippingDate`, `Shipment_ExpectedDeliveryDate`, `Shipment_Fee`) VALUES (8155, 7169, 5008, '05335 Gateway Trail', '2018-02-25', '2018-02-27', 4.03);
INSERT INTO `mydb`.`SHIPMENT` (`Shipment_ID`, `Order_ID`, `Seller_ID`, `Shipment_Address`, `Shipment_ShippingDate`, `Shipment_ExpectedDeliveryDate`, `Shipment_Fee`) VALUES (8156, 7170, 5008, '23147 Elgar Pass', '2018-02-25', '2018-02-27', 6.43);
INSERT INTO `mydb`.`SHIPMENT` (`Shipment_ID`, `Order_ID`, `Seller_ID`, `Shipment_Address`, `Shipment_ShippingDate`, `Shipment_ExpectedDeliveryDate`, `Shipment_Fee`) VALUES (8157, 7171, 5027, '97 Havey Pass', '2018-02-25', '2018-02-27', 6.95);
INSERT INTO `mydb`.`SHIPMENT` (`Shipment_ID`, `Order_ID`, `Seller_ID`, `Shipment_Address`, `Shipment_ShippingDate`, `Shipment_ExpectedDeliveryDate`, `Shipment_Fee`) VALUES (8158, 7172, 5017, '2719 La Follette Pass', '2018-02-25', '2018-02-27', 6.36);
INSERT INTO `mydb`.`SHIPMENT` (`Shipment_ID`, `Order_ID`, `Seller_ID`, `Shipment_Address`, `Shipment_ShippingDate`, `Shipment_ExpectedDeliveryDate`, `Shipment_Fee`) VALUES (8159, 7173, NULL, '6 Buhler Hill', '2018-02-26', '2018-02-28', 0);
INSERT INTO `mydb`.`SHIPMENT` (`Shipment_ID`, `Order_ID`, `Seller_ID`, `Shipment_Address`, `Shipment_ShippingDate`, `Shipment_ExpectedDeliveryDate`, `Shipment_Fee`) VALUES (8160, 7174, NULL, '14 Sachtjen Parkway', '2018-02-26', '2018-02-28', 0);
INSERT INTO `mydb`.`SHIPMENT` (`Shipment_ID`, `Order_ID`, `Seller_ID`, `Shipment_Address`, `Shipment_ShippingDate`, `Shipment_ExpectedDeliveryDate`, `Shipment_Fee`) VALUES (8161, 7176, 5027, '56 Red Cloud Hill', '2018-02-27', '2018-03-01', 5.54);
INSERT INTO `mydb`.`SHIPMENT` (`Shipment_ID`, `Order_ID`, `Seller_ID`, `Shipment_Address`, `Shipment_ShippingDate`, `Shipment_ExpectedDeliveryDate`, `Shipment_Fee`) VALUES (8162, 7177, NULL, '62209 American Ash Terrace', '2018-02-27', '2018-03-01', 0);
INSERT INTO `mydb`.`SHIPMENT` (`Shipment_ID`, `Order_ID`, `Seller_ID`, `Shipment_Address`, `Shipment_ShippingDate`, `Shipment_ExpectedDeliveryDate`, `Shipment_Fee`) VALUES (8163, 7178, 5019, '348 Transport Point', '2018-02-27', '2018-03-01', 4.43);
INSERT INTO `mydb`.`SHIPMENT` (`Shipment_ID`, `Order_ID`, `Seller_ID`, `Shipment_Address`, `Shipment_ShippingDate`, `Shipment_ExpectedDeliveryDate`, `Shipment_Fee`) VALUES (8164, 7179, NULL, '762 John Wall Park', '2018-03-01', '2018-03-03', 0);
INSERT INTO `mydb`.`SHIPMENT` (`Shipment_ID`, `Order_ID`, `Seller_ID`, `Shipment_Address`, `Shipment_ShippingDate`, `Shipment_ExpectedDeliveryDate`, `Shipment_Fee`) VALUES (8165, 7180, 5014, '466 Crescent Oaks Alley', '2018-03-01', '2018-03-03', 6.44);
INSERT INTO `mydb`.`SHIPMENT` (`Shipment_ID`, `Order_ID`, `Seller_ID`, `Shipment_Address`, `Shipment_ShippingDate`, `Shipment_ExpectedDeliveryDate`, `Shipment_Fee`) VALUES (8166, 7181, NULL, '921 Thompson Parkway', '2018-03-01', '2018-03-03', 0);
INSERT INTO `mydb`.`SHIPMENT` (`Shipment_ID`, `Order_ID`, `Seller_ID`, `Shipment_Address`, `Shipment_ShippingDate`, `Shipment_ExpectedDeliveryDate`, `Shipment_Fee`) VALUES (8167, 7182, 5014, '60660 East Park', '2018-03-01', '2018-03-03', 6.82);
INSERT INTO `mydb`.`SHIPMENT` (`Shipment_ID`, `Order_ID`, `Seller_ID`, `Shipment_Address`, `Shipment_ShippingDate`, `Shipment_ExpectedDeliveryDate`, `Shipment_Fee`) VALUES (8168, 7183, 5006, '033 Basil Plaza', '2018-03-01', '2018-03-03', 4.51);
INSERT INTO `mydb`.`SHIPMENT` (`Shipment_ID`, `Order_ID`, `Seller_ID`, `Shipment_Address`, `Shipment_ShippingDate`, `Shipment_ExpectedDeliveryDate`, `Shipment_Fee`) VALUES (8169, 7184, NULL, '762 John Wall Park', '2018-03-01', '2018-03-03', 0);
INSERT INTO `mydb`.`SHIPMENT` (`Shipment_ID`, `Order_ID`, `Seller_ID`, `Shipment_Address`, `Shipment_ShippingDate`, `Shipment_ExpectedDeliveryDate`, `Shipment_Fee`) VALUES (8170, 7187, 5027, '56 Red Cloud Hill', '2018-03-03', '2018-03-05', 5.5);
INSERT INTO `mydb`.`SHIPMENT` (`Shipment_ID`, `Order_ID`, `Seller_ID`, `Shipment_Address`, `Shipment_ShippingDate`, `Shipment_ExpectedDeliveryDate`, `Shipment_Fee`) VALUES (8171, 7188, 5019, '76740 Vera Park', '2018-03-03', '2018-03-05', 5.77);
INSERT INTO `mydb`.`SHIPMENT` (`Shipment_ID`, `Order_ID`, `Seller_ID`, `Shipment_Address`, `Shipment_ShippingDate`, `Shipment_ExpectedDeliveryDate`, `Shipment_Fee`) VALUES (8172, 7189, NULL, '65884 Clyde Gallagher Terrace', '2018-03-03', '2018-03-05', 0);
INSERT INTO `mydb`.`SHIPMENT` (`Shipment_ID`, `Order_ID`, `Seller_ID`, `Shipment_Address`, `Shipment_ShippingDate`, `Shipment_ExpectedDeliveryDate`, `Shipment_Fee`) VALUES (8173, 7190, 5014, '033 Basil Plaza', '2018-03-03', '2018-03-05', 5.24);
INSERT INTO `mydb`.`SHIPMENT` (`Shipment_ID`, `Order_ID`, `Seller_ID`, `Shipment_Address`, `Shipment_ShippingDate`, `Shipment_ExpectedDeliveryDate`, `Shipment_Fee`) VALUES (8174, 7191, 5014, '9 Dryden Trail', '2018-03-04', '2018-03-06', 6.89);
INSERT INTO `mydb`.`SHIPMENT` (`Shipment_ID`, `Order_ID`, `Seller_ID`, `Shipment_Address`, `Shipment_ShippingDate`, `Shipment_ExpectedDeliveryDate`, `Shipment_Fee`) VALUES (8175, 7192, 5008, '15491 Crest Line Hill', '2018-03-05', '2018-03-07', 5.5);
INSERT INTO `mydb`.`SHIPMENT` (`Shipment_ID`, `Order_ID`, `Seller_ID`, `Shipment_Address`, `Shipment_ShippingDate`, `Shipment_ExpectedDeliveryDate`, `Shipment_Fee`) VALUES (8176, 7193, 5027, '2719 La Follette Pass', '2018-03-05', '2018-03-07', 4.76);
INSERT INTO `mydb`.`SHIPMENT` (`Shipment_ID`, `Order_ID`, `Seller_ID`, `Shipment_Address`, `Shipment_ShippingDate`, `Shipment_ExpectedDeliveryDate`, `Shipment_Fee`) VALUES (8177, 7194, 5027, '79 Russell Junction', '2018-03-05', '2018-03-07', 4.53);
INSERT INTO `mydb`.`SHIPMENT` (`Shipment_ID`, `Order_ID`, `Seller_ID`, `Shipment_Address`, `Shipment_ShippingDate`, `Shipment_ExpectedDeliveryDate`, `Shipment_Fee`) VALUES (8178, 7195, 5027, '65 Center Way', '2018-03-05', '2018-03-07', 4.76);
INSERT INTO `mydb`.`SHIPMENT` (`Shipment_ID`, `Order_ID`, `Seller_ID`, `Shipment_Address`, `Shipment_ShippingDate`, `Shipment_ExpectedDeliveryDate`, `Shipment_Fee`) VALUES (8179, 7196, 5008, '660 Loftsgordon Junction', '2018-03-05', '2018-03-07', 6.19);
INSERT INTO `mydb`.`SHIPMENT` (`Shipment_ID`, `Order_ID`, `Seller_ID`, `Shipment_Address`, `Shipment_ShippingDate`, `Shipment_ExpectedDeliveryDate`, `Shipment_Fee`) VALUES (8180, 7197, NULL, '2 Ruskin Hill', '2018-03-06', '2018-03-08', 0);
INSERT INTO `mydb`.`SHIPMENT` (`Shipment_ID`, `Order_ID`, `Seller_ID`, `Shipment_Address`, `Shipment_ShippingDate`, `Shipment_ExpectedDeliveryDate`, `Shipment_Fee`) VALUES (8181, 7198, NULL, '60787 Amoth Road', '2018-03-07', '2018-03-09', 0);
INSERT INTO `mydb`.`SHIPMENT` (`Shipment_ID`, `Order_ID`, `Seller_ID`, `Shipment_Address`, `Shipment_ShippingDate`, `Shipment_ExpectedDeliveryDate`, `Shipment_Fee`) VALUES (8182, 7199, 5019, '48 Carberry Plaza', '2018-03-07', '2018-03-09', 5.28);
INSERT INTO `mydb`.`SHIPMENT` (`Shipment_ID`, `Order_ID`, `Seller_ID`, `Shipment_Address`, `Shipment_ShippingDate`, `Shipment_ExpectedDeliveryDate`, `Shipment_Fee`) VALUES (8183, 7200, 5006, '57124 Granby Drive', '2018-03-08', '2018-03-10', 4.79);
INSERT INTO `mydb`.`SHIPMENT` (`Shipment_ID`, `Order_ID`, `Seller_ID`, `Shipment_Address`, `Shipment_ShippingDate`, `Shipment_ExpectedDeliveryDate`, `Shipment_Fee`) VALUES (8184, 7201, 5019, '5 2nd Junction', '2018-03-08', '2018-03-10', 5.54);
INSERT INTO `mydb`.`SHIPMENT` (`Shipment_ID`, `Order_ID`, `Seller_ID`, `Shipment_Address`, `Shipment_ShippingDate`, `Shipment_ExpectedDeliveryDate`, `Shipment_Fee`) VALUES (8185, 7202, 5019, '23147 Elgar Pass', '2018-03-08', '2018-03-10', 5.91);
INSERT INTO `mydb`.`SHIPMENT` (`Shipment_ID`, `Order_ID`, `Seller_ID`, `Shipment_Address`, `Shipment_ShippingDate`, `Shipment_ExpectedDeliveryDate`, `Shipment_Fee`) VALUES (8186, 7203, NULL, '0470 Hauk Street', '2018-03-08', '2018-03-10', 0);
INSERT INTO `mydb`.`SHIPMENT` (`Shipment_ID`, `Order_ID`, `Seller_ID`, `Shipment_Address`, `Shipment_ShippingDate`, `Shipment_ExpectedDeliveryDate`, `Shipment_Fee`) VALUES (8187, 7204, 5015, '5 Carberry Hill', '2018-03-08', '2018-03-10', 6.48);
INSERT INTO `mydb`.`SHIPMENT` (`Shipment_ID`, `Order_ID`, `Seller_ID`, `Shipment_Address`, `Shipment_ShippingDate`, `Shipment_ExpectedDeliveryDate`, `Shipment_Fee`) VALUES (8188, 7205, NULL, '95 Hanover Hill', '2018-03-08', '2018-03-10', 0);
INSERT INTO `mydb`.`SHIPMENT` (`Shipment_ID`, `Order_ID`, `Seller_ID`, `Shipment_Address`, `Shipment_ShippingDate`, `Shipment_ExpectedDeliveryDate`, `Shipment_Fee`) VALUES (8189, 7206, NULL, '1942 Briar Crest Terrace', '2018-03-09', '2018-03-11', 0);
INSERT INTO `mydb`.`SHIPMENT` (`Shipment_ID`, `Order_ID`, `Seller_ID`, `Shipment_Address`, `Shipment_ShippingDate`, `Shipment_ExpectedDeliveryDate`, `Shipment_Fee`) VALUES (8190, 7207, 5024, '48 Carberry Plaza', '2018-03-09', '2018-03-11', 5.14);
INSERT INTO `mydb`.`SHIPMENT` (`Shipment_ID`, `Order_ID`, `Seller_ID`, `Shipment_Address`, `Shipment_ShippingDate`, `Shipment_ExpectedDeliveryDate`, `Shipment_Fee`) VALUES (8191, 7208, NULL, '7679 Ridgeway Terrace', '2018-03-09', '2018-03-11', 0);
INSERT INTO `mydb`.`SHIPMENT` (`Shipment_ID`, `Order_ID`, `Seller_ID`, `Shipment_Address`, `Shipment_ShippingDate`, `Shipment_ExpectedDeliveryDate`, `Shipment_Fee`) VALUES (8192, 7209, NULL, '9 Vernon Trail', '2018-03-09', '2018-03-11', 0);
INSERT INTO `mydb`.`SHIPMENT` (`Shipment_ID`, `Order_ID`, `Seller_ID`, `Shipment_Address`, `Shipment_ShippingDate`, `Shipment_ExpectedDeliveryDate`, `Shipment_Fee`) VALUES (8193, 7210, NULL, '65 Shopko Crossing', '2018-03-09', '2018-03-11', 0);
INSERT INTO `mydb`.`SHIPMENT` (`Shipment_ID`, `Order_ID`, `Seller_ID`, `Shipment_Address`, `Shipment_ShippingDate`, `Shipment_ExpectedDeliveryDate`, `Shipment_Fee`) VALUES (8194, 7211, 5019, '81 Dorton Drive', '2018-03-10', '2018-03-12', 6.32);
INSERT INTO `mydb`.`SHIPMENT` (`Shipment_ID`, `Order_ID`, `Seller_ID`, `Shipment_Address`, `Shipment_ShippingDate`, `Shipment_ExpectedDeliveryDate`, `Shipment_Fee`) VALUES (8195, 7212, NULL, '7679 Ridgeway Terrace', '2018-03-10', '2018-03-12', 0);
INSERT INTO `mydb`.`SHIPMENT` (`Shipment_ID`, `Order_ID`, `Seller_ID`, `Shipment_Address`, `Shipment_ShippingDate`, `Shipment_ExpectedDeliveryDate`, `Shipment_Fee`) VALUES (8196, 7213, NULL, '14 Sachtjen Parkway', '2018-03-10', '2018-03-12', 0);
INSERT INTO `mydb`.`SHIPMENT` (`Shipment_ID`, `Order_ID`, `Seller_ID`, `Shipment_Address`, `Shipment_ShippingDate`, `Shipment_ExpectedDeliveryDate`, `Shipment_Fee`) VALUES (8197, 7214, 5014, '3 John Wall Trail', '2018-03-10', '2018-03-12', 6.56);
INSERT INTO `mydb`.`SHIPMENT` (`Shipment_ID`, `Order_ID`, `Seller_ID`, `Shipment_Address`, `Shipment_ShippingDate`, `Shipment_ExpectedDeliveryDate`, `Shipment_Fee`) VALUES (8198, 7215, NULL, '60787 Amoth Road', '2018-03-11', '2018-03-13', 0);
INSERT INTO `mydb`.`SHIPMENT` (`Shipment_ID`, `Order_ID`, `Seller_ID`, `Shipment_Address`, `Shipment_ShippingDate`, `Shipment_ExpectedDeliveryDate`, `Shipment_Fee`) VALUES (8199, 7216, 5020, '2719 La Follette Pass', '2018-03-11', '2018-03-13', 4.36);
INSERT INTO `mydb`.`SHIPMENT` (`Shipment_ID`, `Order_ID`, `Seller_ID`, `Shipment_Address`, `Shipment_ShippingDate`, `Shipment_ExpectedDeliveryDate`, `Shipment_Fee`) VALUES (8200, 7217, NULL, '14369 Ramsey Terrace', '2018-03-12', '2018-03-14', 0);
INSERT INTO `mydb`.`SHIPMENT` (`Shipment_ID`, `Order_ID`, `Seller_ID`, `Shipment_Address`, `Shipment_ShippingDate`, `Shipment_ExpectedDeliveryDate`, `Shipment_Fee`) VALUES (8201, 7218, 5019, '512 Center Center', '2018-03-12', '2018-03-14', 4.43);
INSERT INTO `mydb`.`SHIPMENT` (`Shipment_ID`, `Order_ID`, `Seller_ID`, `Shipment_Address`, `Shipment_ShippingDate`, `Shipment_ExpectedDeliveryDate`, `Shipment_Fee`) VALUES (8202, 7220, 5006, '660 Loftsgordon Junction', '2018-03-12', '2018-03-14', 5.42);
INSERT INTO `mydb`.`SHIPMENT` (`Shipment_ID`, `Order_ID`, `Seller_ID`, `Shipment_Address`, `Shipment_ShippingDate`, `Shipment_ExpectedDeliveryDate`, `Shipment_Fee`) VALUES (8203, 7221, 5027, '48 Carberry Plaza', '2018-03-13', '2018-03-15', 6.58);
INSERT INTO `mydb`.`SHIPMENT` (`Shipment_ID`, `Order_ID`, `Seller_ID`, `Shipment_Address`, `Shipment_ShippingDate`, `Shipment_ExpectedDeliveryDate`, `Shipment_Fee`) VALUES (8204, 7222, NULL, '7679 Ridgeway Terrace', '2018-03-13', '2018-03-15', 0);
INSERT INTO `mydb`.`SHIPMENT` (`Shipment_ID`, `Order_ID`, `Seller_ID`, `Shipment_Address`, `Shipment_ShippingDate`, `Shipment_ExpectedDeliveryDate`, `Shipment_Fee`) VALUES (8205, 7223, 5027, '5 Carberry Hill', '2018-03-13', '2018-03-15', 6.17);
INSERT INTO `mydb`.`SHIPMENT` (`Shipment_ID`, `Order_ID`, `Seller_ID`, `Shipment_Address`, `Shipment_ShippingDate`, `Shipment_ExpectedDeliveryDate`, `Shipment_Fee`) VALUES (8206, 7224, NULL, '81201 2nd Court', '2018-03-14', '2018-03-16', 0);
INSERT INTO `mydb`.`SHIPMENT` (`Shipment_ID`, `Order_ID`, `Seller_ID`, `Shipment_Address`, `Shipment_ShippingDate`, `Shipment_ExpectedDeliveryDate`, `Shipment_Fee`) VALUES (8207, 7225, NULL, '95 Hanover Hill', '2018-03-14', '2018-03-16', 0);
INSERT INTO `mydb`.`SHIPMENT` (`Shipment_ID`, `Order_ID`, `Seller_ID`, `Shipment_Address`, `Shipment_ShippingDate`, `Shipment_ExpectedDeliveryDate`, `Shipment_Fee`) VALUES (8208, 7226, 5020, '801 Bayside Pass', '2018-03-16', '2018-03-18', 5.06);
INSERT INTO `mydb`.`SHIPMENT` (`Shipment_ID`, `Order_ID`, `Seller_ID`, `Shipment_Address`, `Shipment_ShippingDate`, `Shipment_ExpectedDeliveryDate`, `Shipment_Fee`) VALUES (8209, 7227, 5019, '97 Havey Pass', '2018-03-16', '2018-03-18', 6.91);
INSERT INTO `mydb`.`SHIPMENT` (`Shipment_ID`, `Order_ID`, `Seller_ID`, `Shipment_Address`, `Shipment_ShippingDate`, `Shipment_ExpectedDeliveryDate`, `Shipment_Fee`) VALUES (8210, 7228, NULL, '22179 Grover Alley', '2018-03-16', '2018-03-18', 0);
INSERT INTO `mydb`.`SHIPMENT` (`Shipment_ID`, `Order_ID`, `Seller_ID`, `Shipment_Address`, `Shipment_ShippingDate`, `Shipment_ExpectedDeliveryDate`, `Shipment_Fee`) VALUES (8211, 7229, NULL, '7 Farragut Circle', '2018-03-16', '2018-03-18', 0);
INSERT INTO `mydb`.`SHIPMENT` (`Shipment_ID`, `Order_ID`, `Seller_ID`, `Shipment_Address`, `Shipment_ShippingDate`, `Shipment_ExpectedDeliveryDate`, `Shipment_Fee`) VALUES (8212, 7230, NULL, '921 Thompson Parkway', '2018-03-18', '2018-03-20', 0);
INSERT INTO `mydb`.`SHIPMENT` (`Shipment_ID`, `Order_ID`, `Seller_ID`, `Shipment_Address`, `Shipment_ShippingDate`, `Shipment_ExpectedDeliveryDate`, `Shipment_Fee`) VALUES (8213, 7231, NULL, '95 Hanover Hill', '2018-03-18', '2018-03-20', 0);
INSERT INTO `mydb`.`SHIPMENT` (`Shipment_ID`, `Order_ID`, `Seller_ID`, `Shipment_Address`, `Shipment_ShippingDate`, `Shipment_ExpectedDeliveryDate`, `Shipment_Fee`) VALUES (8214, 7232, 5014, '007 Canary Pass', '2018-03-18', '2018-03-20', 5.6);
INSERT INTO `mydb`.`SHIPMENT` (`Shipment_ID`, `Order_ID`, `Seller_ID`, `Shipment_Address`, `Shipment_ShippingDate`, `Shipment_ExpectedDeliveryDate`, `Shipment_Fee`) VALUES (8215, 7233, NULL, '8075 Portage Circle', '2018-03-19', '2018-03-21', 0);
INSERT INTO `mydb`.`SHIPMENT` (`Shipment_ID`, `Order_ID`, `Seller_ID`, `Shipment_Address`, `Shipment_ShippingDate`, `Shipment_ExpectedDeliveryDate`, `Shipment_Fee`) VALUES (8216, 7234, NULL, '22179 Grover Alley', '2018-03-20', '2018-03-22', 0);
INSERT INTO `mydb`.`SHIPMENT` (`Shipment_ID`, `Order_ID`, `Seller_ID`, `Shipment_Address`, `Shipment_ShippingDate`, `Shipment_ExpectedDeliveryDate`, `Shipment_Fee`) VALUES (8217, 7235, NULL, '9 Vernon Trail', '2018-03-21', '2018-03-23', 0);
INSERT INTO `mydb`.`SHIPMENT` (`Shipment_ID`, `Order_ID`, `Seller_ID`, `Shipment_Address`, `Shipment_ShippingDate`, `Shipment_ExpectedDeliveryDate`, `Shipment_Fee`) VALUES (8218, 7236, NULL, '2 Ruskin Hill', '2018-03-21', '2018-03-23', 0);
INSERT INTO `mydb`.`SHIPMENT` (`Shipment_ID`, `Order_ID`, `Seller_ID`, `Shipment_Address`, `Shipment_ShippingDate`, `Shipment_ExpectedDeliveryDate`, `Shipment_Fee`) VALUES (8219, 7237, 5008, '033 Basil Plaza', '2018-03-22', '2018-03-24', 5.51);
INSERT INTO `mydb`.`SHIPMENT` (`Shipment_ID`, `Order_ID`, `Seller_ID`, `Shipment_Address`, `Shipment_ShippingDate`, `Shipment_ExpectedDeliveryDate`, `Shipment_Fee`) VALUES (8220, 7238, 5028, '9 Dryden Trail', '2018-03-22', '2018-03-24', 5.81);
INSERT INTO `mydb`.`SHIPMENT` (`Shipment_ID`, `Order_ID`, `Seller_ID`, `Shipment_Address`, `Shipment_ShippingDate`, `Shipment_ExpectedDeliveryDate`, `Shipment_Fee`) VALUES (8221, 7239, NULL, '14369 Ramsey Terrace', '2018-03-22', '2018-03-24', 0);
INSERT INTO `mydb`.`SHIPMENT` (`Shipment_ID`, `Order_ID`, `Seller_ID`, `Shipment_Address`, `Shipment_ShippingDate`, `Shipment_ExpectedDeliveryDate`, `Shipment_Fee`) VALUES (8222, 7240, 5027, '4121 Dwight Hill', '2018-03-23', '2018-03-25', 4.16);
INSERT INTO `mydb`.`SHIPMENT` (`Shipment_ID`, `Order_ID`, `Seller_ID`, `Shipment_Address`, `Shipment_ShippingDate`, `Shipment_ExpectedDeliveryDate`, `Shipment_Fee`) VALUES (8223, 7241, 5008, '59 Elka Lane', '2018-03-23', '2018-03-25', 6.96);
INSERT INTO `mydb`.`SHIPMENT` (`Shipment_ID`, `Order_ID`, `Seller_ID`, `Shipment_Address`, `Shipment_ShippingDate`, `Shipment_ExpectedDeliveryDate`, `Shipment_Fee`) VALUES (8224, 7242, NULL, '2640 Claremont Drive', '2018-03-23', '2018-03-25', 0);
INSERT INTO `mydb`.`SHIPMENT` (`Shipment_ID`, `Order_ID`, `Seller_ID`, `Shipment_Address`, `Shipment_ShippingDate`, `Shipment_ExpectedDeliveryDate`, `Shipment_Fee`) VALUES (8225, 7243, 5020, '36799 Raven Terrace', '2018-03-24', '2018-03-26', 6);
INSERT INTO `mydb`.`SHIPMENT` (`Shipment_ID`, `Order_ID`, `Seller_ID`, `Shipment_Address`, `Shipment_ShippingDate`, `Shipment_ExpectedDeliveryDate`, `Shipment_Fee`) VALUES (8226, 7244, 5014, '15491 Crest Line Hill', '2018-03-24', '2018-03-26', 6.44);
INSERT INTO `mydb`.`SHIPMENT` (`Shipment_ID`, `Order_ID`, `Seller_ID`, `Shipment_Address`, `Shipment_ShippingDate`, `Shipment_ExpectedDeliveryDate`, `Shipment_Fee`) VALUES (8227, 7245, NULL, '8 Badeau Drive', '2018-03-24', '2018-03-26', 0);
INSERT INTO `mydb`.`SHIPMENT` (`Shipment_ID`, `Order_ID`, `Seller_ID`, `Shipment_Address`, `Shipment_ShippingDate`, `Shipment_ExpectedDeliveryDate`, `Shipment_Fee`) VALUES (8228, 7246, NULL, '739 Lerdahl Hill', '2018-03-24', '2018-03-26', 0);
INSERT INTO `mydb`.`SHIPMENT` (`Shipment_ID`, `Order_ID`, `Seller_ID`, `Shipment_Address`, `Shipment_ShippingDate`, `Shipment_ExpectedDeliveryDate`, `Shipment_Fee`) VALUES (8229, 7247, NULL, '7 Farragut Circle', '2018-03-24', '2018-03-26', 0);
INSERT INTO `mydb`.`SHIPMENT` (`Shipment_ID`, `Order_ID`, `Seller_ID`, `Shipment_Address`, `Shipment_ShippingDate`, `Shipment_ExpectedDeliveryDate`, `Shipment_Fee`) VALUES (8230, 7248, 5008, '4121 Dwight Hill', '2018-03-25', '2018-03-27', 6.2);
INSERT INTO `mydb`.`SHIPMENT` (`Shipment_ID`, `Order_ID`, `Seller_ID`, `Shipment_Address`, `Shipment_ShippingDate`, `Shipment_ExpectedDeliveryDate`, `Shipment_Fee`) VALUES (8231, 7250, NULL, '739 Lerdahl Hill', '2018-03-25', '2018-03-27', 0);
INSERT INTO `mydb`.`SHIPMENT` (`Shipment_ID`, `Order_ID`, `Seller_ID`, `Shipment_Address`, `Shipment_ShippingDate`, `Shipment_ExpectedDeliveryDate`, `Shipment_Fee`) VALUES (8232, 7251, 5019, '59 Elka Lane', '2018-03-26', '2018-03-28', 4.67);
INSERT INTO `mydb`.`SHIPMENT` (`Shipment_ID`, `Order_ID`, `Seller_ID`, `Shipment_Address`, `Shipment_ShippingDate`, `Shipment_ExpectedDeliveryDate`, `Shipment_Fee`) VALUES (8233, 7252, NULL, '9631 Warner Point', '2018-03-26', '2018-04-27', 0);
INSERT INTO `mydb`.`SHIPMENT` (`Shipment_ID`, `Order_ID`, `Seller_ID`, `Shipment_Address`, `Shipment_ShippingDate`, `Shipment_ExpectedDeliveryDate`, `Shipment_Fee`) VALUES (8234, 7253, 5019, '348 Transport Point', NULL, NULL, 5.51);
INSERT INTO `mydb`.`SHIPMENT` (`Shipment_ID`, `Order_ID`, `Seller_ID`, `Shipment_Address`, `Shipment_ShippingDate`, `Shipment_ExpectedDeliveryDate`, `Shipment_Fee`) VALUES (8235, 7254, 5017, '1 Anhalt Plaza', '2018-03-26', '2018-03-28', 4.34);
INSERT INTO `mydb`.`SHIPMENT` (`Shipment_ID`, `Order_ID`, `Seller_ID`, `Shipment_Address`, `Shipment_ShippingDate`, `Shipment_ExpectedDeliveryDate`, `Shipment_Fee`) VALUES (8236, 7255, 5019, '4121 Dwight Hill', '2018-03-27', '2018-03-29', 5.1);
INSERT INTO `mydb`.`SHIPMENT` (`Shipment_ID`, `Order_ID`, `Seller_ID`, `Shipment_Address`, `Shipment_ShippingDate`, `Shipment_ExpectedDeliveryDate`, `Shipment_Fee`) VALUES (8237, 7256, NULL, '81201 2nd Court', '2018-03-27', '2018-04-28', 0);
INSERT INTO `mydb`.`SHIPMENT` (`Shipment_ID`, `Order_ID`, `Seller_ID`, `Shipment_Address`, `Shipment_ShippingDate`, `Shipment_ExpectedDeliveryDate`, `Shipment_Fee`) VALUES (8238, 7257, NULL, '9 American Ash Avenue', '2018-03-28', '2018-04-29', 0);
INSERT INTO `mydb`.`SHIPMENT` (`Shipment_ID`, `Order_ID`, `Seller_ID`, `Shipment_Address`, `Shipment_ShippingDate`, `Shipment_ExpectedDeliveryDate`, `Shipment_Fee`) VALUES (8239, 7258, 5017, '30 Kim Plaza', NULL, NULL, 6.3);
INSERT INTO `mydb`.`SHIPMENT` (`Shipment_ID`, `Order_ID`, `Seller_ID`, `Shipment_Address`, `Shipment_ShippingDate`, `Shipment_ExpectedDeliveryDate`, `Shipment_Fee`) VALUES (8240, 7259, 5020, '48 Carberry Plaza', '2018-03-28', '2018-03-30', 4.73);
INSERT INTO `mydb`.`SHIPMENT` (`Shipment_ID`, `Order_ID`, `Seller_ID`, `Shipment_Address`, `Shipment_ShippingDate`, `Shipment_ExpectedDeliveryDate`, `Shipment_Fee`) VALUES (8241, 7260, NULL, '762 John Wall Park', NULL, NULL, 0);
INSERT INTO `mydb`.`SHIPMENT` (`Shipment_ID`, `Order_ID`, `Seller_ID`, `Shipment_Address`, `Shipment_ShippingDate`, `Shipment_ExpectedDeliveryDate`, `Shipment_Fee`) VALUES (8242, 7261, 5014, '36799 Raven Terrace', '2018-03-29', '2018-04-30', 4.49);
INSERT INTO `mydb`.`SHIPMENT` (`Shipment_ID`, `Order_ID`, `Seller_ID`, `Shipment_Address`, `Shipment_ShippingDate`, `Shipment_ExpectedDeliveryDate`, `Shipment_Fee`) VALUES (8243, 7262, 5015, '978 Red Cloud Pass', '2018-03-29', '2018-03-31', 5.19);
INSERT INTO `mydb`.`SHIPMENT` (`Shipment_ID`, `Order_ID`, `Seller_ID`, `Shipment_Address`, `Shipment_ShippingDate`, `Shipment_ExpectedDeliveryDate`, `Shipment_Fee`) VALUES (8244, 7263, NULL, '99 Milwaukee Parkway', '2018-03-29', '2018-04-24', 0);
INSERT INTO `mydb`.`SHIPMENT` (`Shipment_ID`, `Order_ID`, `Seller_ID`, `Shipment_Address`, `Shipment_ShippingDate`, `Shipment_ExpectedDeliveryDate`, `Shipment_Fee`) VALUES (8245, 7264, NULL, '8 Glendale Trail', '2018-03-30', '2018-04-01', 0);
INSERT INTO `mydb`.`SHIPMENT` (`Shipment_ID`, `Order_ID`, `Seller_ID`, `Shipment_Address`, `Shipment_ShippingDate`, `Shipment_ExpectedDeliveryDate`, `Shipment_Fee`) VALUES (8246, 7267, NULL, '67453 Ilene Drive', NULL, NULL, 0);
INSERT INTO `mydb`.`SHIPMENT` (`Shipment_ID`, `Order_ID`, `Seller_ID`, `Shipment_Address`, `Shipment_ShippingDate`, `Shipment_ExpectedDeliveryDate`, `Shipment_Fee`) VALUES (8247, 7268, 5019, '65 Center Way', '2018-03-31', '2018-04-02', 6.13);
INSERT INTO `mydb`.`SHIPMENT` (`Shipment_ID`, `Order_ID`, `Seller_ID`, `Shipment_Address`, `Shipment_ShippingDate`, `Shipment_ExpectedDeliveryDate`, `Shipment_Fee`) VALUES (8248, 7270, NULL, '64 Banding Place', NULL, NULL, 0);
INSERT INTO `mydb`.`SHIPMENT` (`Shipment_ID`, `Order_ID`, `Seller_ID`, `Shipment_Address`, `Shipment_ShippingDate`, `Shipment_ExpectedDeliveryDate`, `Shipment_Fee`) VALUES (8249, 7271, NULL, '8 Badeau Drive', '2018-04-01', '2018-04-03', 0);
INSERT INTO `mydb`.`SHIPMENT` (`Shipment_ID`, `Order_ID`, `Seller_ID`, `Shipment_Address`, `Shipment_ShippingDate`, `Shipment_ExpectedDeliveryDate`, `Shipment_Fee`) VALUES (8250, 7272, 5027, '59 Elka Lane', '2018-04-02', '2018-04-24', 5.04);
INSERT INTO `mydb`.`SHIPMENT` (`Shipment_ID`, `Order_ID`, `Seller_ID`, `Shipment_Address`, `Shipment_ShippingDate`, `Shipment_ExpectedDeliveryDate`, `Shipment_Fee`) VALUES (8251, 7273, NULL, '62209 American Ash Terrace', '2018-04-02', '2018-04-04', 0);
INSERT INTO `mydb`.`SHIPMENT` (`Shipment_ID`, `Order_ID`, `Seller_ID`, `Shipment_Address`, `Shipment_ShippingDate`, `Shipment_ExpectedDeliveryDate`, `Shipment_Fee`) VALUES (8252, 7274, 5019, '5 2nd Junction', '2018-04-02', '2018-04-24', 5.44);
INSERT INTO `mydb`.`SHIPMENT` (`Shipment_ID`, `Order_ID`, `Seller_ID`, `Shipment_Address`, `Shipment_ShippingDate`, `Shipment_ExpectedDeliveryDate`, `Shipment_Fee`) VALUES (8253, 7275, 5017, '81 Dorton Drive', '2018-04-02', '2018-04-04', 5.55);
INSERT INTO `mydb`.`SHIPMENT` (`Shipment_ID`, `Order_ID`, `Seller_ID`, `Shipment_Address`, `Shipment_ShippingDate`, `Shipment_ExpectedDeliveryDate`, `Shipment_Fee`) VALUES (8254, 7276, 5006, '2719 La Follette Pass', NULL, NULL, 4.1);
INSERT INTO `mydb`.`SHIPMENT` (`Shipment_ID`, `Order_ID`, `Seller_ID`, `Shipment_Address`, `Shipment_ShippingDate`, `Shipment_ExpectedDeliveryDate`, `Shipment_Fee`) VALUES (8255, 7278, 5025, '6859 Moland Street', NULL, NULL, 4.08);
INSERT INTO `mydb`.`SHIPMENT` (`Shipment_ID`, `Order_ID`, `Seller_ID`, `Shipment_Address`, `Shipment_ShippingDate`, `Shipment_ExpectedDeliveryDate`, `Shipment_Fee`) VALUES (8256, 7279, NULL, '7 Farragut Circle', NULL, NULL, 0);
INSERT INTO `mydb`.`SHIPMENT` (`Shipment_ID`, `Order_ID`, `Seller_ID`, `Shipment_Address`, `Shipment_ShippingDate`, `Shipment_ExpectedDeliveryDate`, `Shipment_Fee`) VALUES (8257, 7280, NULL, '8 Glendale Trail', '2018-04-04', '2018-04-06', 0);
INSERT INTO `mydb`.`SHIPMENT` (`Shipment_ID`, `Order_ID`, `Seller_ID`, `Shipment_Address`, `Shipment_ShippingDate`, `Shipment_ExpectedDeliveryDate`, `Shipment_Fee`) VALUES (8258, 7281, 5024, '57 Donald Crossing', '2018-04-04', '2018-04-26', 4.04);
INSERT INTO `mydb`.`SHIPMENT` (`Shipment_ID`, `Order_ID`, `Seller_ID`, `Shipment_Address`, `Shipment_ShippingDate`, `Shipment_ExpectedDeliveryDate`, `Shipment_Fee`) VALUES (8259, 7282, 5019, '9779 Melvin Lane', NULL, NULL, 5.66);
INSERT INTO `mydb`.`SHIPMENT` (`Shipment_ID`, `Order_ID`, `Seller_ID`, `Shipment_Address`, `Shipment_ShippingDate`, `Shipment_ExpectedDeliveryDate`, `Shipment_Fee`) VALUES (8260, 7283, 5008, '30164 Glendale Center', '2018-04-05', '2018-04-07', 6.05);
INSERT INTO `mydb`.`SHIPMENT` (`Shipment_ID`, `Order_ID`, `Seller_ID`, `Shipment_Address`, `Shipment_ShippingDate`, `Shipment_ExpectedDeliveryDate`, `Shipment_Fee`) VALUES (8261, 7284, NULL, '65 Algoma Place', '2018-04-05', '2018-04-27', 0);
INSERT INTO `mydb`.`SHIPMENT` (`Shipment_ID`, `Order_ID`, `Seller_ID`, `Shipment_Address`, `Shipment_ShippingDate`, `Shipment_ExpectedDeliveryDate`, `Shipment_Fee`) VALUES (8262, 7285, 5027, '512 Center Center', '2018-04-05', '2018-04-07', 4.61);
INSERT INTO `mydb`.`SHIPMENT` (`Shipment_ID`, `Order_ID`, `Seller_ID`, `Shipment_Address`, `Shipment_ShippingDate`, `Shipment_ExpectedDeliveryDate`, `Shipment_Fee`) VALUES (8263, 7286, 5026, '56 Red Cloud Hill', NULL, NULL, 5.86);
INSERT INTO `mydb`.`SHIPMENT` (`Shipment_ID`, `Order_ID`, `Seller_ID`, `Shipment_Address`, `Shipment_ShippingDate`, `Shipment_ExpectedDeliveryDate`, `Shipment_Fee`) VALUES (8264, 7287, NULL, '6397 Forest Run Way', '2018-04-06', '2018-04-08', 0);
INSERT INTO `mydb`.`SHIPMENT` (`Shipment_ID`, `Order_ID`, `Seller_ID`, `Shipment_Address`, `Shipment_ShippingDate`, `Shipment_ExpectedDeliveryDate`, `Shipment_Fee`) VALUES (8265, 7288, NULL, '67453 Ilene Drive', NULL, NULL, 0);
INSERT INTO `mydb`.`SHIPMENT` (`Shipment_ID`, `Order_ID`, `Seller_ID`, `Shipment_Address`, `Shipment_ShippingDate`, `Shipment_ExpectedDeliveryDate`, `Shipment_Fee`) VALUES (8266, 7290, 5027, '2997 Saint Paul Court', '2018-04-07', '2018-04-26', 4.54);
INSERT INTO `mydb`.`SHIPMENT` (`Shipment_ID`, `Order_ID`, `Seller_ID`, `Shipment_Address`, `Shipment_ShippingDate`, `Shipment_ExpectedDeliveryDate`, `Shipment_Fee`) VALUES (8267, 7291, 5025, '3 John Wall Trail', '2018-04-07', '2018-04-26', 5.28);
INSERT INTO `mydb`.`SHIPMENT` (`Shipment_ID`, `Order_ID`, `Seller_ID`, `Shipment_Address`, `Shipment_ShippingDate`, `Shipment_ExpectedDeliveryDate`, `Shipment_Fee`) VALUES (8268, 7292, 5027, '15491 Crest Line Hill', NULL, NULL, 6.58);
INSERT INTO `mydb`.`SHIPMENT` (`Shipment_ID`, `Order_ID`, `Seller_ID`, `Shipment_Address`, `Shipment_ShippingDate`, `Shipment_ExpectedDeliveryDate`, `Shipment_Fee`) VALUES (8269, 7293, 5017, '42526 Sugar Center', NULL, NULL, 6.68);
INSERT INTO `mydb`.`SHIPMENT` (`Shipment_ID`, `Order_ID`, `Seller_ID`, `Shipment_Address`, `Shipment_ShippingDate`, `Shipment_ExpectedDeliveryDate`, `Shipment_Fee`) VALUES (8270, 7294, NULL, '7 Farragut Circle', '2018-04-07', '2018-04-09', 0);
INSERT INTO `mydb`.`SHIPMENT` (`Shipment_ID`, `Order_ID`, `Seller_ID`, `Shipment_Address`, `Shipment_ShippingDate`, `Shipment_ExpectedDeliveryDate`, `Shipment_Fee`) VALUES (8271, 7295, 5015, '9779 Melvin Lane', NULL, NULL, 4.52);
INSERT INTO `mydb`.`SHIPMENT` (`Shipment_ID`, `Order_ID`, `Seller_ID`, `Shipment_Address`, `Shipment_ShippingDate`, `Shipment_ExpectedDeliveryDate`, `Shipment_Fee`) VALUES (8272, 7296, NULL, '9 American Ash Avenue', NULL, NULL, 0);
INSERT INTO `mydb`.`SHIPMENT` (`Shipment_ID`, `Order_ID`, `Seller_ID`, `Shipment_Address`, `Shipment_ShippingDate`, `Shipment_ExpectedDeliveryDate`, `Shipment_Fee`) VALUES (8273, 7297, NULL, '7 Leroy Circle', '2018-04-08', '2018-04-10', 0);
INSERT INTO `mydb`.`SHIPMENT` (`Shipment_ID`, `Order_ID`, `Seller_ID`, `Shipment_Address`, `Shipment_ShippingDate`, `Shipment_ExpectedDeliveryDate`, `Shipment_Fee`) VALUES (8274, 7298, NULL, '14 Sachtjen Parkway', '2018-04-08', '2018-04-30', 0);
INSERT INTO `mydb`.`SHIPMENT` (`Shipment_ID`, `Order_ID`, `Seller_ID`, `Shipment_Address`, `Shipment_ShippingDate`, `Shipment_ExpectedDeliveryDate`, `Shipment_Fee`) VALUES (8275, 7299, 5015, '97 Havey Pass', '2018-04-08', '2018-04-10', 6.36);
INSERT INTO `mydb`.`SHIPMENT` (`Shipment_ID`, `Order_ID`, `Seller_ID`, `Shipment_Address`, `Shipment_ShippingDate`, `Shipment_ExpectedDeliveryDate`, `Shipment_Fee`) VALUES (8276, 7300, NULL, '9 Old Gate Center', '2018-04-08', '2018-04-10', 0);
INSERT INTO `mydb`.`SHIPMENT` (`Shipment_ID`, `Order_ID`, `Seller_ID`, `Shipment_Address`, `Shipment_ShippingDate`, `Shipment_ExpectedDeliveryDate`, `Shipment_Fee`) VALUES (8277, 7301, NULL, '67453 Ilene Drive', '2018-04-09', '2018-05-01', 0);
INSERT INTO `mydb`.`SHIPMENT` (`Shipment_ID`, `Order_ID`, `Seller_ID`, `Shipment_Address`, `Shipment_ShippingDate`, `Shipment_ExpectedDeliveryDate`, `Shipment_Fee`) VALUES (8278, 7302, 5028, '81 Dorton Drive', '2018-04-10', '2018-04-12', 4.76);
INSERT INTO `mydb`.`SHIPMENT` (`Shipment_ID`, `Order_ID`, `Seller_ID`, `Shipment_Address`, `Shipment_ShippingDate`, `Shipment_ExpectedDeliveryDate`, `Shipment_Fee`) VALUES (8279, 7303, 5026, '007 Canary Pass', NULL, NULL, 4.51);
INSERT INTO `mydb`.`SHIPMENT` (`Shipment_ID`, `Order_ID`, `Seller_ID`, `Shipment_Address`, `Shipment_ShippingDate`, `Shipment_ExpectedDeliveryDate`, `Shipment_Fee`) VALUES (8280, 7304, 5008, '9 Nancy Park', '2018-04-12', '2018-04-14', 6.91);
INSERT INTO `mydb`.`SHIPMENT` (`Shipment_ID`, `Order_ID`, `Seller_ID`, `Shipment_Address`, `Shipment_ShippingDate`, `Shipment_ExpectedDeliveryDate`, `Shipment_Fee`) VALUES (8281, 7305, NULL, '6680 Hooker Alley', NULL, NULL, 0);
INSERT INTO `mydb`.`SHIPMENT` (`Shipment_ID`, `Order_ID`, `Seller_ID`, `Shipment_Address`, `Shipment_ShippingDate`, `Shipment_ExpectedDeliveryDate`, `Shipment_Fee`) VALUES (8282, 7306, NULL, '7 Leroy Circle', NULL, NULL, 0);
INSERT INTO `mydb`.`SHIPMENT` (`Shipment_ID`, `Order_ID`, `Seller_ID`, `Shipment_Address`, `Shipment_ShippingDate`, `Shipment_ExpectedDeliveryDate`, `Shipment_Fee`) VALUES (8283, 7307, 5019, '801 Bayside Pass', NULL, NULL, 6.86);
INSERT INTO `mydb`.`SHIPMENT` (`Shipment_ID`, `Order_ID`, `Seller_ID`, `Shipment_Address`, `Shipment_ShippingDate`, `Shipment_ExpectedDeliveryDate`, `Shipment_Fee`) VALUES (8284, 7308, 5019, '01934 Redwing Point', '2018-04-13', '2018-04-15', 5.55);
INSERT INTO `mydb`.`SHIPMENT` (`Shipment_ID`, `Order_ID`, `Seller_ID`, `Shipment_Address`, `Shipment_ShippingDate`, `Shipment_ExpectedDeliveryDate`, `Shipment_Fee`) VALUES (8285, 7309, 5019, '160 Dakota Park', NULL, NULL, 5.63);
INSERT INTO `mydb`.`SHIPMENT` (`Shipment_ID`, `Order_ID`, `Seller_ID`, `Shipment_Address`, `Shipment_ShippingDate`, `Shipment_ExpectedDeliveryDate`, `Shipment_Fee`) VALUES (8286, 7310, 5008, '007 Canary Pass', NULL, NULL, 4.57);
INSERT INTO `mydb`.`SHIPMENT` (`Shipment_ID`, `Order_ID`, `Seller_ID`, `Shipment_Address`, `Shipment_ShippingDate`, `Shipment_ExpectedDeliveryDate`, `Shipment_Fee`) VALUES (8287, 7311, NULL, '776 Algoma Drive', '2018-04-14', '2018-04-16', 0);
INSERT INTO `mydb`.`SHIPMENT` (`Shipment_ID`, `Order_ID`, `Seller_ID`, `Shipment_Address`, `Shipment_ShippingDate`, `Shipment_ExpectedDeliveryDate`, `Shipment_Fee`) VALUES (8288, 7312, NULL, '61512 8th Pass', '2018-04-15', '2018-04-25', 0);
INSERT INTO `mydb`.`SHIPMENT` (`Shipment_ID`, `Order_ID`, `Seller_ID`, `Shipment_Address`, `Shipment_ShippingDate`, `Shipment_ExpectedDeliveryDate`, `Shipment_Fee`) VALUES (8289, 7313, NULL, '6 Buhler Hill', NULL, NULL, 0);
INSERT INTO `mydb`.`SHIPMENT` (`Shipment_ID`, `Order_ID`, `Seller_ID`, `Shipment_Address`, `Shipment_ShippingDate`, `Shipment_ExpectedDeliveryDate`, `Shipment_Fee`) VALUES (8290, 7314, NULL, '1942 Briar Crest Terrace', '2018-04-15', '2018-04-17', 0);
INSERT INTO `mydb`.`SHIPMENT` (`Shipment_ID`, `Order_ID`, `Seller_ID`, `Shipment_Address`, `Shipment_ShippingDate`, `Shipment_ExpectedDeliveryDate`, `Shipment_Fee`) VALUES (8291, 7315, NULL, '9631 Warner Point', '2018-04-16', '2018-04-26', 0);
INSERT INTO `mydb`.`SHIPMENT` (`Shipment_ID`, `Order_ID`, `Seller_ID`, `Shipment_Address`, `Shipment_ShippingDate`, `Shipment_ExpectedDeliveryDate`, `Shipment_Fee`) VALUES (8292, 7316, 5024, '01934 Redwing Point', '2018-04-16', '2018-04-18', 5.12);
INSERT INTO `mydb`.`SHIPMENT` (`Shipment_ID`, `Order_ID`, `Seller_ID`, `Shipment_Address`, `Shipment_ShippingDate`, `Shipment_ExpectedDeliveryDate`, `Shipment_Fee`) VALUES (8293, 7317, NULL, '1942 Briar Crest Terrace', NULL, NULL, 0);
INSERT INTO `mydb`.`SHIPMENT` (`Shipment_ID`, `Order_ID`, `Seller_ID`, `Shipment_Address`, `Shipment_ShippingDate`, `Shipment_ExpectedDeliveryDate`, `Shipment_Fee`) VALUES (8294, 7320, 5017, '348 Transport Point', NULL, NULL, 5.84);
INSERT INTO `mydb`.`RATING` (`Rating_ID`, `Seller_ID`, `Customer_ID`, `Rating_Stars`) VALUES (100001, 5001, 1031, 5);
INSERT INTO `mydb`.`RATING` (`Rating_ID`, `Seller_ID`, `Customer_ID`, `Rating_Stars`) VALUES (100002, 5002, 1087, 1);
INSERT INTO `mydb`.`RATING` (`Rating_ID`, `Seller_ID`, `Customer_ID`, `Rating_Stars`) VALUES (100003, 5003, 1083, 3);
INSERT INTO `mydb`.`RATING` (`Rating_ID`, `Seller_ID`, `Customer_ID`, `Rating_Stars`) VALUES (100004, 5004, 1098, 4);
INSERT INTO `mydb`.`RATING` (`Rating_ID`, `Seller_ID`, `Customer_ID`, `Rating_Stars`) VALUES (100005, 5005, 1090, 1);
INSERT INTO `mydb`.`RATING` (`Rating_ID`, `Seller_ID`, `Customer_ID`, `Rating_Stars`) VALUES (100006, 5006, 1004, 5);
INSERT INTO `mydb`.`RATING` (`Rating_ID`, `Seller_ID`, `Customer_ID`, `Rating_Stars`) VALUES (100007, 5007, 1025, 2);
INSERT INTO `mydb`.`RATING` (`Rating_ID`, `Seller_ID`, `Customer_ID`, `Rating_Stars`) VALUES (100008, 5008, 1062, 2);
INSERT INTO `mydb`.`RATING` (`Rating_ID`, `Seller_ID`, `Customer_ID`, `Rating_Stars`) VALUES (100009, 5009, 1011, 3);
INSERT INTO `mydb`.`RATING` (`Rating_ID`, `Seller_ID`, `Customer_ID`, `Rating_Stars`) VALUES (100010, 5010, 1093, 1);
INSERT INTO `mydb`.`RATING` (`Rating_ID`, `Seller_ID`, `Customer_ID`, `Rating_Stars`) VALUES (100011, 5011, 1010, 1);
INSERT INTO `mydb`.`RATING` (`Rating_ID`, `Seller_ID`, `Customer_ID`, `Rating_Stars`) VALUES (100012, 5012, 1019, 1);
INSERT INTO `mydb`.`RATING` (`Rating_ID`, `Seller_ID`, `Customer_ID`, `Rating_Stars`) VALUES (100013, 5013, 1017, 3);
INSERT INTO `mydb`.`RATING` (`Rating_ID`, `Seller_ID`, `Customer_ID`, `Rating_Stars`) VALUES (100014, 5014, 1091, 2);
INSERT INTO `mydb`.`RATING` (`Rating_ID`, `Seller_ID`, `Customer_ID`, `Rating_Stars`) VALUES (100015, 5015, 1045, 3);
INSERT INTO `mydb`.`RATING` (`Rating_ID`, `Seller_ID`, `Customer_ID`, `Rating_Stars`) VALUES (100016, 5016, 1024, 1);
INSERT INTO `mydb`.`RATING` (`Rating_ID`, `Seller_ID`, `Customer_ID`, `Rating_Stars`) VALUES (100017, 5017, 1048, 1);
INSERT INTO `mydb`.`RATING` (`Rating_ID`, `Seller_ID`, `Customer_ID`, `Rating_Stars`) VALUES (100018, 5018, 1080, 2);
INSERT INTO `mydb`.`RATING` (`Rating_ID`, `Seller_ID`, `Customer_ID`, `Rating_Stars`) VALUES (100019, 5019, 1012, 2);
INSERT INTO `mydb`.`RATING` (`Rating_ID`, `Seller_ID`, `Customer_ID`, `Rating_Stars`) VALUES (100020, 5020, 1074, 3);
INSERT INTO `mydb`.`RATING` (`Rating_ID`, `Seller_ID`, `Customer_ID`, `Rating_Stars`) VALUES (100021, 5021, 1059, 1);
INSERT INTO `mydb`.`RATING` (`Rating_ID`, `Seller_ID`, `Customer_ID`, `Rating_Stars`) VALUES (100022, 5022, 1046, 3);
INSERT INTO `mydb`.`RATING` (`Rating_ID`, `Seller_ID`, `Customer_ID`, `Rating_Stars`) VALUES (100023, 5023, 1067, 4);
INSERT INTO `mydb`.`RATING` (`Rating_ID`, `Seller_ID`, `Customer_ID`, `Rating_Stars`) VALUES (100024, 5024, 1003, 4);
INSERT INTO `mydb`.`RATING` (`Rating_ID`, `Seller_ID`, `Customer_ID`, `Rating_Stars`) VALUES (100025, 5025, 1077, 1);
INSERT INTO `mydb`.`RATING` (`Rating_ID`, `Seller_ID`, `Customer_ID`, `Rating_Stars`) VALUES (100026, 5026, 1030, 1);
INSERT INTO `mydb`.`RATING` (`Rating_ID`, `Seller_ID`, `Customer_ID`, `Rating_Stars`) VALUES (100027, 5027, 1072, 4);
INSERT INTO `mydb`.`RATING` (`Rating_ID`, `Seller_ID`, `Customer_ID`, `Rating_Stars`) VALUES (100028, 5028, 1054, 4);
INSERT INTO `mydb`.`RATING` (`Rating_ID`, `Seller_ID`, `Customer_ID`, `Rating_Stars`) VALUES (100029, 5001, 1015, 2);
INSERT INTO `mydb`.`RATING` (`Rating_ID`, `Seller_ID`, `Customer_ID`, `Rating_Stars`) VALUES (100030, 5002, 1035, 1);
INSERT INTO `mydb`.`RATING` (`Rating_ID`, `Seller_ID`, `Customer_ID`, `Rating_Stars`) VALUES (100031, 5003, 1009, 5);
INSERT INTO `mydb`.`RATING` (`Rating_ID`, `Seller_ID`, `Customer_ID`, `Rating_Stars`) VALUES (100032, 5004, 1014, 4);
INSERT INTO `mydb`.`RATING` (`Rating_ID`, `Seller_ID`, `Customer_ID`, `Rating_Stars`) VALUES (100033, 5005, 1099, 2);
INSERT INTO `mydb`.`RATING` (`Rating_ID`, `Seller_ID`, `Customer_ID`, `Rating_Stars`) VALUES (100034, 5006, 1047, 5);
INSERT INTO `mydb`.`RATING` (`Rating_ID`, `Seller_ID`, `Customer_ID`, `Rating_Stars`) VALUES (100035, 5007, 1001, 1);
INSERT INTO `mydb`.`RATING` (`Rating_ID`, `Seller_ID`, `Customer_ID`, `Rating_Stars`) VALUES (100036, 5008, 1082, 3);
INSERT INTO `mydb`.`RATING` (`Rating_ID`, `Seller_ID`, `Customer_ID`, `Rating_Stars`) VALUES (100037, 5020, 1038, 4);
INSERT INTO `mydb`.`RATING` (`Rating_ID`, `Seller_ID`, `Customer_ID`, `Rating_Stars`) VALUES (100038, 5021, 1085, 3);
INSERT INTO `mydb`.`RATING` (`Rating_ID`, `Seller_ID`, `Customer_ID`, `Rating_Stars`) VALUES (100039, 5022, 1027, 3);
INSERT INTO `mydb`.`RATING` (`Rating_ID`, `Seller_ID`, `Customer_ID`, `Rating_Stars`) VALUES (100040, 5023, 1005, 2);
INSERT INTO `mydb`.`RATING` (`Rating_ID`, `Seller_ID`, `Customer_ID`, `Rating_Stars`) VALUES (100041, 5024, 1060, 2);
INSERT INTO `mydb`.`RATING` (`Rating_ID`, `Seller_ID`, `Customer_ID`, `Rating_Stars`) VALUES (100042, 5025, 1042, 3);
INSERT INTO `mydb`.`RATING` (`Rating_ID`, `Seller_ID`, `Customer_ID`, `Rating_Stars`) VALUES (100043, 5026, 1040, 3);
INSERT INTO `mydb`.`RATING` (`Rating_ID`, `Seller_ID`, `Customer_ID`, `Rating_Stars`) VALUES (100044, 5027, 1052, 4);
INSERT INTO `mydb`.`RATING` (`Rating_ID`, `Seller_ID`, `Customer_ID`, `Rating_Stars`) VALUES (100045, 5009, 1056, 4);
INSERT INTO `mydb`.`RATING` (`Rating_ID`, `Seller_ID`, `Customer_ID`, `Rating_Stars`) VALUES (100046, 5010, 1094, 3);
INSERT INTO `mydb`.`RATING` (`Rating_ID`, `Seller_ID`, `Customer_ID`, `Rating_Stars`) VALUES (100047, 5011, 1064, 3);
INSERT INTO `mydb`.`RATING` (`Rating_ID`, `Seller_ID`, `Customer_ID`, `Rating_Stars`) VALUES (100048, 5012, 1049, 3);
INSERT INTO `mydb`.`RATING` (`Rating_ID`, `Seller_ID`, `Customer_ID`, `Rating_Stars`) VALUES (100049, 5013, 1051, 4);
INSERT INTO `mydb`.`RATING` (`Rating_ID`, `Seller_ID`, `Customer_ID`, `Rating_Stars`) VALUES (100050, 5009, 1018, 2);
INSERT INTO `mydb`.`RATING` (`Rating_ID`, `Seller_ID`, `Customer_ID`, `Rating_Stars`) VALUES (100051, 5010, 1028, 3);
INSERT INTO `mydb`.`RATING` (`Rating_ID`, `Seller_ID`, `Customer_ID`, `Rating_Stars`) VALUES (100052, 5011, 1037, 1);
INSERT INTO `mydb`.`RATING` (`Rating_ID`, `Seller_ID`, `Customer_ID`, `Rating_Stars`) VALUES (100053, 5012, 1043, 5);
INSERT INTO `mydb`.`RATING` (`Rating_ID`, `Seller_ID`, `Customer_ID`, `Rating_Stars`) VALUES (100054, 5013, 1069, 1);
INSERT INTO `mydb`.`RATING` (`Rating_ID`, `Seller_ID`, `Customer_ID`, `Rating_Stars`) VALUES (100055, 5014, 1029, 1);
INSERT INTO `mydb`.`RATING` (`Rating_ID`, `Seller_ID`, `Customer_ID`, `Rating_Stars`) VALUES (100056, 5015, 1086, 3);
INSERT INTO `mydb`.`RATING` (`Rating_ID`, `Seller_ID`, `Customer_ID`, `Rating_Stars`) VALUES (100057, 5016, 1092, 4);
INSERT INTO `mydb`.`RATING` (`Rating_ID`, `Seller_ID`, `Customer_ID`, `Rating_Stars`) VALUES (100058, 5017, 1068, 2);
INSERT INTO `mydb`.`RATING` (`Rating_ID`, `Seller_ID`, `Customer_ID`, `Rating_Stars`) VALUES (100059, 5018, 1079, 1);
INSERT INTO `mydb`.`RATING` (`Rating_ID`, `Seller_ID`, `Customer_ID`, `Rating_Stars`) VALUES (100060, 5019, 1076, 1);
INSERT INTO `mydb`.`ORDER_PER_PRODUCT` (`Order_ID`, `Product_ID`, `Seller_ID`, `Order_Per_Prod_Price`, `Order_Per_Prod_Quantity`) VALUES (7219, 3001, 5002, 8.96, 1);
INSERT INTO `mydb`.`ORDER_PER_PRODUCT` (`Order_ID`, `Product_ID`, `Seller_ID`, `Order_Per_Prod_Price`, `Order_Per_Prod_Quantity`) VALUES (7043, 3001, 5020, 8.86, 1);
INSERT INTO `mydb`.`ORDER_PER_PRODUCT` (`Order_ID`, `Product_ID`, `Seller_ID`, `Order_Per_Prod_Price`, `Order_Per_Prod_Quantity`) VALUES (7168, 3001, 5020, 8.86, 1);
INSERT INTO `mydb`.`ORDER_PER_PRODUCT` (`Order_ID`, `Product_ID`, `Seller_ID`, `Order_Per_Prod_Price`, `Order_Per_Prod_Quantity`) VALUES (7064, 3002, 5020, 10.1, 1);
INSERT INTO `mydb`.`ORDER_PER_PRODUCT` (`Order_ID`, `Product_ID`, `Seller_ID`, `Order_Per_Prod_Price`, `Order_Per_Prod_Quantity`) VALUES (7111, 3002, 5020, 10.1, 1);
INSERT INTO `mydb`.`ORDER_PER_PRODUCT` (`Order_ID`, `Product_ID`, `Seller_ID`, `Order_Per_Prod_Price`, `Order_Per_Prod_Quantity`) VALUES (7277, 3002, 5020, 10.1, 1);
INSERT INTO `mydb`.`ORDER_PER_PRODUCT` (`Order_ID`, `Product_ID`, `Seller_ID`, `Order_Per_Prod_Price`, `Order_Per_Prod_Quantity`) VALUES (7001, 3003, 5002, 22.06, 1);
INSERT INTO `mydb`.`ORDER_PER_PRODUCT` (`Order_ID`, `Product_ID`, `Seller_ID`, `Order_Per_Prod_Price`, `Order_Per_Prod_Quantity`) VALUES (7040, 3003, 5002, 22.06, 1);
INSERT INTO `mydb`.`ORDER_PER_PRODUCT` (`Order_ID`, `Product_ID`, `Seller_ID`, `Order_Per_Prod_Price`, `Order_Per_Prod_Quantity`) VALUES (7279, 3003, 5002, 22.06, 1);
INSERT INTO `mydb`.`ORDER_PER_PRODUCT` (`Order_ID`, `Product_ID`, `Seller_ID`, `Order_Per_Prod_Price`, `Order_Per_Prod_Quantity`) VALUES (7318, 3003, 5002, 22.06, 1);
INSERT INTO `mydb`.`ORDER_PER_PRODUCT` (`Order_ID`, `Product_ID`, `Seller_ID`, `Order_Per_Prod_Price`, `Order_Per_Prod_Quantity`) VALUES (7249, 3004, 5001, 19.81, 1);
INSERT INTO `mydb`.`ORDER_PER_PRODUCT` (`Order_ID`, `Product_ID`, `Seller_ID`, `Order_Per_Prod_Price`, `Order_Per_Prod_Quantity`) VALUES (7319, 3004, 5002, 21.69, 1);
INSERT INTO `mydb`.`ORDER_PER_PRODUCT` (`Order_ID`, `Product_ID`, `Seller_ID`, `Order_Per_Prod_Price`, `Order_Per_Prod_Quantity`) VALUES (7131, 3005, 5001, 21.8, 1);
INSERT INTO `mydb`.`ORDER_PER_PRODUCT` (`Order_ID`, `Product_ID`, `Seller_ID`, `Order_Per_Prod_Price`, `Order_Per_Prod_Quantity`) VALUES (7032, 3005, 5002, 21.89, 1);
INSERT INTO `mydb`.`ORDER_PER_PRODUCT` (`Order_ID`, `Product_ID`, `Seller_ID`, `Order_Per_Prod_Price`, `Order_Per_Prod_Quantity`) VALUES (7038, 3005, 5002, 21.89, 1);
INSERT INTO `mydb`.`ORDER_PER_PRODUCT` (`Order_ID`, `Product_ID`, `Seller_ID`, `Order_Per_Prod_Price`, `Order_Per_Prod_Quantity`) VALUES (7269, 3005, 5002, 21.89, 1);
INSERT INTO `mydb`.`ORDER_PER_PRODUCT` (`Order_ID`, `Product_ID`, `Seller_ID`, `Order_Per_Prod_Price`, `Order_Per_Prod_Quantity`) VALUES (7152, 3006, 5002, 23.59, 1);
INSERT INTO `mydb`.`ORDER_PER_PRODUCT` (`Order_ID`, `Product_ID`, `Seller_ID`, `Order_Per_Prod_Price`, `Order_Per_Prod_Quantity`) VALUES (7165, 3006, 5002, 23.59, 1);
INSERT INTO `mydb`.`ORDER_PER_PRODUCT` (`Order_ID`, `Product_ID`, `Seller_ID`, `Order_Per_Prod_Price`, `Order_Per_Prod_Quantity`) VALUES (7175, 3006, 5002, 23.59, 1);
INSERT INTO `mydb`.`ORDER_PER_PRODUCT` (`Order_ID`, `Product_ID`, `Seller_ID`, `Order_Per_Prod_Price`, `Order_Per_Prod_Quantity`) VALUES (7186, 3006, 5002, 23.59, 1);
INSERT INTO `mydb`.`ORDER_PER_PRODUCT` (`Order_ID`, `Product_ID`, `Seller_ID`, `Order_Per_Prod_Price`, `Order_Per_Prod_Quantity`) VALUES (7266, 3006, 5002, 23.59, 1);
INSERT INTO `mydb`.`ORDER_PER_PRODUCT` (`Order_ID`, `Product_ID`, `Seller_ID`, `Order_Per_Prod_Price`, `Order_Per_Prod_Quantity`) VALUES (7104, 3007, 5006, 21.94, 1);
INSERT INTO `mydb`.`ORDER_PER_PRODUCT` (`Order_ID`, `Product_ID`, `Seller_ID`, `Order_Per_Prod_Price`, `Order_Per_Prod_Quantity`) VALUES (7167, 3007, 5006, 21.94, 1);
INSERT INTO `mydb`.`ORDER_PER_PRODUCT` (`Order_ID`, `Product_ID`, `Seller_ID`, `Order_Per_Prod_Price`, `Order_Per_Prod_Quantity`) VALUES (7185, 3007, 5006, 21.94, 1);
INSERT INTO `mydb`.`ORDER_PER_PRODUCT` (`Order_ID`, `Product_ID`, `Seller_ID`, `Order_Per_Prod_Price`, `Order_Per_Prod_Quantity`) VALUES (7265, 3007, 5019, 21.94, 1);
INSERT INTO `mydb`.`ORDER_PER_PRODUCT` (`Order_ID`, `Product_ID`, `Seller_ID`, `Order_Per_Prod_Price`, `Order_Per_Prod_Quantity`) VALUES (7036, 3007, 5025, 21.94, 1);
INSERT INTO `mydb`.`ORDER_PER_PRODUCT` (`Order_ID`, `Product_ID`, `Seller_ID`, `Order_Per_Prod_Price`, `Order_Per_Prod_Quantity`) VALUES (7090, 3008, 5006, 24.56, 3);
INSERT INTO `mydb`.`ORDER_PER_PRODUCT` (`Order_ID`, `Product_ID`, `Seller_ID`, `Order_Per_Prod_Price`, `Order_Per_Prod_Quantity`) VALUES (7093, 3008, 5006, 24.56, 2);
INSERT INTO `mydb`.`ORDER_PER_PRODUCT` (`Order_ID`, `Product_ID`, `Seller_ID`, `Order_Per_Prod_Price`, `Order_Per_Prod_Quantity`) VALUES (7239, 3008, 5006, 24.56, 3);
INSERT INTO `mydb`.`ORDER_PER_PRODUCT` (`Order_ID`, `Product_ID`, `Seller_ID`, `Order_Per_Prod_Price`, `Order_Per_Prod_Quantity`) VALUES (7005, 3009, 5006, 22.39, 4);
INSERT INTO `mydb`.`ORDER_PER_PRODUCT` (`Order_ID`, `Product_ID`, `Seller_ID`, `Order_Per_Prod_Price`, `Order_Per_Prod_Quantity`) VALUES (7034, 3009, 5006, 22.39, 1);
INSERT INTO `mydb`.`ORDER_PER_PRODUCT` (`Order_ID`, `Product_ID`, `Seller_ID`, `Order_Per_Prod_Price`, `Order_Per_Prod_Quantity`) VALUES (7208, 3009, 5006, 22.39, 1);
INSERT INTO `mydb`.`ORDER_PER_PRODUCT` (`Order_ID`, `Product_ID`, `Seller_ID`, `Order_Per_Prod_Price`, `Order_Per_Prod_Quantity`) VALUES (7220, 3009, 5006, 22.39, 4);
INSERT INTO `mydb`.`ORDER_PER_PRODUCT` (`Order_ID`, `Product_ID`, `Seller_ID`, `Order_Per_Prod_Price`, `Order_Per_Prod_Quantity`) VALUES (7276, 3009, 5006, 22.39, 1);
INSERT INTO `mydb`.`ORDER_PER_PRODUCT` (`Order_ID`, `Product_ID`, `Seller_ID`, `Order_Per_Prod_Price`, `Order_Per_Prod_Quantity`) VALUES (7103, 3010, 5006, 22.6, 3);
INSERT INTO `mydb`.`ORDER_PER_PRODUCT` (`Order_ID`, `Product_ID`, `Seller_ID`, `Order_Per_Prod_Price`, `Order_Per_Prod_Quantity`) VALUES (7183, 3010, 5006, 22.6, 2);
INSERT INTO `mydb`.`ORDER_PER_PRODUCT` (`Order_ID`, `Product_ID`, `Seller_ID`, `Order_Per_Prod_Price`, `Order_Per_Prod_Quantity`) VALUES (7033, 3011, 5006, 20.59, 2);
INSERT INTO `mydb`.`ORDER_PER_PRODUCT` (`Order_ID`, `Product_ID`, `Seller_ID`, `Order_Per_Prod_Price`, `Order_Per_Prod_Quantity`) VALUES (7088, 3011, 5006, 20.59, 2);
INSERT INTO `mydb`.`ORDER_PER_PRODUCT` (`Order_ID`, `Product_ID`, `Seller_ID`, `Order_Per_Prod_Price`, `Order_Per_Prod_Quantity`) VALUES (7101, 3011, 5006, 20.59, 3);
INSERT INTO `mydb`.`ORDER_PER_PRODUCT` (`Order_ID`, `Product_ID`, `Seller_ID`, `Order_Per_Prod_Price`, `Order_Per_Prod_Quantity`) VALUES (7105, 3011, 5006, 20.59, 3);
INSERT INTO `mydb`.`ORDER_PER_PRODUCT` (`Order_ID`, `Product_ID`, `Seller_ID`, `Order_Per_Prod_Price`, `Order_Per_Prod_Quantity`) VALUES (7200, 3011, 5006, 20.59, 2);
INSERT INTO `mydb`.`ORDER_PER_PRODUCT` (`Order_ID`, `Product_ID`, `Seller_ID`, `Order_Per_Prod_Price`, `Order_Per_Prod_Quantity`) VALUES (7212, 3011, 5006, 20.59, 1);
INSERT INTO `mydb`.`ORDER_PER_PRODUCT` (`Order_ID`, `Product_ID`, `Seller_ID`, `Order_Per_Prod_Price`, `Order_Per_Prod_Quantity`) VALUES (7020, 3012, 5008, 6.86, 2);
INSERT INTO `mydb`.`ORDER_PER_PRODUCT` (`Order_ID`, `Product_ID`, `Seller_ID`, `Order_Per_Prod_Price`, `Order_Per_Prod_Quantity`) VALUES (7030, 3012, 5008, 6.86, 1);
INSERT INTO `mydb`.`ORDER_PER_PRODUCT` (`Order_ID`, `Product_ID`, `Seller_ID`, `Order_Per_Prod_Price`, `Order_Per_Prod_Quantity`) VALUES (7091, 3012, 5008, 6.86, 4);
INSERT INTO `mydb`.`ORDER_PER_PRODUCT` (`Order_ID`, `Product_ID`, `Seller_ID`, `Order_Per_Prod_Price`, `Order_Per_Prod_Quantity`) VALUES (7170, 3012, 5008, 6.86, 2);
INSERT INTO `mydb`.`ORDER_PER_PRODUCT` (`Order_ID`, `Product_ID`, `Seller_ID`, `Order_Per_Prod_Price`, `Order_Per_Prod_Quantity`) VALUES (7241, 3012, 5008, 6.86, 4);
INSERT INTO `mydb`.`ORDER_PER_PRODUCT` (`Order_ID`, `Product_ID`, `Seller_ID`, `Order_Per_Prod_Price`, `Order_Per_Prod_Quantity`) VALUES (7060, 3013, 5007, 4.71, 4);
INSERT INTO `mydb`.`ORDER_PER_PRODUCT` (`Order_ID`, `Product_ID`, `Seller_ID`, `Order_Per_Prod_Price`, `Order_Per_Prod_Quantity`) VALUES (7042, 3013, 5008, 7.05, 1);
INSERT INTO `mydb`.`ORDER_PER_PRODUCT` (`Order_ID`, `Product_ID`, `Seller_ID`, `Order_Per_Prod_Price`, `Order_Per_Prod_Quantity`) VALUES (7146, 3013, 5008, 7.05, 4);
INSERT INTO `mydb`.`ORDER_PER_PRODUCT` (`Order_ID`, `Product_ID`, `Seller_ID`, `Order_Per_Prod_Price`, `Order_Per_Prod_Quantity`) VALUES (7310, 3013, 5008, 7.05, 3);
INSERT INTO `mydb`.`ORDER_PER_PRODUCT` (`Order_ID`, `Product_ID`, `Seller_ID`, `Order_Per_Prod_Price`, `Order_Per_Prod_Quantity`) VALUES (7072, 3014, 5008, 3.41, 2);
INSERT INTO `mydb`.`ORDER_PER_PRODUCT` (`Order_ID`, `Product_ID`, `Seller_ID`, `Order_Per_Prod_Price`, `Order_Per_Prod_Quantity`) VALUES (7099, 3014, 5008, 3.41, 1);
INSERT INTO `mydb`.`ORDER_PER_PRODUCT` (`Order_ID`, `Product_ID`, `Seller_ID`, `Order_Per_Prod_Price`, `Order_Per_Prod_Quantity`) VALUES (7144, 3014, 5008, 3.41, 4);
INSERT INTO `mydb`.`ORDER_PER_PRODUCT` (`Order_ID`, `Product_ID`, `Seller_ID`, `Order_Per_Prod_Price`, `Order_Per_Prod_Quantity`) VALUES (7280, 3014, 5008, 3.41, 4);
INSERT INTO `mydb`.`ORDER_PER_PRODUCT` (`Order_ID`, `Product_ID`, `Seller_ID`, `Order_Per_Prod_Price`, `Order_Per_Prod_Quantity`) VALUES (7059, 3015, 5007, 4.21, 3);
INSERT INTO `mydb`.`ORDER_PER_PRODUCT` (`Order_ID`, `Product_ID`, `Seller_ID`, `Order_Per_Prod_Price`, `Order_Per_Prod_Quantity`) VALUES (7024, 3015, 5008, 3.96, 2);
INSERT INTO `mydb`.`ORDER_PER_PRODUCT` (`Order_ID`, `Product_ID`, `Seller_ID`, `Order_Per_Prod_Price`, `Order_Per_Prod_Quantity`) VALUES (7100, 3015, 5008, 3.96, 3);
INSERT INTO `mydb`.`ORDER_PER_PRODUCT` (`Order_ID`, `Product_ID`, `Seller_ID`, `Order_Per_Prod_Price`, `Order_Per_Prod_Quantity`) VALUES (7162, 3015, 5008, 3.96, 1);
INSERT INTO `mydb`.`ORDER_PER_PRODUCT` (`Order_ID`, `Product_ID`, `Seller_ID`, `Order_Per_Prod_Price`, `Order_Per_Prod_Quantity`) VALUES (7169, 3015, 5008, 3.96, 1);
INSERT INTO `mydb`.`ORDER_PER_PRODUCT` (`Order_ID`, `Product_ID`, `Seller_ID`, `Order_Per_Prod_Price`, `Order_Per_Prod_Quantity`) VALUES (7283, 3015, 5008, 3.96, 4);
INSERT INTO `mydb`.`ORDER_PER_PRODUCT` (`Order_ID`, `Product_ID`, `Seller_ID`, `Order_Per_Prod_Price`, `Order_Per_Prod_Quantity`) VALUES (7087, 3016, 5008, 23.44, 4);
INSERT INTO `mydb`.`ORDER_PER_PRODUCT` (`Order_ID`, `Product_ID`, `Seller_ID`, `Order_Per_Prod_Price`, `Order_Per_Prod_Quantity`) VALUES (7196, 3016, 5008, 23.44, 2);
INSERT INTO `mydb`.`ORDER_PER_PRODUCT` (`Order_ID`, `Product_ID`, `Seller_ID`, `Order_Per_Prod_Price`, `Order_Per_Prod_Quantity`) VALUES (7248, 3016, 5008, 23.44, 4);
INSERT INTO `mydb`.`ORDER_PER_PRODUCT` (`Order_ID`, `Product_ID`, `Seller_ID`, `Order_Per_Prod_Price`, `Order_Per_Prod_Quantity`) VALUES (7250, 3016, 5008, 23.44, 4);
INSERT INTO `mydb`.`ORDER_PER_PRODUCT` (`Order_ID`, `Product_ID`, `Seller_ID`, `Order_Per_Prod_Price`, `Order_Per_Prod_Quantity`) VALUES (7065, 3017, 5007, 22.93, 2);
INSERT INTO `mydb`.`ORDER_PER_PRODUCT` (`Order_ID`, `Product_ID`, `Seller_ID`, `Order_Per_Prod_Price`, `Order_Per_Prod_Quantity`) VALUES (7027, 3017, 5008, 21.54, 2);
INSERT INTO `mydb`.`ORDER_PER_PRODUCT` (`Order_ID`, `Product_ID`, `Seller_ID`, `Order_Per_Prod_Price`, `Order_Per_Prod_Quantity`) VALUES (7095, 3017, 5008, 21.54, 2);
INSERT INTO `mydb`.`ORDER_PER_PRODUCT` (`Order_ID`, `Product_ID`, `Seller_ID`, `Order_Per_Prod_Price`, `Order_Per_Prod_Quantity`) VALUES (7192, 3017, 5008, 21.54, 4);
INSERT INTO `mydb`.`ORDER_PER_PRODUCT` (`Order_ID`, `Product_ID`, `Seller_ID`, `Order_Per_Prod_Price`, `Order_Per_Prod_Quantity`) VALUES (7304, 3017, 5008, 21.54, 2);
INSERT INTO `mydb`.`ORDER_PER_PRODUCT` (`Order_ID`, `Product_ID`, `Seller_ID`, `Order_Per_Prod_Price`, `Order_Per_Prod_Quantity`) VALUES (7026, 3018, 5008, 21.19, 1);
INSERT INTO `mydb`.`ORDER_PER_PRODUCT` (`Order_ID`, `Product_ID`, `Seller_ID`, `Order_Per_Prod_Price`, `Order_Per_Prod_Quantity`) VALUES (7237, 3018, 5008, 21.19, 4);
INSERT INTO `mydb`.`ORDER_PER_PRODUCT` (`Order_ID`, `Product_ID`, `Seller_ID`, `Order_Per_Prod_Price`, `Order_Per_Prod_Quantity`) VALUES (7298, 3018, 5008, 21.19, 3);
INSERT INTO `mydb`.`ORDER_PER_PRODUCT` (`Order_ID`, `Product_ID`, `Seller_ID`, `Order_Per_Prod_Price`, `Order_Per_Prod_Quantity`) VALUES (7129, 3019, 5020, 23.01, 4);
INSERT INTO `mydb`.`ORDER_PER_PRODUCT` (`Order_ID`, `Product_ID`, `Seller_ID`, `Order_Per_Prod_Price`, `Order_Per_Prod_Quantity`) VALUES (7216, 3019, 5020, 23.01, 2);
INSERT INTO `mydb`.`ORDER_PER_PRODUCT` (`Order_ID`, `Product_ID`, `Seller_ID`, `Order_Per_Prod_Price`, `Order_Per_Prod_Quantity`) VALUES (7234, 3019, 5020, 23.01, 1);
INSERT INTO `mydb`.`ORDER_PER_PRODUCT` (`Order_ID`, `Product_ID`, `Seller_ID`, `Order_Per_Prod_Price`, `Order_Per_Prod_Quantity`) VALUES (7270, 3019, 5020, 23.01, 4);
INSERT INTO `mydb`.`ORDER_PER_PRODUCT` (`Order_ID`, `Product_ID`, `Seller_ID`, `Order_Per_Prod_Price`, `Order_Per_Prod_Quantity`) VALUES (7074, 3020, 5020, 22.97, 2);
INSERT INTO `mydb`.`ORDER_PER_PRODUCT` (`Order_ID`, `Product_ID`, `Seller_ID`, `Order_Per_Prod_Price`, `Order_Per_Prod_Quantity`) VALUES (7156, 3020, 5020, 22.97, 3);
INSERT INTO `mydb`.`ORDER_PER_PRODUCT` (`Order_ID`, `Product_ID`, `Seller_ID`, `Order_Per_Prod_Price`, `Order_Per_Prod_Quantity`) VALUES (7224, 3020, 5020, 22.97, 4);
INSERT INTO `mydb`.`ORDER_PER_PRODUCT` (`Order_ID`, `Product_ID`, `Seller_ID`, `Order_Per_Prod_Price`, `Order_Per_Prod_Quantity`) VALUES (7243, 3020, 5020, 22.97, 4);
INSERT INTO `mydb`.`ORDER_PER_PRODUCT` (`Order_ID`, `Product_ID`, `Seller_ID`, `Order_Per_Prod_Price`, `Order_Per_Prod_Quantity`) VALUES (7284, 3020, 5020, 22.97, 4);
INSERT INTO `mydb`.`ORDER_PER_PRODUCT` (`Order_ID`, `Product_ID`, `Seller_ID`, `Order_Per_Prod_Price`, `Order_Per_Prod_Quantity`) VALUES (7028, 3021, 5013, 20.78, 4);
INSERT INTO `mydb`.`ORDER_PER_PRODUCT` (`Order_ID`, `Product_ID`, `Seller_ID`, `Order_Per_Prod_Price`, `Order_Per_Prod_Quantity`) VALUES (7013, 3021, 5020, 21.64, 2);
INSERT INTO `mydb`.`ORDER_PER_PRODUCT` (`Order_ID`, `Product_ID`, `Seller_ID`, `Order_Per_Prod_Price`, `Order_Per_Prod_Quantity`) VALUES (7116, 3021, 5020, 21.64, 2);
INSERT INTO `mydb`.`ORDER_PER_PRODUCT` (`Order_ID`, `Product_ID`, `Seller_ID`, `Order_Per_Prod_Price`, `Order_Per_Prod_Quantity`) VALUES (7117, 3022, 5020, 20.82, 3);
INSERT INTO `mydb`.`ORDER_PER_PRODUCT` (`Order_ID`, `Product_ID`, `Seller_ID`, `Order_Per_Prod_Price`, `Order_Per_Prod_Quantity`) VALUES (7139, 3022, 5020, 20.82, 4);
INSERT INTO `mydb`.`ORDER_PER_PRODUCT` (`Order_ID`, `Product_ID`, `Seller_ID`, `Order_Per_Prod_Price`, `Order_Per_Prod_Quantity`) VALUES (7163, 3022, 5020, 20.82, 3);
INSERT INTO `mydb`.`ORDER_PER_PRODUCT` (`Order_ID`, `Product_ID`, `Seller_ID`, `Order_Per_Prod_Price`, `Order_Per_Prod_Quantity`) VALUES (7051, 3023, 5020, 11.1, 3);
INSERT INTO `mydb`.`ORDER_PER_PRODUCT` (`Order_ID`, `Product_ID`, `Seller_ID`, `Order_Per_Prod_Price`, `Order_Per_Prod_Quantity`) VALUES (7057, 3023, 5020, 11.1, 1);
INSERT INTO `mydb`.`ORDER_PER_PRODUCT` (`Order_ID`, `Product_ID`, `Seller_ID`, `Order_Per_Prod_Price`, `Order_Per_Prod_Quantity`) VALUES (7142, 3023, 5020, 11.1, 3);
INSERT INTO `mydb`.`ORDER_PER_PRODUCT` (`Order_ID`, `Product_ID`, `Seller_ID`, `Order_Per_Prod_Price`, `Order_Per_Prod_Quantity`) VALUES (7160, 3023, 5020, 11.1, 2);
INSERT INTO `mydb`.`ORDER_PER_PRODUCT` (`Order_ID`, `Product_ID`, `Seller_ID`, `Order_Per_Prod_Price`, `Order_Per_Prod_Quantity`) VALUES (7205, 3023, 5020, 11.1, 1);
INSERT INTO `mydb`.`ORDER_PER_PRODUCT` (`Order_ID`, `Product_ID`, `Seller_ID`, `Order_Per_Prod_Price`, `Order_Per_Prod_Quantity`) VALUES (7287, 3023, 5020, 11.1, 4);
INSERT INTO `mydb`.`ORDER_PER_PRODUCT` (`Order_ID`, `Product_ID`, `Seller_ID`, `Order_Per_Prod_Price`, `Order_Per_Prod_Quantity`) VALUES (7317, 3023, 5020, 11.1, 1);
INSERT INTO `mydb`.`ORDER_PER_PRODUCT` (`Order_ID`, `Product_ID`, `Seller_ID`, `Order_Per_Prod_Price`, `Order_Per_Prod_Quantity`) VALUES (7050, 3024, 5013, 37.47, 1);
INSERT INTO `mydb`.`ORDER_PER_PRODUCT` (`Order_ID`, `Product_ID`, `Seller_ID`, `Order_Per_Prod_Price`, `Order_Per_Prod_Quantity`) VALUES (7039, 3024, 5020, 35.82, 3);
INSERT INTO `mydb`.`ORDER_PER_PRODUCT` (`Order_ID`, `Product_ID`, `Seller_ID`, `Order_Per_Prod_Price`, `Order_Per_Prod_Quantity`) VALUES (7079, 3024, 5020, 35.82, 4);
INSERT INTO `mydb`.`ORDER_PER_PRODUCT` (`Order_ID`, `Product_ID`, `Seller_ID`, `Order_Per_Prod_Price`, `Order_Per_Prod_Quantity`) VALUES (7085, 3024, 5020, 35.82, 3);
INSERT INTO `mydb`.`ORDER_PER_PRODUCT` (`Order_ID`, `Product_ID`, `Seller_ID`, `Order_Per_Prod_Price`, `Order_Per_Prod_Quantity`) VALUES (7132, 3024, 5020, 35.82, 1);
INSERT INTO `mydb`.`ORDER_PER_PRODUCT` (`Order_ID`, `Product_ID`, `Seller_ID`, `Order_Per_Prod_Price`, `Order_Per_Prod_Quantity`) VALUES (7054, 3025, 5020, 34.55, 2);
INSERT INTO `mydb`.`ORDER_PER_PRODUCT` (`Order_ID`, `Product_ID`, `Seller_ID`, `Order_Per_Prod_Price`, `Order_Per_Prod_Quantity`) VALUES (7089, 3025, 5020, 34.55, 1);
INSERT INTO `mydb`.`ORDER_PER_PRODUCT` (`Order_ID`, `Product_ID`, `Seller_ID`, `Order_Per_Prod_Price`, `Order_Per_Prod_Quantity`) VALUES (7231, 3025, 5020, 34.55, 1);
INSERT INTO `mydb`.`ORDER_PER_PRODUCT` (`Order_ID`, `Product_ID`, `Seller_ID`, `Order_Per_Prod_Price`, `Order_Per_Prod_Quantity`) VALUES (7259, 3025, 5020, 34.55, 2);
INSERT INTO `mydb`.`ORDER_PER_PRODUCT` (`Order_ID`, `Product_ID`, `Seller_ID`, `Order_Per_Prod_Price`, `Order_Per_Prod_Quantity`) VALUES (7289, 3025, 5020, 34.55, 4);
INSERT INTO `mydb`.`ORDER_PER_PRODUCT` (`Order_ID`, `Product_ID`, `Seller_ID`, `Order_Per_Prod_Price`, `Order_Per_Prod_Quantity`) VALUES (7068, 3026, 5020, 37.69, 3);
INSERT INTO `mydb`.`ORDER_PER_PRODUCT` (`Order_ID`, `Product_ID`, `Seller_ID`, `Order_Per_Prod_Price`, `Order_Per_Prod_Quantity`) VALUES (7184, 3026, 5020, 37.69, 3);
INSERT INTO `mydb`.`ORDER_PER_PRODUCT` (`Order_ID`, `Product_ID`, `Seller_ID`, `Order_Per_Prod_Price`, `Order_Per_Prod_Quantity`) VALUES (7215, 3026, 5020, 37.69, 3);
INSERT INTO `mydb`.`ORDER_PER_PRODUCT` (`Order_ID`, `Product_ID`, `Seller_ID`, `Order_Per_Prod_Price`, `Order_Per_Prod_Quantity`) VALUES (7226, 3026, 5020, 37.69, 1);
INSERT INTO `mydb`.`ORDER_PER_PRODUCT` (`Order_ID`, `Product_ID`, `Seller_ID`, `Order_Per_Prod_Price`, `Order_Per_Prod_Quantity`) VALUES (7015, 3027, 5011, 36.11, 3);
INSERT INTO `mydb`.`ORDER_PER_PRODUCT` (`Order_ID`, `Product_ID`, `Seller_ID`, `Order_Per_Prod_Price`, `Order_Per_Prod_Quantity`) VALUES (7157, 3027, 5020, 34.56, 4);
INSERT INTO `mydb`.`ORDER_PER_PRODUCT` (`Order_ID`, `Product_ID`, `Seller_ID`, `Order_Per_Prod_Price`, `Order_Per_Prod_Quantity`) VALUES (7245, 3027, 5020, 34.56, 2);
INSERT INTO `mydb`.`ORDER_PER_PRODUCT` (`Order_ID`, `Product_ID`, `Seller_ID`, `Order_Per_Prod_Price`, `Order_Per_Prod_Quantity`) VALUES (7256, 3027, 5020, 34.56, 2);
INSERT INTO `mydb`.`ORDER_PER_PRODUCT` (`Order_ID`, `Product_ID`, `Seller_ID`, `Order_Per_Prod_Price`, `Order_Per_Prod_Quantity`) VALUES (7296, 3027, 5020, 34.56, 4);
INSERT INTO `mydb`.`ORDER_PER_PRODUCT` (`Order_ID`, `Product_ID`, `Seller_ID`, `Order_Per_Prod_Price`, `Order_Per_Prod_Quantity`) VALUES (7016, 3028, 5015, 8.99, 1);
INSERT INTO `mydb`.`ORDER_PER_PRODUCT` (`Order_ID`, `Product_ID`, `Seller_ID`, `Order_Per_Prod_Price`, `Order_Per_Prod_Quantity`) VALUES (7147, 3028, 5015, 8.99, 3);
INSERT INTO `mydb`.`ORDER_PER_PRODUCT` (`Order_ID`, `Product_ID`, `Seller_ID`, `Order_Per_Prod_Price`, `Order_Per_Prod_Quantity`) VALUES (7158, 3028, 5015, 8.99, 2);
INSERT INTO `mydb`.`ORDER_PER_PRODUCT` (`Order_ID`, `Product_ID`, `Seller_ID`, `Order_Per_Prod_Price`, `Order_Per_Prod_Quantity`) VALUES (7225, 3029, 5012, 28.29, 1);
INSERT INTO `mydb`.`ORDER_PER_PRODUCT` (`Order_ID`, `Product_ID`, `Seller_ID`, `Order_Per_Prod_Price`, `Order_Per_Prod_Quantity`) VALUES (7295, 3029, 5012, 28.29, 2);
INSERT INTO `mydb`.`ORDER_PER_PRODUCT` (`Order_ID`, `Product_ID`, `Seller_ID`, `Order_Per_Prod_Price`, `Order_Per_Prod_Quantity`) VALUES (7014, 3029, 5015, 30.17, 1);
INSERT INTO `mydb`.`ORDER_PER_PRODUCT` (`Order_ID`, `Product_ID`, `Seller_ID`, `Order_Per_Prod_Price`, `Order_Per_Prod_Quantity`) VALUES (7080, 3029, 5015, 30.17, 3);
INSERT INTO `mydb`.`ORDER_PER_PRODUCT` (`Order_ID`, `Product_ID`, `Seller_ID`, `Order_Per_Prod_Price`, `Order_Per_Prod_Quantity`) VALUES (7084, 3029, 5015, 30.17, 4);
INSERT INTO `mydb`.`ORDER_PER_PRODUCT` (`Order_ID`, `Product_ID`, `Seller_ID`, `Order_Per_Prod_Price`, `Order_Per_Prod_Quantity`) VALUES (7155, 3029, 5015, 30.17, 4);
INSERT INTO `mydb`.`ORDER_PER_PRODUCT` (`Order_ID`, `Product_ID`, `Seller_ID`, `Order_Per_Prod_Price`, `Order_Per_Prod_Quantity`) VALUES (7198, 3029, 5015, 30.17, 3);
INSERT INTO `mydb`.`ORDER_PER_PRODUCT` (`Order_ID`, `Product_ID`, `Seller_ID`, `Order_Per_Prod_Price`, `Order_Per_Prod_Quantity`) VALUES (7299, 3029, 5015, 30.17, 3);
INSERT INTO `mydb`.`ORDER_PER_PRODUCT` (`Order_ID`, `Product_ID`, `Seller_ID`, `Order_Per_Prod_Price`, `Order_Per_Prod_Quantity`) VALUES (7311, 3029, 5015, 30.17, 4);
INSERT INTO `mydb`.`ORDER_PER_PRODUCT` (`Order_ID`, `Product_ID`, `Seller_ID`, `Order_Per_Prod_Price`, `Order_Per_Prod_Quantity`) VALUES (7164, 3030, 5015, 27.3, 4);
INSERT INTO `mydb`.`ORDER_PER_PRODUCT` (`Order_ID`, `Product_ID`, `Seller_ID`, `Order_Per_Prod_Price`, `Order_Per_Prod_Quantity`) VALUES (7173, 3030, 5015, 27.3, 3);
INSERT INTO `mydb`.`ORDER_PER_PRODUCT` (`Order_ID`, `Product_ID`, `Seller_ID`, `Order_Per_Prod_Price`, `Order_Per_Prod_Quantity`) VALUES (7204, 3030, 5015, 27.3, 4);
INSERT INTO `mydb`.`ORDER_PER_PRODUCT` (`Order_ID`, `Product_ID`, `Seller_ID`, `Order_Per_Prod_Price`, `Order_Per_Prod_Quantity`) VALUES (7230, 3030, 5015, 27.3, 2);
INSERT INTO `mydb`.`ORDER_PER_PRODUCT` (`Order_ID`, `Product_ID`, `Seller_ID`, `Order_Per_Prod_Price`, `Order_Per_Prod_Quantity`) VALUES (7262, 3030, 5015, 27.3, 3);
INSERT INTO `mydb`.`ORDER_PER_PRODUCT` (`Order_ID`, `Product_ID`, `Seller_ID`, `Order_Per_Prod_Price`, `Order_Per_Prod_Quantity`) VALUES (7044, 3031, 5018, 29.07, 1);
INSERT INTO `mydb`.`ORDER_PER_PRODUCT` (`Order_ID`, `Product_ID`, `Seller_ID`, `Order_Per_Prod_Price`, `Order_Per_Prod_Quantity`) VALUES (7106, 3031, 5027, 29.23, 2);
INSERT INTO `mydb`.`ORDER_PER_PRODUCT` (`Order_ID`, `Product_ID`, `Seller_ID`, `Order_Per_Prod_Price`, `Order_Per_Prod_Quantity`) VALUES (7153, 3031, 5027, 29.23, 2);
INSERT INTO `mydb`.`ORDER_PER_PRODUCT` (`Order_ID`, `Product_ID`, `Seller_ID`, `Order_Per_Prod_Price`, `Order_Per_Prod_Quantity`) VALUES (7292, 3031, 5027, 29.23, 1);
INSERT INTO `mydb`.`ORDER_PER_PRODUCT` (`Order_ID`, `Product_ID`, `Seller_ID`, `Order_Per_Prod_Price`, `Order_Per_Prod_Quantity`) VALUES (7313, 3031, 5027, 29.23, 2);
INSERT INTO `mydb`.`ORDER_PER_PRODUCT` (`Order_ID`, `Product_ID`, `Seller_ID`, `Order_Per_Prod_Price`, `Order_Per_Prod_Quantity`) VALUES (7119, 3032, 5027, 26.51, 2);
INSERT INTO `mydb`.`ORDER_PER_PRODUCT` (`Order_ID`, `Product_ID`, `Seller_ID`, `Order_Per_Prod_Price`, `Order_Per_Prod_Quantity`) VALUES (7149, 3032, 5027, 26.51, 2);
INSERT INTO `mydb`.`ORDER_PER_PRODUCT` (`Order_ID`, `Product_ID`, `Seller_ID`, `Order_Per_Prod_Price`, `Order_Per_Prod_Quantity`) VALUES (7187, 3032, 5027, 26.51, 4);
INSERT INTO `mydb`.`ORDER_PER_PRODUCT` (`Order_ID`, `Product_ID`, `Seller_ID`, `Order_Per_Prod_Price`, `Order_Per_Prod_Quantity`) VALUES (7193, 3032, 5027, 26.51, 4);
INSERT INTO `mydb`.`ORDER_PER_PRODUCT` (`Order_ID`, `Product_ID`, `Seller_ID`, `Order_Per_Prod_Price`, `Order_Per_Prod_Quantity`) VALUES (7221, 3032, 5027, 26.51, 4);
INSERT INTO `mydb`.`ORDER_PER_PRODUCT` (`Order_ID`, `Product_ID`, `Seller_ID`, `Order_Per_Prod_Price`, `Order_Per_Prod_Quantity`) VALUES (7021, 3033, 5011, 36.11, 1);
INSERT INTO `mydb`.`ORDER_PER_PRODUCT` (`Order_ID`, `Product_ID`, `Seller_ID`, `Order_Per_Prod_Price`, `Order_Per_Prod_Quantity`) VALUES (7009, 3033, 5018, 31.03, 3);
INSERT INTO `mydb`.`ORDER_PER_PRODUCT` (`Order_ID`, `Product_ID`, `Seller_ID`, `Order_Per_Prod_Price`, `Order_Per_Prod_Quantity`) VALUES (7052, 3033, 5027, 27.4, 3);
INSERT INTO `mydb`.`ORDER_PER_PRODUCT` (`Order_ID`, `Product_ID`, `Seller_ID`, `Order_Per_Prod_Price`, `Order_Per_Prod_Quantity`) VALUES (7098, 3033, 5027, 27.4, 2);
INSERT INTO `mydb`.`ORDER_PER_PRODUCT` (`Order_ID`, `Product_ID`, `Seller_ID`, `Order_Per_Prod_Price`, `Order_Per_Prod_Quantity`) VALUES (7137, 3033, 5027, 27.4, 1);
INSERT INTO `mydb`.`ORDER_PER_PRODUCT` (`Order_ID`, `Product_ID`, `Seller_ID`, `Order_Per_Prod_Price`, `Order_Per_Prod_Quantity`) VALUES (7194, 3033, 5027, 27.4, 1);
INSERT INTO `mydb`.`ORDER_PER_PRODUCT` (`Order_ID`, `Product_ID`, `Seller_ID`, `Order_Per_Prod_Price`, `Order_Per_Prod_Quantity`) VALUES (7290, 3033, 5027, 27.4, 3);
INSERT INTO `mydb`.`ORDER_PER_PRODUCT` (`Order_ID`, `Product_ID`, `Seller_ID`, `Order_Per_Prod_Price`, `Order_Per_Prod_Quantity`) VALUES (7312, 3033, 5027, 27.4, 3);
INSERT INTO `mydb`.`ORDER_PER_PRODUCT` (`Order_ID`, `Product_ID`, `Seller_ID`, `Order_Per_Prod_Price`, `Order_Per_Prod_Quantity`) VALUES (7062, 3034, 5018, 28.38, 3);
INSERT INTO `mydb`.`ORDER_PER_PRODUCT` (`Order_ID`, `Product_ID`, `Seller_ID`, `Order_Per_Prod_Price`, `Order_Per_Prod_Quantity`) VALUES (7007, 3034, 5027, 28.28, 1);
INSERT INTO `mydb`.`ORDER_PER_PRODUCT` (`Order_ID`, `Product_ID`, `Seller_ID`, `Order_Per_Prod_Price`, `Order_Per_Prod_Quantity`) VALUES (7081, 3034, 5027, 28.28, 3);
INSERT INTO `mydb`.`ORDER_PER_PRODUCT` (`Order_ID`, `Product_ID`, `Seller_ID`, `Order_Per_Prod_Price`, `Order_Per_Prod_Quantity`) VALUES (7121, 3034, 5027, 28.28, 2);
INSERT INTO `mydb`.`ORDER_PER_PRODUCT` (`Order_ID`, `Product_ID`, `Seller_ID`, `Order_Per_Prod_Price`, `Order_Per_Prod_Quantity`) VALUES (7171, 3034, 5027, 28.28, 2);
INSERT INTO `mydb`.`ORDER_PER_PRODUCT` (`Order_ID`, `Product_ID`, `Seller_ID`, `Order_Per_Prod_Price`, `Order_Per_Prod_Quantity`) VALUES (7285, 3034, 5027, 28.28, 4);
INSERT INTO `mydb`.`ORDER_PER_PRODUCT` (`Order_ID`, `Product_ID`, `Seller_ID`, `Order_Per_Prod_Price`, `Order_Per_Prod_Quantity`) VALUES (7094, 3035, 5027, 29.54, 1);
INSERT INTO `mydb`.`ORDER_PER_PRODUCT` (`Order_ID`, `Product_ID`, `Seller_ID`, `Order_Per_Prod_Price`, `Order_Per_Prod_Quantity`) VALUES (7195, 3035, 5027, 29.54, 3);
INSERT INTO `mydb`.`ORDER_PER_PRODUCT` (`Order_ID`, `Product_ID`, `Seller_ID`, `Order_Per_Prod_Price`, `Order_Per_Prod_Quantity`) VALUES (7223, 3035, 5027, 29.54, 2);
INSERT INTO `mydb`.`ORDER_PER_PRODUCT` (`Order_ID`, `Product_ID`, `Seller_ID`, `Order_Per_Prod_Price`, `Order_Per_Prod_Quantity`) VALUES (7315, 3035, 5027, 29.54, 3);
INSERT INTO `mydb`.`ORDER_PER_PRODUCT` (`Order_ID`, `Product_ID`, `Seller_ID`, `Order_Per_Prod_Price`, `Order_Per_Prod_Quantity`) VALUES (7029, 3036, 5015, 28.64, 4);
INSERT INTO `mydb`.`ORDER_PER_PRODUCT` (`Order_ID`, `Product_ID`, `Seller_ID`, `Order_Per_Prod_Price`, `Order_Per_Prod_Quantity`) VALUES (7022, 3036, 5018, 29.62, 4);
INSERT INTO `mydb`.`ORDER_PER_PRODUCT` (`Order_ID`, `Product_ID`, `Seller_ID`, `Order_Per_Prod_Price`, `Order_Per_Prod_Quantity`) VALUES (7272, 3036, 5027, 30.93, 1);
INSERT INTO `mydb`.`ORDER_PER_PRODUCT` (`Order_ID`, `Product_ID`, `Seller_ID`, `Order_Per_Prod_Price`, `Order_Per_Prod_Quantity`) VALUES (7045, 3037, 5027, 29.56, 2);
INSERT INTO `mydb`.`ORDER_PER_PRODUCT` (`Order_ID`, `Product_ID`, `Seller_ID`, `Order_Per_Prod_Price`, `Order_Per_Prod_Quantity`) VALUES (7110, 3037, 5027, 29.56, 4);
INSERT INTO `mydb`.`ORDER_PER_PRODUCT` (`Order_ID`, `Product_ID`, `Seller_ID`, `Order_Per_Prod_Price`, `Order_Per_Prod_Quantity`) VALUES (7120, 3037, 5027, 29.56, 4);
INSERT INTO `mydb`.`ORDER_PER_PRODUCT` (`Order_ID`, `Product_ID`, `Seller_ID`, `Order_Per_Prod_Price`, `Order_Per_Prod_Quantity`) VALUES (7176, 3037, 5027, 29.56, 1);
INSERT INTO `mydb`.`ORDER_PER_PRODUCT` (`Order_ID`, `Product_ID`, `Seller_ID`, `Order_Per_Prod_Price`, `Order_Per_Prod_Quantity`) VALUES (7301, 3037, 5027, 29.56, 1);
INSERT INTO `mydb`.`ORDER_PER_PRODUCT` (`Order_ID`, `Product_ID`, `Seller_ID`, `Order_Per_Prod_Price`, `Order_Per_Prod_Quantity`) VALUES (7070, 3038, 5027, 27.8, 4);
INSERT INTO `mydb`.`ORDER_PER_PRODUCT` (`Order_ID`, `Product_ID`, `Seller_ID`, `Order_Per_Prod_Price`, `Order_Per_Prod_Quantity`) VALUES (7083, 3038, 5027, 27.8, 1);
INSERT INTO `mydb`.`ORDER_PER_PRODUCT` (`Order_ID`, `Product_ID`, `Seller_ID`, `Order_Per_Prod_Price`, `Order_Per_Prod_Quantity`) VALUES (7240, 3038, 5027, 27.8, 2);
INSERT INTO `mydb`.`ORDER_PER_PRODUCT` (`Order_ID`, `Product_ID`, `Seller_ID`, `Order_Per_Prod_Price`, `Order_Per_Prod_Quantity`) VALUES (7300, 3038, 5027, 27.8, 4);
INSERT INTO `mydb`.`ORDER_PER_PRODUCT` (`Order_ID`, `Product_ID`, `Seller_ID`, `Order_Per_Prod_Price`, `Order_Per_Prod_Quantity`) VALUES (7115, 3039, 5019, 30.11, 3);
INSERT INTO `mydb`.`ORDER_PER_PRODUCT` (`Order_ID`, `Product_ID`, `Seller_ID`, `Order_Per_Prod_Price`, `Order_Per_Prod_Quantity`) VALUES (7140, 3039, 5019, 30.11, 4);
INSERT INTO `mydb`.`ORDER_PER_PRODUCT` (`Order_ID`, `Product_ID`, `Seller_ID`, `Order_Per_Prod_Price`, `Order_Per_Prod_Quantity`) VALUES (7236, 3039, 5019, 30.11, 2);
INSERT INTO `mydb`.`ORDER_PER_PRODUCT` (`Order_ID`, `Product_ID`, `Seller_ID`, `Order_Per_Prod_Price`, `Order_Per_Prod_Quantity`) VALUES (7273, 3039, 5019, 30.11, 2);
INSERT INTO `mydb`.`ORDER_PER_PRODUCT` (`Order_ID`, `Product_ID`, `Seller_ID`, `Order_Per_Prod_Price`, `Order_Per_Prod_Quantity`) VALUES (7003, 3040, 5019, 26.31, 1);
INSERT INTO `mydb`.`ORDER_PER_PRODUCT` (`Order_ID`, `Product_ID`, `Seller_ID`, `Order_Per_Prod_Price`, `Order_Per_Prod_Quantity`) VALUES (7017, 3040, 5019, 26.31, 1);
INSERT INTO `mydb`.`ORDER_PER_PRODUCT` (`Order_ID`, `Product_ID`, `Seller_ID`, `Order_Per_Prod_Price`, `Order_Per_Prod_Quantity`) VALUES (7019, 3040, 5019, 26.31, 3);
INSERT INTO `mydb`.`ORDER_PER_PRODUCT` (`Order_ID`, `Product_ID`, `Seller_ID`, `Order_Per_Prod_Price`, `Order_Per_Prod_Quantity`) VALUES (7073, 3040, 5019, 26.31, 3);
INSERT INTO `mydb`.`ORDER_PER_PRODUCT` (`Order_ID`, `Product_ID`, `Seller_ID`, `Order_Per_Prod_Price`, `Order_Per_Prod_Quantity`) VALUES (7143, 3040, 5019, 26.31, 2);
INSERT INTO `mydb`.`ORDER_PER_PRODUCT` (`Order_ID`, `Product_ID`, `Seller_ID`, `Order_Per_Prod_Price`, `Order_Per_Prod_Quantity`) VALUES (7255, 3040, 5019, 26.31, 4);
INSERT INTO `mydb`.`ORDER_PER_PRODUCT` (`Order_ID`, `Product_ID`, `Seller_ID`, `Order_Per_Prod_Price`, `Order_Per_Prod_Quantity`) VALUES (7307, 3040, 5019, 26.31, 1);
INSERT INTO `mydb`.`ORDER_PER_PRODUCT` (`Order_ID`, `Product_ID`, `Seller_ID`, `Order_Per_Prod_Price`, `Order_Per_Prod_Quantity`) VALUES (7177, 3041, 5019, 26.91, 3);
INSERT INTO `mydb`.`ORDER_PER_PRODUCT` (`Order_ID`, `Product_ID`, `Seller_ID`, `Order_Per_Prod_Price`, `Order_Per_Prod_Quantity`) VALUES (7179, 3041, 5019, 26.91, 4);
INSERT INTO `mydb`.`ORDER_PER_PRODUCT` (`Order_ID`, `Product_ID`, `Seller_ID`, `Order_Per_Prod_Price`, `Order_Per_Prod_Quantity`) VALUES (7188, 3041, 5019, 26.91, 4);
INSERT INTO `mydb`.`ORDER_PER_PRODUCT` (`Order_ID`, `Product_ID`, `Seller_ID`, `Order_Per_Prod_Price`, `Order_Per_Prod_Quantity`) VALUES (7202, 3041, 5019, 26.91, 1);
INSERT INTO `mydb`.`ORDER_PER_PRODUCT` (`Order_ID`, `Product_ID`, `Seller_ID`, `Order_Per_Prod_Price`, `Order_Per_Prod_Quantity`) VALUES (7209, 3041, 5019, 26.91, 1);
INSERT INTO `mydb`.`ORDER_PER_PRODUCT` (`Order_ID`, `Product_ID`, `Seller_ID`, `Order_Per_Prod_Price`, `Order_Per_Prod_Quantity`) VALUES (7211, 3042, 5019, 28.37, 3);
INSERT INTO `mydb`.`ORDER_PER_PRODUCT` (`Order_ID`, `Product_ID`, `Seller_ID`, `Order_Per_Prod_Price`, `Order_Per_Prod_Quantity`) VALUES (7218, 3042, 5019, 28.37, 4);
INSERT INTO `mydb`.`ORDER_PER_PRODUCT` (`Order_ID`, `Product_ID`, `Seller_ID`, `Order_Per_Prod_Price`, `Order_Per_Prod_Quantity`) VALUES (7227, 3042, 5019, 28.37, 3);
INSERT INTO `mydb`.`ORDER_PER_PRODUCT` (`Order_ID`, `Product_ID`, `Seller_ID`, `Order_Per_Prod_Price`, `Order_Per_Prod_Quantity`) VALUES (7075, 3043, 5019, 28.54, 2);
INSERT INTO `mydb`.`ORDER_PER_PRODUCT` (`Order_ID`, `Product_ID`, `Seller_ID`, `Order_Per_Prod_Price`, `Order_Per_Prod_Quantity`) VALUES (7199, 3043, 5019, 28.54, 2);
INSERT INTO `mydb`.`ORDER_PER_PRODUCT` (`Order_ID`, `Product_ID`, `Seller_ID`, `Order_Per_Prod_Price`, `Order_Per_Prod_Quantity`) VALUES (7229, 3043, 5019, 28.54, 3);
INSERT INTO `mydb`.`ORDER_PER_PRODUCT` (`Order_ID`, `Product_ID`, `Seller_ID`, `Order_Per_Prod_Price`, `Order_Per_Prod_Quantity`) VALUES (7308, 3043, 5019, 28.54, 2);
INSERT INTO `mydb`.`ORDER_PER_PRODUCT` (`Order_ID`, `Product_ID`, `Seller_ID`, `Order_Per_Prod_Price`, `Order_Per_Prod_Quantity`) VALUES (7309, 3043, 5019, 28.54, 1);
INSERT INTO `mydb`.`ORDER_PER_PRODUCT` (`Order_ID`, `Product_ID`, `Seller_ID`, `Order_Per_Prod_Price`, `Order_Per_Prod_Quantity`) VALUES (7012, 3044, 5003, 28.31, 1);
INSERT INTO `mydb`.`ORDER_PER_PRODUCT` (`Order_ID`, `Product_ID`, `Seller_ID`, `Order_Per_Prod_Price`, `Order_Per_Prod_Quantity`) VALUES (7086, 3044, 5019, 28.94, 4);
INSERT INTO `mydb`.`ORDER_PER_PRODUCT` (`Order_ID`, `Product_ID`, `Seller_ID`, `Order_Per_Prod_Price`, `Order_Per_Prod_Quantity`) VALUES (7127, 3044, 5019, 28.94, 4);
INSERT INTO `mydb`.`ORDER_PER_PRODUCT` (`Order_ID`, `Product_ID`, `Seller_ID`, `Order_Per_Prod_Price`, `Order_Per_Prod_Quantity`) VALUES (7274, 3044, 5019, 28.94, 1);
INSERT INTO `mydb`.`ORDER_PER_PRODUCT` (`Order_ID`, `Product_ID`, `Seller_ID`, `Order_Per_Prod_Price`, `Order_Per_Prod_Quantity`) VALUES (7025, 3045, 5003, 30.84, 2);
INSERT INTO `mydb`.`ORDER_PER_PRODUCT` (`Order_ID`, `Product_ID`, `Seller_ID`, `Order_Per_Prod_Price`, `Order_Per_Prod_Quantity`) VALUES (7150, 3045, 5019, 26.5, 3);
INSERT INTO `mydb`.`ORDER_PER_PRODUCT` (`Order_ID`, `Product_ID`, `Seller_ID`, `Order_Per_Prod_Price`, `Order_Per_Prod_Quantity`) VALUES (7178, 3045, 5019, 26.5, 3);
INSERT INTO `mydb`.`ORDER_PER_PRODUCT` (`Order_ID`, `Product_ID`, `Seller_ID`, `Order_Per_Prod_Price`, `Order_Per_Prod_Quantity`) VALUES (7066, 3046, 5003, 19.18, 2);
INSERT INTO `mydb`.`ORDER_PER_PRODUCT` (`Order_ID`, `Product_ID`, `Seller_ID`, `Order_Per_Prod_Price`, `Order_Per_Prod_Quantity`) VALUES (7135, 3046, 5019, 21.59, 1);
INSERT INTO `mydb`.`ORDER_PER_PRODUCT` (`Order_ID`, `Product_ID`, `Seller_ID`, `Order_Per_Prod_Price`, `Order_Per_Prod_Quantity`) VALUES (7141, 3046, 5019, 21.59, 3);
INSERT INTO `mydb`.`ORDER_PER_PRODUCT` (`Order_ID`, `Product_ID`, `Seller_ID`, `Order_Per_Prod_Price`, `Order_Per_Prod_Quantity`) VALUES (7201, 3046, 5019, 21.59, 1);
INSERT INTO `mydb`.`ORDER_PER_PRODUCT` (`Order_ID`, `Product_ID`, `Seller_ID`, `Order_Per_Prod_Price`, `Order_Per_Prod_Quantity`) VALUES (7235, 3046, 5019, 21.59, 3);
INSERT INTO `mydb`.`ORDER_PER_PRODUCT` (`Order_ID`, `Product_ID`, `Seller_ID`, `Order_Per_Prod_Price`, `Order_Per_Prod_Quantity`) VALUES (7251, 3046, 5019, 21.59, 4);
INSERT INTO `mydb`.`ORDER_PER_PRODUCT` (`Order_ID`, `Product_ID`, `Seller_ID`, `Order_Per_Prod_Price`, `Order_Per_Prod_Quantity`) VALUES (7253, 3046, 5019, 21.59, 4);
INSERT INTO `mydb`.`ORDER_PER_PRODUCT` (`Order_ID`, `Product_ID`, `Seller_ID`, `Order_Per_Prod_Price`, `Order_Per_Prod_Quantity`) VALUES (7282, 3046, 5019, 21.59, 2);
INSERT INTO `mydb`.`ORDER_PER_PRODUCT` (`Order_ID`, `Product_ID`, `Seller_ID`, `Order_Per_Prod_Price`, `Order_Per_Prod_Quantity`) VALUES (7097, 3047, 5019, 21.74, 1);
INSERT INTO `mydb`.`ORDER_PER_PRODUCT` (`Order_ID`, `Product_ID`, `Seller_ID`, `Order_Per_Prod_Price`, `Order_Per_Prod_Quantity`) VALUES (7136, 3047, 5019, 21.74, 4);
INSERT INTO `mydb`.`ORDER_PER_PRODUCT` (`Order_ID`, `Product_ID`, `Seller_ID`, `Order_Per_Prod_Price`, `Order_Per_Prod_Quantity`) VALUES (7233, 3047, 5019, 21.74, 4);
INSERT INTO `mydb`.`ORDER_PER_PRODUCT` (`Order_ID`, `Product_ID`, `Seller_ID`, `Order_Per_Prod_Price`, `Order_Per_Prod_Quantity`) VALUES (7268, 3047, 5019, 21.74, 4);
INSERT INTO `mydb`.`ORDER_PER_PRODUCT` (`Order_ID`, `Product_ID`, `Seller_ID`, `Order_Per_Prod_Price`, `Order_Per_Prod_Quantity`) VALUES (7069, 3048, 5019, 21.96, 1);
INSERT INTO `mydb`.`ORDER_PER_PRODUCT` (`Order_ID`, `Product_ID`, `Seller_ID`, `Order_Per_Prod_Price`, `Order_Per_Prod_Quantity`) VALUES (7128, 3048, 5019, 21.96, 3);
INSERT INTO `mydb`.`ORDER_PER_PRODUCT` (`Order_ID`, `Product_ID`, `Seller_ID`, `Order_Per_Prod_Price`, `Order_Per_Prod_Quantity`) VALUES (7297, 3048, 5019, 21.96, 2);
INSERT INTO `mydb`.`ORDER_PER_PRODUCT` (`Order_ID`, `Product_ID`, `Seller_ID`, `Order_Per_Prod_Price`, `Order_Per_Prod_Quantity`) VALUES (7102, 3049, 5024, 20.66, 4);
INSERT INTO `mydb`.`ORDER_PER_PRODUCT` (`Order_ID`, `Product_ID`, `Seller_ID`, `Order_Per_Prod_Price`, `Order_Per_Prod_Quantity`) VALUES (7148, 3049, 5024, 20.66, 2);
INSERT INTO `mydb`.`ORDER_PER_PRODUCT` (`Order_ID`, `Product_ID`, `Seller_ID`, `Order_Per_Prod_Price`, `Order_Per_Prod_Quantity`) VALUES (7207, 3049, 5024, 20.66, 2);
INSERT INTO `mydb`.`ORDER_PER_PRODUCT` (`Order_ID`, `Product_ID`, `Seller_ID`, `Order_Per_Prod_Price`, `Order_Per_Prod_Quantity`) VALUES (7316, 3049, 5024, 20.66, 1);
INSERT INTO `mydb`.`ORDER_PER_PRODUCT` (`Order_ID`, `Product_ID`, `Seller_ID`, `Order_Per_Prod_Price`, `Order_Per_Prod_Quantity`) VALUES (7145, 3050, 5024, 19.59, 2);
INSERT INTO `mydb`.`ORDER_PER_PRODUCT` (`Order_ID`, `Product_ID`, `Seller_ID`, `Order_Per_Prod_Price`, `Order_Per_Prod_Quantity`) VALUES (7151, 3050, 5024, 19.59, 3);
INSERT INTO `mydb`.`ORDER_PER_PRODUCT` (`Order_ID`, `Product_ID`, `Seller_ID`, `Order_Per_Prod_Price`, `Order_Per_Prod_Quantity`) VALUES (7197, 3050, 5024, 19.59, 1);
INSERT INTO `mydb`.`ORDER_PER_PRODUCT` (`Order_ID`, `Product_ID`, `Seller_ID`, `Order_Per_Prod_Price`, `Order_Per_Prod_Quantity`) VALUES (7281, 3050, 5024, 19.59, 3);
INSERT INTO `mydb`.`ORDER_PER_PRODUCT` (`Order_ID`, `Product_ID`, `Seller_ID`, `Order_Per_Prod_Price`, `Order_Per_Prod_Quantity`) VALUES (7076, 3051, 5024, 18.21, 1);
INSERT INTO `mydb`.`ORDER_PER_PRODUCT` (`Order_ID`, `Product_ID`, `Seller_ID`, `Order_Per_Prod_Price`, `Order_Per_Prod_Quantity`) VALUES (7134, 3051, 5024, 18.21, 1);
INSERT INTO `mydb`.`ORDER_PER_PRODUCT` (`Order_ID`, `Product_ID`, `Seller_ID`, `Order_Per_Prod_Price`, `Order_Per_Prod_Quantity`) VALUES (7228, 3051, 5024, 18.21, 2);
INSERT INTO `mydb`.`ORDER_PER_PRODUCT` (`Order_ID`, `Product_ID`, `Seller_ID`, `Order_Per_Prod_Price`, `Order_Per_Prod_Quantity`) VALUES (7260, 3051, 5024, 18.21, 1);
INSERT INTO `mydb`.`ORDER_PER_PRODUCT` (`Order_ID`, `Product_ID`, `Seller_ID`, `Order_Per_Prod_Price`, `Order_Per_Prod_Quantity`) VALUES (7023, 3052, 5016, 61.62, 2);
INSERT INTO `mydb`.`ORDER_PER_PRODUCT` (`Order_ID`, `Product_ID`, `Seller_ID`, `Order_Per_Prod_Price`, `Order_Per_Prod_Quantity`) VALUES (7061, 3052, 5016, 61.62, 2);
INSERT INTO `mydb`.`ORDER_PER_PRODUCT` (`Order_ID`, `Product_ID`, `Seller_ID`, `Order_Per_Prod_Price`, `Order_Per_Prod_Quantity`) VALUES (7242, 3052, 5021, 62.68, 1);
INSERT INTO `mydb`.`ORDER_PER_PRODUCT` (`Order_ID`, `Product_ID`, `Seller_ID`, `Order_Per_Prod_Price`, `Order_Per_Prod_Quantity`) VALUES (7264, 3052, 5021, 62.68, 2);
INSERT INTO `mydb`.`ORDER_PER_PRODUCT` (`Order_ID`, `Product_ID`, `Seller_ID`, `Order_Per_Prod_Price`, `Order_Per_Prod_Quantity`) VALUES (7035, 3052, 5025, 61.17, 1);
INSERT INTO `mydb`.`ORDER_PER_PRODUCT` (`Order_ID`, `Product_ID`, `Seller_ID`, `Order_Per_Prod_Price`, `Order_Per_Prod_Quantity`) VALUES (7294, 3052, 5025, 61.17, 2);
INSERT INTO `mydb`.`ORDER_PER_PRODUCT` (`Order_ID`, `Product_ID`, `Seller_ID`, `Order_Per_Prod_Price`, `Order_Per_Prod_Quantity`) VALUES (7053, 3053, 5021, 35.23, 1);
INSERT INTO `mydb`.`ORDER_PER_PRODUCT` (`Order_ID`, `Product_ID`, `Seller_ID`, `Order_Per_Prod_Price`, `Order_Per_Prod_Quantity`) VALUES (7122, 3053, 5025, 36.48, 4);
INSERT INTO `mydb`.`ORDER_PER_PRODUCT` (`Order_ID`, `Product_ID`, `Seller_ID`, `Order_Per_Prod_Price`, `Order_Per_Prod_Quantity`) VALUES (7130, 3053, 5025, 36.48, 2);
INSERT INTO `mydb`.`ORDER_PER_PRODUCT` (`Order_ID`, `Product_ID`, `Seller_ID`, `Order_Per_Prod_Price`, `Order_Per_Prod_Quantity`) VALUES (7278, 3053, 5025, 36.48, 2);
INSERT INTO `mydb`.`ORDER_PER_PRODUCT` (`Order_ID`, `Product_ID`, `Seller_ID`, `Order_Per_Prod_Price`, `Order_Per_Prod_Quantity`) VALUES (7291, 3053, 5025, 36.48, 4);
INSERT INTO `mydb`.`ORDER_PER_PRODUCT` (`Order_ID`, `Product_ID`, `Seller_ID`, `Order_Per_Prod_Price`, `Order_Per_Prod_Quantity`) VALUES (7031, 3054, 5016, 34.88, 1);
INSERT INTO `mydb`.`ORDER_PER_PRODUCT` (`Order_ID`, `Product_ID`, `Seller_ID`, `Order_Per_Prod_Price`, `Order_Per_Prod_Quantity`) VALUES (7067, 3054, 5025, 36.57, 2);
INSERT INTO `mydb`.`ORDER_PER_PRODUCT` (`Order_ID`, `Product_ID`, `Seller_ID`, `Order_Per_Prod_Price`, `Order_Per_Prod_Quantity`) VALUES (7203, 3054, 5025, 36.57, 1);
INSERT INTO `mydb`.`ORDER_PER_PRODUCT` (`Order_ID`, `Product_ID`, `Seller_ID`, `Order_Per_Prod_Price`, `Order_Per_Prod_Quantity`) VALUES (7252, 3055, 5022, 14.81, 3);
INSERT INTO `mydb`.`ORDER_PER_PRODUCT` (`Order_ID`, `Product_ID`, `Seller_ID`, `Order_Per_Prod_Price`, `Order_Per_Prod_Quantity`) VALUES (7257, 3055, 5022, 14.81, 4);
INSERT INTO `mydb`.`ORDER_PER_PRODUCT` (`Order_ID`, `Product_ID`, `Seller_ID`, `Order_Per_Prod_Price`, `Order_Per_Prod_Quantity`) VALUES (7125, 3055, 5028, 13.7, 2);
INSERT INTO `mydb`.`ORDER_PER_PRODUCT` (`Order_ID`, `Product_ID`, `Seller_ID`, `Order_Per_Prod_Price`, `Order_Per_Prod_Quantity`) VALUES (7166, 3055, 5028, 13.7, 1);
INSERT INTO `mydb`.`ORDER_PER_PRODUCT` (`Order_ID`, `Product_ID`, `Seller_ID`, `Order_Per_Prod_Price`, `Order_Per_Prod_Quantity`) VALUES (7011, 3056, 5016, 39.94, 4);
INSERT INTO `mydb`.`ORDER_PER_PRODUCT` (`Order_ID`, `Product_ID`, `Seller_ID`, `Order_Per_Prod_Price`, `Order_Per_Prod_Quantity`) VALUES (7092, 3056, 5028, 42.65, 2);
INSERT INTO `mydb`.`ORDER_PER_PRODUCT` (`Order_ID`, `Product_ID`, `Seller_ID`, `Order_Per_Prod_Price`, `Order_Per_Prod_Quantity`) VALUES (7138, 3056, 5028, 42.65, 4);
INSERT INTO `mydb`.`ORDER_PER_PRODUCT` (`Order_ID`, `Product_ID`, `Seller_ID`, `Order_Per_Prod_Price`, `Order_Per_Prod_Quantity`) VALUES (7161, 3056, 5028, 42.65, 3);
INSERT INTO `mydb`.`ORDER_PER_PRODUCT` (`Order_ID`, `Product_ID`, `Seller_ID`, `Order_Per_Prod_Price`, `Order_Per_Prod_Quantity`) VALUES (7238, 3056, 5028, 42.65, 2);
INSERT INTO `mydb`.`ORDER_PER_PRODUCT` (`Order_ID`, `Product_ID`, `Seller_ID`, `Order_Per_Prod_Price`, `Order_Per_Prod_Quantity`) VALUES (7263, 3056, 5028, 42.65, 3);
INSERT INTO `mydb`.`ORDER_PER_PRODUCT` (`Order_ID`, `Product_ID`, `Seller_ID`, `Order_Per_Prod_Price`, `Order_Per_Prod_Quantity`) VALUES (7267, 3056, 5028, 42.65, 2);
INSERT INTO `mydb`.`ORDER_PER_PRODUCT` (`Order_ID`, `Product_ID`, `Seller_ID`, `Order_Per_Prod_Price`, `Order_Per_Prod_Quantity`) VALUES (7056, 3057, 5028, 27.61, 2);
INSERT INTO `mydb`.`ORDER_PER_PRODUCT` (`Order_ID`, `Product_ID`, `Seller_ID`, `Order_Per_Prod_Price`, `Order_Per_Prod_Quantity`) VALUES (7124, 3057, 5028, 27.61, 1);
INSERT INTO `mydb`.`ORDER_PER_PRODUCT` (`Order_ID`, `Product_ID`, `Seller_ID`, `Order_Per_Prod_Price`, `Order_Per_Prod_Quantity`) VALUES (7210, 3057, 5028, 27.61, 4);
INSERT INTO `mydb`.`ORDER_PER_PRODUCT` (`Order_ID`, `Product_ID`, `Seller_ID`, `Order_Per_Prod_Price`, `Order_Per_Prod_Quantity`) VALUES (7247, 3057, 5028, 27.61, 1);
INSERT INTO `mydb`.`ORDER_PER_PRODUCT` (`Order_ID`, `Product_ID`, `Seller_ID`, `Order_Per_Prod_Price`, `Order_Per_Prod_Quantity`) VALUES (7302, 3057, 5028, 27.61, 4);
INSERT INTO `mydb`.`ORDER_PER_PRODUCT` (`Order_ID`, `Product_ID`, `Seller_ID`, `Order_Per_Prod_Price`, `Order_Per_Prod_Quantity`) VALUES (7123, 3058, 5017, 30.68, 2);
INSERT INTO `mydb`.`ORDER_PER_PRODUCT` (`Order_ID`, `Product_ID`, `Seller_ID`, `Order_Per_Prod_Price`, `Order_Per_Prod_Quantity`) VALUES (7217, 3058, 5017, 30.68, 3);
INSERT INTO `mydb`.`ORDER_PER_PRODUCT` (`Order_ID`, `Product_ID`, `Seller_ID`, `Order_Per_Prod_Price`, `Order_Per_Prod_Quantity`) VALUES (7275, 3058, 5017, 30.68, 4);
INSERT INTO `mydb`.`ORDER_PER_PRODUCT` (`Order_ID`, `Product_ID`, `Seller_ID`, `Order_Per_Prod_Price`, `Order_Per_Prod_Quantity`) VALUES (7293, 3058, 5017, 30.68, 2);
INSERT INTO `mydb`.`ORDER_PER_PRODUCT` (`Order_ID`, `Product_ID`, `Seller_ID`, `Order_Per_Prod_Price`, `Order_Per_Prod_Quantity`) VALUES (7320, 3058, 5017, 30.68, 3);
INSERT INTO `mydb`.`ORDER_PER_PRODUCT` (`Order_ID`, `Product_ID`, `Seller_ID`, `Order_Per_Prod_Price`, `Order_Per_Prod_Quantity`) VALUES (7055, 3059, 5010, 44.86, 1);
INSERT INTO `mydb`.`ORDER_PER_PRODUCT` (`Order_ID`, `Product_ID`, `Seller_ID`, `Order_Per_Prod_Price`, `Order_Per_Prod_Quantity`) VALUES (7172, 3059, 5017, 44.08, 1);
INSERT INTO `mydb`.`ORDER_PER_PRODUCT` (`Order_ID`, `Product_ID`, `Seller_ID`, `Order_Per_Prod_Price`, `Order_Per_Prod_Quantity`) VALUES (7181, 3059, 5017, 44.08, 3);
INSERT INTO `mydb`.`ORDER_PER_PRODUCT` (`Order_ID`, `Product_ID`, `Seller_ID`, `Order_Per_Prod_Price`, `Order_Per_Prod_Quantity`) VALUES (7222, 3059, 5017, 44.08, 4);
INSERT INTO `mydb`.`ORDER_PER_PRODUCT` (`Order_ID`, `Product_ID`, `Seller_ID`, `Order_Per_Prod_Price`, `Order_Per_Prod_Quantity`) VALUES (7058, 3060, 5010, 44.43, 2);
INSERT INTO `mydb`.`ORDER_PER_PRODUCT` (`Order_ID`, `Product_ID`, `Seller_ID`, `Order_Per_Prod_Price`, `Order_Per_Prod_Quantity`) VALUES (7010, 3060, 5017, 45.89, 3);
INSERT INTO `mydb`.`ORDER_PER_PRODUCT` (`Order_ID`, `Product_ID`, `Seller_ID`, `Order_Per_Prod_Price`, `Order_Per_Prod_Quantity`) VALUES (7133, 3060, 5017, 45.89, 1);
INSERT INTO `mydb`.`ORDER_PER_PRODUCT` (`Order_ID`, `Product_ID`, `Seller_ID`, `Order_Per_Prod_Price`, `Order_Per_Prod_Quantity`) VALUES (7154, 3060, 5017, 45.89, 3);
INSERT INTO `mydb`.`ORDER_PER_PRODUCT` (`Order_ID`, `Product_ID`, `Seller_ID`, `Order_Per_Prod_Price`, `Order_Per_Prod_Quantity`) VALUES (7049, 3061, 5017, 43.61, 3);
INSERT INTO `mydb`.`ORDER_PER_PRODUCT` (`Order_ID`, `Product_ID`, `Seller_ID`, `Order_Per_Prod_Price`, `Order_Per_Prod_Quantity`) VALUES (7254, 3061, 5017, 43.61, 3);
INSERT INTO `mydb`.`ORDER_PER_PRODUCT` (`Order_ID`, `Product_ID`, `Seller_ID`, `Order_Per_Prod_Price`, `Order_Per_Prod_Quantity`) VALUES (7306, 3061, 5017, 43.61, 3);
INSERT INTO `mydb`.`ORDER_PER_PRODUCT` (`Order_ID`, `Product_ID`, `Seller_ID`, `Order_Per_Prod_Price`, `Order_Per_Prod_Quantity`) VALUES (7002, 3062, 5017, 45.08, 3);
INSERT INTO `mydb`.`ORDER_PER_PRODUCT` (`Order_ID`, `Product_ID`, `Seller_ID`, `Order_Per_Prod_Price`, `Order_Per_Prod_Quantity`) VALUES (7258, 3062, 5017, 45.08, 1);
INSERT INTO `mydb`.`ORDER_PER_PRODUCT` (`Order_ID`, `Product_ID`, `Seller_ID`, `Order_Per_Prod_Price`, `Order_Per_Prod_Quantity`) VALUES (7314, 3062, 5017, 45.08, 3);
INSERT INTO `mydb`.`ORDER_PER_PRODUCT` (`Order_ID`, `Product_ID`, `Seller_ID`, `Order_Per_Prod_Price`, `Order_Per_Prod_Quantity`) VALUES (7041, 3063, 5014, 44.57, 1);
INSERT INTO `mydb`.`ORDER_PER_PRODUCT` (`Order_ID`, `Product_ID`, `Seller_ID`, `Order_Per_Prod_Price`, `Order_Per_Prod_Quantity`) VALUES (7096, 3063, 5014, 44.57, 2);
INSERT INTO `mydb`.`ORDER_PER_PRODUCT` (`Order_ID`, `Product_ID`, `Seller_ID`, `Order_Per_Prod_Price`, `Order_Per_Prod_Quantity`) VALUES (7107, 3063, 5014, 44.57, 4);
INSERT INTO `mydb`.`ORDER_PER_PRODUCT` (`Order_ID`, `Product_ID`, `Seller_ID`, `Order_Per_Prod_Price`, `Order_Per_Prod_Quantity`) VALUES (7189, 3063, 5014, 44.57, 4);
INSERT INTO `mydb`.`ORDER_PER_PRODUCT` (`Order_ID`, `Product_ID`, `Seller_ID`, `Order_Per_Prod_Price`, `Order_Per_Prod_Quantity`) VALUES (7244, 3063, 5014, 44.57, 1);
INSERT INTO `mydb`.`ORDER_PER_PRODUCT` (`Order_ID`, `Product_ID`, `Seller_ID`, `Order_Per_Prod_Price`, `Order_Per_Prod_Quantity`) VALUES (7006, 3064, 5014, 45.29, 3);
INSERT INTO `mydb`.`ORDER_PER_PRODUCT` (`Order_ID`, `Product_ID`, `Seller_ID`, `Order_Per_Prod_Price`, `Order_Per_Prod_Quantity`) VALUES (7108, 3064, 5014, 45.29, 4);
INSERT INTO `mydb`.`ORDER_PER_PRODUCT` (`Order_ID`, `Product_ID`, `Seller_ID`, `Order_Per_Prod_Price`, `Order_Per_Prod_Quantity`) VALUES (7109, 3064, 5014, 45.29, 1);
INSERT INTO `mydb`.`ORDER_PER_PRODUCT` (`Order_ID`, `Product_ID`, `Seller_ID`, `Order_Per_Prod_Price`, `Order_Per_Prod_Quantity`) VALUES (7126, 3064, 5014, 45.29, 2);
INSERT INTO `mydb`.`ORDER_PER_PRODUCT` (`Order_ID`, `Product_ID`, `Seller_ID`, `Order_Per_Prod_Price`, `Order_Per_Prod_Quantity`) VALUES (7182, 3064, 5014, 45.29, 3);
INSERT INTO `mydb`.`ORDER_PER_PRODUCT` (`Order_ID`, `Product_ID`, `Seller_ID`, `Order_Per_Prod_Price`, `Order_Per_Prod_Quantity`) VALUES (7190, 3064, 5014, 45.29, 4);
INSERT INTO `mydb`.`ORDER_PER_PRODUCT` (`Order_ID`, `Product_ID`, `Seller_ID`, `Order_Per_Prod_Price`, `Order_Per_Prod_Quantity`) VALUES (7112, 3065, 5014, 42.13, 4);
INSERT INTO `mydb`.`ORDER_PER_PRODUCT` (`Order_ID`, `Product_ID`, `Seller_ID`, `Order_Per_Prod_Price`, `Order_Per_Prod_Quantity`) VALUES (7191, 3065, 5014, 42.13, 4);
INSERT INTO `mydb`.`ORDER_PER_PRODUCT` (`Order_ID`, `Product_ID`, `Seller_ID`, `Order_Per_Prod_Price`, `Order_Per_Prod_Quantity`) VALUES (7213, 3065, 5014, 42.13, 1);
INSERT INTO `mydb`.`ORDER_PER_PRODUCT` (`Order_ID`, `Product_ID`, `Seller_ID`, `Order_Per_Prod_Price`, `Order_Per_Prod_Quantity`) VALUES (7305, 3065, 5014, 42.13, 4);
INSERT INTO `mydb`.`ORDER_PER_PRODUCT` (`Order_ID`, `Product_ID`, `Seller_ID`, `Order_Per_Prod_Price`, `Order_Per_Prod_Quantity`) VALUES (7047, 3066, 5014, 45.82, 3);
INSERT INTO `mydb`.`ORDER_PER_PRODUCT` (`Order_ID`, `Product_ID`, `Seller_ID`, `Order_Per_Prod_Price`, `Order_Per_Prod_Quantity`) VALUES (7077, 3066, 5014, 45.82, 4);
INSERT INTO `mydb`.`ORDER_PER_PRODUCT` (`Order_ID`, `Product_ID`, `Seller_ID`, `Order_Per_Prod_Price`, `Order_Per_Prod_Quantity`) VALUES (7214, 3066, 5014, 45.82, 3);
INSERT INTO `mydb`.`ORDER_PER_PRODUCT` (`Order_ID`, `Product_ID`, `Seller_ID`, `Order_Per_Prod_Price`, `Order_Per_Prod_Quantity`) VALUES (7246, 3066, 5014, 45.82, 4);
INSERT INTO `mydb`.`ORDER_PER_PRODUCT` (`Order_ID`, `Product_ID`, `Seller_ID`, `Order_Per_Prod_Price`, `Order_Per_Prod_Quantity`) VALUES (7063, 3067, 5004, 42.92, 4);
INSERT INTO `mydb`.`ORDER_PER_PRODUCT` (`Order_ID`, `Product_ID`, `Seller_ID`, `Order_Per_Prod_Price`, `Order_Per_Prod_Quantity`) VALUES (7048, 3067, 5005, 44.14, 3);
INSERT INTO `mydb`.`ORDER_PER_PRODUCT` (`Order_ID`, `Product_ID`, `Seller_ID`, `Order_Per_Prod_Price`, `Order_Per_Prod_Quantity`) VALUES (7078, 3067, 5014, 42.99, 1);
INSERT INTO `mydb`.`ORDER_PER_PRODUCT` (`Order_ID`, `Product_ID`, `Seller_ID`, `Order_Per_Prod_Price`, `Order_Per_Prod_Quantity`) VALUES (7206, 3067, 5014, 42.99, 1);
INSERT INTO `mydb`.`ORDER_PER_PRODUCT` (`Order_ID`, `Product_ID`, `Seller_ID`, `Order_Per_Prod_Price`, `Order_Per_Prod_Quantity`) VALUES (7261, 3067, 5014, 42.99, 2);
INSERT INTO `mydb`.`ORDER_PER_PRODUCT` (`Order_ID`, `Product_ID`, `Seller_ID`, `Order_Per_Prod_Price`, `Order_Per_Prod_Quantity`) VALUES (7271, 3067, 5014, 42.99, 1);
INSERT INTO `mydb`.`ORDER_PER_PRODUCT` (`Order_ID`, `Product_ID`, `Seller_ID`, `Order_Per_Prod_Price`, `Order_Per_Prod_Quantity`) VALUES (7004, 3068, 5005, 42.19, 4);
INSERT INTO `mydb`.`ORDER_PER_PRODUCT` (`Order_ID`, `Product_ID`, `Seller_ID`, `Order_Per_Prod_Price`, `Order_Per_Prod_Quantity`) VALUES (7008, 3068, 5014, 44.98, 2);
INSERT INTO `mydb`.`ORDER_PER_PRODUCT` (`Order_ID`, `Product_ID`, `Seller_ID`, `Order_Per_Prod_Price`, `Order_Per_Prod_Quantity`) VALUES (7046, 3068, 5014, 44.98, 4);
INSERT INTO `mydb`.`ORDER_PER_PRODUCT` (`Order_ID`, `Product_ID`, `Seller_ID`, `Order_Per_Prod_Price`, `Order_Per_Prod_Quantity`) VALUES (7118, 3068, 5014, 44.98, 1);
INSERT INTO `mydb`.`ORDER_PER_PRODUCT` (`Order_ID`, `Product_ID`, `Seller_ID`, `Order_Per_Prod_Price`, `Order_Per_Prod_Quantity`) VALUES (7174, 3068, 5014, 44.98, 4);
INSERT INTO `mydb`.`ORDER_PER_PRODUCT` (`Order_ID`, `Product_ID`, `Seller_ID`, `Order_Per_Prod_Price`, `Order_Per_Prod_Quantity`) VALUES (7180, 3068, 5014, 44.98, 2);
INSERT INTO `mydb`.`ORDER_PER_PRODUCT` (`Order_ID`, `Product_ID`, `Seller_ID`, `Order_Per_Prod_Price`, `Order_Per_Prod_Quantity`) VALUES (7232, 3068, 5014, 44.98, 3);
INSERT INTO `mydb`.`ORDER_PER_PRODUCT` (`Order_ID`, `Product_ID`, `Seller_ID`, `Order_Per_Prod_Price`, `Order_Per_Prod_Quantity`) VALUES (7037, 3069, 5009, 46.07, 4);
INSERT INTO `mydb`.`ORDER_PER_PRODUCT` (`Order_ID`, `Product_ID`, `Seller_ID`, `Order_Per_Prod_Price`, `Order_Per_Prod_Quantity`) VALUES (7114, 3069, 5023, 43.33, 4);
INSERT INTO `mydb`.`ORDER_PER_PRODUCT` (`Order_ID`, `Product_ID`, `Seller_ID`, `Order_Per_Prod_Price`, `Order_Per_Prod_Quantity`) VALUES (7159, 3069, 5023, 43.33, 1);
INSERT INTO `mydb`.`ORDER_PER_PRODUCT` (`Order_ID`, `Product_ID`, `Seller_ID`, `Order_Per_Prod_Price`, `Order_Per_Prod_Quantity`) VALUES (7288, 3069, 5026, 45.67, 1);
INSERT INTO `mydb`.`ORDER_PER_PRODUCT` (`Order_ID`, `Product_ID`, `Seller_ID`, `Order_Per_Prod_Price`, `Order_Per_Prod_Quantity`) VALUES (7303, 3069, 5026, 45.67, 4);
INSERT INTO `mydb`.`ORDER_PER_PRODUCT` (`Order_ID`, `Product_ID`, `Seller_ID`, `Order_Per_Prod_Price`, `Order_Per_Prod_Quantity`) VALUES (7018, 3070, 5026, 42.31, 3);
INSERT INTO `mydb`.`ORDER_PER_PRODUCT` (`Order_ID`, `Product_ID`, `Seller_ID`, `Order_Per_Prod_Price`, `Order_Per_Prod_Quantity`) VALUES (7071, 3070, 5026, 42.31, 2);
INSERT INTO `mydb`.`ORDER_PER_PRODUCT` (`Order_ID`, `Product_ID`, `Seller_ID`, `Order_Per_Prod_Price`, `Order_Per_Prod_Quantity`) VALUES (7082, 3070, 5026, 42.31, 2);
INSERT INTO `mydb`.`ORDER_PER_PRODUCT` (`Order_ID`, `Product_ID`, `Seller_ID`, `Order_Per_Prod_Price`, `Order_Per_Prod_Quantity`) VALUES (7113, 3070, 5026, 42.31, 1);
INSERT INTO `mydb`.`ORDER_PER_PRODUCT` (`Order_ID`, `Product_ID`, `Seller_ID`, `Order_Per_Prod_Price`, `Order_Per_Prod_Quantity`) VALUES (7286, 3070, 5026, 42.31, 1);
