INSERT INTO `mydb`.`Service` (`Service_ID`, `Service_Name`, `Service_Price`, `Service_Duration_minutes`, `Service_Type`) VALUES (1001, 'White Flesh', 101.6, 45, 'Dentistry Service');
INSERT INTO `mydb`.`Service` (`Service_ID`, `Service_Name`, `Service_Price`, `Service_Duration_minutes`, `Service_Type`) VALUES (1002, 'Deep Within', 152.8, 75, 'Dentistry Service');
INSERT INTO `mydb`.`Service` (`Service_ID`, `Service_Name`, `Service_Price`, `Service_Duration_minutes`, `Service_Type`) VALUES (1003, 'iSmile', 89.7, 30, 'Dentistry Service');
INSERT INTO `mydb`.`Service` (`Service_ID`, `Service_Name`, `Service_Price`, `Service_Duration_minutes`, `Service_Type`) VALUES (1004, 'Take Back Your Back!', 95.2, 60, 'Massage Service');
INSERT INTO `mydb`.`Service` (`Service_ID`, `Service_Name`, `Service_Price`, `Service_Duration_minutes`, `Service_Type`) VALUES (1005, 'How the Pain Was Gone?', 135.4, 90, 'Massage Service');
INSERT INTO `mydb`.`Service` (`Service_ID`, `Service_Name`, `Service_Price`, `Service_Duration_minutes`, `Service_Type`) VALUES (1006, 'Restore and Destroy!', 100, 60, 'Massage Service');
INSERT INTO `mydb`.`Service` (`Service_ID`, `Service_Name`, `Service_Price`, `Service_Duration_minutes`, `Service_Type`) VALUES (1007, 'Gain\'em All!', 140, 75, 'Physiotherapy Service');
INSERT INTO `mydb`.`Service` (`Service_ID`, `Service_Name`, `Service_Price`, `Service_Duration_minutes`, `Service_Type`) VALUES (1008, 'Comfortable and Not Numb', 100, 80, 'Physiotherapy Service');
INSERT INTO `mydb`.`Service` (`Service_ID`, `Service_Name`, `Service_Price`, `Service_Duration_minutes`, `Service_Type`) VALUES (1009, 'Drink Your Own Milkshake!', 300, 158, 'Psychotherapy Service');
INSERT INTO `mydb`.`Service` (`Service_ID`, `Service_Name`, `Service_Price`, `Service_Duration_minutes`, `Service_Type`) VALUES (1010, 'Get Out of the Sunken Place!', 150, 104, 'Psychotherapy Service');
INSERT INTO `mydb`.`Service` (`Service_ID`, `Service_Name`, `Service_Price`, `Service_Duration_minutes`, `Service_Type`) VALUES (1011, 'Caveat Emptor!', 100, 60, 'Dentistry Service');
INSERT INTO `mydb`.`Service` (`Service_ID`, `Service_Name`, `Service_Price`, `Service_Duration_minutes`, `Service_Type`) VALUES (1012, 'Whitewashing', 25, 30, 'Dentistry Service');
INSERT INTO `mydb`.`Service` (`Service_ID`, `Service_Name`, `Service_Price`, `Service_Duration_minutes`, `Service_Type`) VALUES (1013, 'Dental Mental', 200, 120, 'Dentistry Service');
INSERT INTO `mydb`.`Service` (`Service_ID`, `Service_Name`, `Service_Price`, `Service_Duration_minutes`, `Service_Type`) VALUES (1014, 'Cleanage', 85, 45, 'Dentistry Service');
INSERT INTO `mydb`.`Service` (`Service_ID`, `Service_Name`, `Service_Price`, `Service_Duration_minutes`, `Service_Type`) VALUES (1015, 'Oralogy', 25, 80, 'Dentistry Service');
INSERT INTO `mydb`.`Service` (`Service_ID`, `Service_Name`, `Service_Price`, `Service_Duration_minutes`, `Service_Type`) VALUES (1016, 'Cance L', 640, 60, 'Dentistry Service');
INSERT INTO `mydb`.`Service` (`Service_ID`, `Service_Name`, `Service_Price`, `Service_Duration_minutes`, `Service_Type`) VALUES (1017, 'There Will be Blood', 2200, 158, 'Dentistry Service');
INSERT INTO `mydb`.`Service` (`Service_ID`, `Service_Name`, `Service_Price`, `Service_Duration_minutes`, `Service_Type`) VALUES (1018, 'Backers', 50, 30, 'Massage Service');
INSERT INTO `mydb`.`Service` (`Service_ID`, `Service_Name`, `Service_Price`, `Service_Duration_minutes`, `Service_Type`) VALUES (1019, 'No Red Necks Allowed!', 40, 20, 'Massage Service');
INSERT INTO `mydb`.`Service` (`Service_ID`, `Service_Name`, `Service_Price`, `Service_Duration_minutes`, `Service_Type`) VALUES (1020, 'Stress-hit Special', 65, 30, 'Massage Service');
INSERT INTO `mydb`.`Service` (`Service_ID`, `Service_Name`, `Service_Price`, `Service_Duration_minutes`, `Service_Type`) VALUES (1021, 'Phyz Ikky', 80, 50, 'Massage Service');
INSERT INTO `mydb`.`Service` (`Service_ID`, `Service_Name`, `Service_Price`, `Service_Duration_minutes`, `Service_Type`) VALUES (1022, 'Get Rid of Reds', 100, 50, 'Massage Service');
INSERT INTO `mydb`.`Service` (`Service_ID`, `Service_Name`, `Service_Price`, `Service_Duration_minutes`, `Service_Type`) VALUES (1023, 'Blow-up', 135, 40, 'Massage Service');
INSERT INTO `mydb`.`Service` (`Service_ID`, `Service_Name`, `Service_Price`, `Service_Duration_minutes`, `Service_Type`) VALUES (1024, 'eXcluSive', 145, 55, 'Massage Service');
INSERT INTO `mydb`.`Service` (`Service_ID`, `Service_Name`, `Service_Price`, `Service_Duration_minutes`, `Service_Type`) VALUES (1025, 'Le Championa', 100, 40, 'Massage Service');
INSERT INTO `mydb`.`Service` (`Service_ID`, `Service_Name`, `Service_Price`, `Service_Duration_minutes`, `Service_Type`) VALUES (1026, 'Retro Shop', 100, 40, 'Physiotherapy Service');
INSERT INTO `mydb`.`Service` (`Service_ID`, `Service_Name`, `Service_Price`, `Service_Duration_minutes`, `Service_Type`) VALUES (1027, 'Is This Your Homework Larry?', 50, 20, 'Physiotherapy Service');
INSERT INTO `mydb`.`Service` (`Service_ID`, `Service_Name`, `Service_Price`, `Service_Duration_minutes`, `Service_Type`) VALUES (1028, 'Mark It Zero', 60, 30, 'Physiotherapy Service');
INSERT INTO `mydb`.`Service` (`Service_ID`, `Service_Name`, `Service_Price`, `Service_Duration_minutes`, `Service_Type`) VALUES (1029, 'Where\'s My Rug?', 100, 60, 'Physiotherapy Service');
INSERT INTO `mydb`.`Service` (`Service_ID`, `Service_Name`, `Service_Price`, `Service_Duration_minutes`, `Service_Type`) VALUES (1030, 'Cutting Off Johnsons', 130, 50, 'Physiotherapy Service');
INSERT INTO `mydb`.`Service` (`Service_ID`, `Service_Name`, `Service_Price`, `Service_Duration_minutes`, `Service_Type`) VALUES (1031, 'I dont roll on Shabbos', 80, 45, 'Physiotherapy Service');
INSERT INTO `mydb`.`Service` (`Service_ID`, `Service_Name`, `Service_Price`, `Service_Duration_minutes`, `Service_Type`) VALUES (1032, 'Eight year olds dude!', 45, 20, 'Physiotherapy Service');
INSERT INTO `mydb`.`Service` (`Service_ID`, `Service_Name`, `Service_Price`, `Service_Duration_minutes`, `Service_Type`) VALUES (1033, 'Tie It together', 100, 240, 'Physiotherapy Service');
INSERT INTO `mydb`.`Massage Service` (`Service_ID`, `Massage_Speciality`, `Massage_Description`) VALUES (1004, 'Back Pain Relief', 'Deep tissue massage patterns combined to formulate this extremely effective and powerful massage.');
INSERT INTO `mydb`.`Massage Service` (`Service_ID`, `Massage_Speciality`, `Massage_Description`) VALUES (1005, 'Sports Massage', 'For those who dream of falling into bed without the pain of severe athletic pressure.');
INSERT INTO `mydb`.`Massage Service` (`Service_ID`, `Massage_Speciality`, `Massage_Description`) VALUES (1006, 'Sports Massage', 'Relaxes the body, loosens tight muscles, reduces mental stress and motivates to conquer.');
INSERT INTO `mydb`.`Massage Service` (`Service_ID`, `Massage_Speciality`, `Massage_Description`) VALUES (1018, 'Back Pain Relief', 'You would never get the same experience after this relief.');
INSERT INTO `mydb`.`Massage Service` (`Service_ID`, `Massage_Speciality`, `Massage_Description`) VALUES (1019, 'Neck Pain Relief', 'You would never get you neck better after this session.');
INSERT INTO `mydb`.`Massage Service` (`Service_ID`, `Massage_Speciality`, `Massage_Description`) VALUES (1020, 'Stress Relief', 'Relaxes the upper head and reduces mental stresses from past failures.');
INSERT INTO `mydb`.`Massage Service` (`Service_ID`, `Massage_Speciality`, `Massage_Description`) VALUES (1021, 'Stress Relief', 'Relaxes the upper body and reduces physical pressures.');
INSERT INTO `mydb`.`Massage Service` (`Service_ID`, `Massage_Speciality`, `Massage_Description`) VALUES (1022, 'Neck Pain Relief', 'Neck is back to perform and never to fail you.');
INSERT INTO `mydb`.`Massage Service` (`Service_ID`, `Massage_Speciality`, `Massage_Description`) VALUES (1023, 'Bliss Massage', 'Are you looking for a place where you can experience ultimate relaxation? Look no further.');
INSERT INTO `mydb`.`Massage Service` (`Service_ID`, `Massage_Speciality`, `Massage_Description`) VALUES (1024, 'Intimate Massage', 'Relaxes the lower body and reduces daily stresses.');
INSERT INTO `mydb`.`Massage Service` (`Service_ID`, `Massage_Speciality`, `Massage_Description`) VALUES (1025, 'Sports Massage', 'Just do it.');
INSERT INTO `mydb`.`Dentistry Service` (`Service_ID`, `Dentistry_Description`, `Dentistry_Recommendation`) VALUES (1001, 'Whitening, porcelain and cosmetics', 'Beauty is not everything, it\'s the only thing!');
INSERT INTO `mydb`.`Dentistry Service` (`Service_ID`, `Dentistry_Description`, `Dentistry_Recommendation`) VALUES (1002, 'Fillings, root canals, and extractions', ' If you have severe gum disease, getting deep and fixing the roots are a MUST. After not eating for six hours after each visit, use medicinal fluoride.');
INSERT INTO `mydb`.`Dentistry Service` (`Service_ID`, `Dentistry_Description`, `Dentistry_Recommendation`) VALUES (1003, 'Orthodontics', 'A standard cleaning and reevaluation is a must four weeks after each visit.');
INSERT INTO `mydb`.`Dentistry Service` (`Service_ID`, `Dentistry_Description`, `Dentistry_Recommendation`) VALUES (1011, 'Extractions', 'Permament or non-permanent! Damaged tooth may need to be extracted, be ready for the consequences of your past sins.');
INSERT INTO `mydb`.`Dentistry Service` (`Service_ID`, `Dentistry_Description`, `Dentistry_Recommendation`) VALUES (1012, 'Cleanings & Prevention', 'Beware of the usage of dark beverages such as coffee and coke or smoking for 2 days.');
INSERT INTO `mydb`.`Dentistry Service` (`Service_ID`, `Dentistry_Description`, `Dentistry_Recommendation`) VALUES (1013, 'Veneers', 'All play and no work ? Ceramicing your tooth makes you look crazy, so you would be okay with that.');
INSERT INTO `mydb`.`Dentistry Service` (`Service_ID`, `Dentistry_Description`, `Dentistry_Recommendation`) VALUES (1014, 'Cosmetic Dentistry', 'We will do your teeth but you must protect them! Not smoking and not drinking is the first step.');
INSERT INTO `mydb`.`Dentistry Service` (`Service_ID`, `Dentistry_Description`, `Dentistry_Recommendation`) VALUES (1015, 'Oral Medicine and Pathology', 'Non-surgical management of oral diseases and disorders');
INSERT INTO `mydb`.`Dentistry Service` (`Service_ID`, `Dentistry_Description`, `Dentistry_Recommendation`) VALUES (1016, 'Oral Cancer Examination', 'Oral cancer screenings are a routine part of a dental examinationstarts as the spread can be prevented by monitoring the cells of the mouth, tongue or throat. ');
INSERT INTO `mydb`.`Dentistry Service` (`Service_ID`, `Dentistry_Description`, `Dentistry_Recommendation`) VALUES (1017, 'Oral and Maxillofacial Surgery', 'Don\'t drink milkshakes after that.');
INSERT INTO `mydb`.`Physiotherapy Service` (`Service_ID`, `Physiotherapy_ExerciseName`, `Physiotherapy_Description`) VALUES (1007, 'Mobillica', 'A combination of shockwave therapy, which restores a high energy and regenerates your body, and also mobility treatments for better consuming and spending the energy.');
INSERT INTO `mydb`.`Physiotherapy Service` (`Service_ID`, `Physiotherapy_ExerciseName`, `Physiotherapy_Description`) VALUES (1008, 'Waters Streches', 'Switching back and forth from hot to cold saunas for 10 minutes, stretch all muscles patiently and at the end, switch back and forth from hot to cold jacuzzis for ten minutes.');
INSERT INTO `mydb`.`Physiotherapy Service` (`Service_ID`, `Physiotherapy_ExerciseName`, `Physiotherapy_Description`) VALUES (1026, 'Blaster', 'Usual warming up on water and dancing with loud volume exercises.');
INSERT INTO `mydb`.`Physiotherapy Service` (`Service_ID`, `Physiotherapy_ExerciseName`, `Physiotherapy_Description`) VALUES (1027, 'This Is What You Get, Strager', 'Numbing your body and putting you to sleep may seem dangerous or uncomforting! But look at the peace larry\'s dad had! You wouldn\'t regret it.');
INSERT INTO `mydb`.`Physiotherapy Service` (`Service_ID`, `Physiotherapy_ExerciseName`, `Physiotherapy_Description`) VALUES (1028, 'Bring It On', 'You have to respect the rules of the game, otherwise this exercise won\'t come out as expected.');
INSERT INTO `mydb`.`Physiotherapy Service` (`Service_ID`, `Physiotherapy_ExerciseName`, `Physiotherapy_Description`) VALUES (1029, 'Lets Jam', 'Back and forth putting your head in a boiled water while wearing sunglasses to increase your focus while exercising your breathing and control.');
INSERT INTO `mydb`.`Physiotherapy Service` (`Service_ID`, `Physiotherapy_ExerciseName`, `Physiotherapy_Description`) VALUES (1030, 'Hit Harder', 'Leeches will help your blood pressure on your body be regulated, but we can simulate the same thing with this exercise.');
INSERT INTO `mydb`.`Physiotherapy Service` (`Service_ID`, `Physiotherapy_ExerciseName`, `Physiotherapy_Description`) VALUES (1031, 'Get Buffed', 'If you come to this session, it means you are really serious about your health. Our instructor will definitely make every second of your time worth it.');
INSERT INTO `mydb`.`Physiotherapy Service` (`Service_ID`, `Physiotherapy_ExerciseName`, `Physiotherapy_Description`) VALUES (1032, 'Crackers', 'Dancing and dancing to the beautiful Hotel California by that gypsy band.');
INSERT INTO `mydb`.`Physiotherapy Service` (`Service_ID`, `Physiotherapy_ExerciseName`, `Physiotherapy_Description`) VALUES (1033, 'Demon on Neon', 'This exercise will help you to ocus long hours on a point without any movement.');
INSERT INTO `mydb`.`Contact` (`Contact_ID`, `Contact_FirstName`, `Contact_LastName`, `Contact_Address`, `Contact_Email`, `Contact_PhoneNumber`) VALUES (10001, 'Guendolen', 'Rammstein', '425 Randy Lane', 'guendolenrammstein@rammstein.com', '(514) 241-4723');
INSERT INTO `mydb`.`Contact` (`Contact_ID`, `Contact_FirstName`, `Contact_LastName`, `Contact_Address`, `Contact_Email`, `Contact_PhoneNumber`) VALUES (10002, 'Kaspar', 'Moe', '91976 Fulton Crossing', 'kasparmoe@moe.com', '(514) 331-5364');
INSERT INTO `mydb`.`Contact` (`Contact_ID`, `Contact_FirstName`, `Contact_LastName`, `Contact_Address`, `Contact_Email`, `Contact_PhoneNumber`) VALUES (10003, 'Taryn', 'Sicario', '27264 Arizona Road', 'tarynsicario@sicario.com', '(514) 407-7147');
INSERT INTO `mydb`.`Contact` (`Contact_ID`, `Contact_FirstName`, `Contact_LastName`, `Contact_Address`, `Contact_Email`, `Contact_PhoneNumber`) VALUES (10004, 'Demetre', 'McConaghey', '110 Shopko Way', 'demetremcconaghey@mcconaghey.com', '(514) 301-4424');
INSERT INTO `mydb`.`Contact` (`Contact_ID`, `Contact_FirstName`, `Contact_LastName`, `Contact_Address`, `Contact_Email`, `Contact_PhoneNumber`) VALUES (10005, 'Peter', 'Crotch', '95 Merry Street', 'petercrotch@crotch.com', '(514) 926-4089');
INSERT INTO `mydb`.`Contact` (`Contact_ID`, `Contact_FirstName`, `Contact_LastName`, `Contact_Address`, `Contact_Email`, `Contact_PhoneNumber`) VALUES (10006, 'Ari', 'Vederci', '29 Anzinger Way', 'arivederci@vederci.com', '(514) 226-8389');
INSERT INTO `mydb`.`Contact` (`Contact_ID`, `Contact_FirstName`, `Contact_LastName`, `Contact_Address`, `Contact_Email`, `Contact_PhoneNumber`) VALUES (10007, 'Makaro', 'Mocharo', '04 Dakota Alley', 'makaromocharo@mocharo.com', '(514) 683-2903');
INSERT INTO `mydb`.`Contact` (`Contact_ID`, `Contact_FirstName`, `Contact_LastName`, `Contact_Address`, `Contact_Email`, `Contact_PhoneNumber`) VALUES (10008, 'Julietta', 'Juliette', '3 Waywood Parkway', 'juliettajuliette@juliette.com', '(514) 675-5050');
INSERT INTO `mydb`.`Contact` (`Contact_ID`, `Contact_FirstName`, `Contact_LastName`, `Contact_Address`, `Contact_Email`, `Contact_PhoneNumber`) VALUES (10009, 'Cele', 'Dio', '5 Dovetail Drive', 'celedio@dio.com', '(514) 506-1201');
INSERT INTO `mydb`.`Contact` (`Contact_ID`, `Contact_FirstName`, `Contact_LastName`, `Contact_Address`, `Contact_Email`, `Contact_PhoneNumber`) VALUES (10010, 'Sollie', 'Pato', '549 Vidon Hill', 'solliepato@pato.com', '(514) 824-5020');
INSERT INTO `mydb`.`Contact` (`Contact_ID`, `Contact_FirstName`, `Contact_LastName`, `Contact_Address`, `Contact_Email`, `Contact_PhoneNumber`) VALUES (10011, 'Nicola', 'Bertolucci', '8 Ludington Road', 'nicolabertolucci@bertolucci.com', '(514) 985-3907');
INSERT INTO `mydb`.`Contact` (`Contact_ID`, `Contact_FirstName`, `Contact_LastName`, `Contact_Address`, `Contact_Email`, `Contact_PhoneNumber`) VALUES (10012, 'Justine', 'Timbrell', '92289 Riverside Place', 'justinetimbrell@timbrell.com', '(514) 802-3447');
INSERT INTO `mydb`.`Contact` (`Contact_ID`, `Contact_FirstName`, `Contact_LastName`, `Contact_Address`, `Contact_Email`, `Contact_PhoneNumber`) VALUES (10013, 'Sisely', 'Sicilia', '60106 Logan Parkway', 'siselysicilia@sicilia.com', '(514) 289-4060');
INSERT INTO `mydb`.`Contact` (`Contact_ID`, `Contact_FirstName`, `Contact_LastName`, `Contact_Address`, `Contact_Email`, `Contact_PhoneNumber`) VALUES (10014, 'Otson', 'Wales', '5 Esch Drive', 'otsonwales@wales.com', '(514) 227-7505');
INSERT INTO `mydb`.`Contact` (`Contact_ID`, `Contact_FirstName`, `Contact_LastName`, `Contact_Address`, `Contact_Email`, `Contact_PhoneNumber`) VALUES (10015, 'Dario', 'Darko', '221 Lake View Pass', 'dariodarko@darko.com', '(514) 947-6175');
INSERT INTO `mydb`.`Contact` (`Contact_ID`, `Contact_FirstName`, `Contact_LastName`, `Contact_Address`, `Contact_Email`, `Contact_PhoneNumber`) VALUES (10016, 'Heidi', 'Glutz-White', '4 Dakota Terrace', 'heidiglutz-white@glutz-white.com', '(514) 301-0808');
INSERT INTO `mydb`.`Contact` (`Contact_ID`, `Contact_FirstName`, `Contact_LastName`, `Contact_Address`, `Contact_Email`, `Contact_PhoneNumber`) VALUES (10017, 'Nanice', 'Rez', '333 Grayhawk Avenue', 'nanicerez@rez.com', '(514) 739-5253');
INSERT INTO `mydb`.`Contact` (`Contact_ID`, `Contact_FirstName`, `Contact_LastName`, `Contact_Address`, `Contact_Email`, `Contact_PhoneNumber`) VALUES (10018, 'Zlatan', 'Ivancevic', '925 Hoepker Hill', 'zlatanivancevic@ivancevic.com', '(514) 868-7149');
INSERT INTO `mydb`.`Contact` (`Contact_ID`, `Contact_FirstName`, `Contact_LastName`, `Contact_Address`, `Contact_Email`, `Contact_PhoneNumber`) VALUES (10019, 'Roi', 'Rosencrantz', '3320 Logan Junction', 'roirosencrantz@rosencrantz.com', '(514) 583-9121');
INSERT INTO `mydb`.`Contact` (`Contact_ID`, `Contact_FirstName`, `Contact_LastName`, `Contact_Address`, `Contact_Email`, `Contact_PhoneNumber`) VALUES (10020, 'Aloysia', 'Blaxland', '66 Lillian Plaza', 'aloysiablaxland@blaxland.com', '(514) 295-2142');
INSERT INTO `mydb`.`Contact` (`Contact_ID`, `Contact_FirstName`, `Contact_LastName`, `Contact_Address`, `Contact_Email`, `Contact_PhoneNumber`) VALUES (10021, 'Pava', 'Rotti', '6336 Waywood Avenue', 'pavarotti@rotti.com', '(514) 979-6570');
INSERT INTO `mydb`.`Contact` (`Contact_ID`, `Contact_FirstName`, `Contact_LastName`, `Contact_Address`, `Contact_Email`, `Contact_PhoneNumber`) VALUES (10022, 'Vicki', 'Martine', '30418 Bartelt Point', 'vickimartine@martine.com', '(514) 248-5169');
INSERT INTO `mydb`.`Contact` (`Contact_ID`, `Contact_FirstName`, `Contact_LastName`, `Contact_Address`, `Contact_Email`, `Contact_PhoneNumber`) VALUES (10023, 'Germaine', 'Jena', '07780 Melvin Drive', 'germainejena@jena.com', '(514) 140-2742');
INSERT INTO `mydb`.`Contact` (`Contact_ID`, `Contact_FirstName`, `Contact_LastName`, `Contact_Address`, `Contact_Email`, `Contact_PhoneNumber`) VALUES (10024, 'Robina', 'Canversi', '792 Lakewood Point', 'robinacanversi@canversi.com', '(514) 035-8717');
INSERT INTO `mydb`.`Contact` (`Contact_ID`, `Contact_FirstName`, `Contact_LastName`, `Contact_Address`, `Contact_Email`, `Contact_PhoneNumber`) VALUES (10025, 'Donny', 'Rowcliffe', '091 Artisan Trail', 'donnyrowcliffe@rowcliffe.com', '(514) 537-0287');
INSERT INTO `mydb`.`Contact` (`Contact_ID`, `Contact_FirstName`, `Contact_LastName`, `Contact_Address`, `Contact_Email`, `Contact_PhoneNumber`) VALUES (10026, 'Pia', 'Ochikawa', '49 Armistice Park', 'piaochikawa@ochikawa.com', '(514) 405-5543');
INSERT INTO `mydb`.`Contact` (`Contact_ID`, `Contact_FirstName`, `Contact_LastName`, `Contact_Address`, `Contact_Email`, `Contact_PhoneNumber`) VALUES (10027, 'Iseabal', 'Vanstone', '054 Del Sol Street', 'iseabalvanstone@vanstone.com', '(514) 908-5401');
INSERT INTO `mydb`.`Contact` (`Contact_ID`, `Contact_FirstName`, `Contact_LastName`, `Contact_Address`, `Contact_Email`, `Contact_PhoneNumber`) VALUES (10028, 'Brianne', 'Stroyan', '82 International Lane', 'briannestroyan@stroyan.com', '(514) 549-7141');
INSERT INTO `mydb`.`Contact` (`Contact_ID`, `Contact_FirstName`, `Contact_LastName`, `Contact_Address`, `Contact_Email`, `Contact_PhoneNumber`) VALUES (10029, 'Vlad', 'Luski', '3 Nevada Street', 'vladluski@luski.com', '(514) 797-2120');
INSERT INTO `mydb`.`Contact` (`Contact_ID`, `Contact_FirstName`, `Contact_LastName`, `Contact_Address`, `Contact_Email`, `Contact_PhoneNumber`) VALUES (10030, 'Dan', 'Lewis Day', '71312 Monica Park', 'danlewis day@lewis day.com', '(514) 394-0931');
INSERT INTO `mydb`.`Contact` (`Contact_ID`, `Contact_FirstName`, `Contact_LastName`, `Contact_Address`, `Contact_Email`, `Contact_PhoneNumber`) VALUES (10031, 'Nerissa', 'Scuse', '01 Hollow Ridge Way', 'nerissascuse@scuse.com', '(514) 033-3874');
INSERT INTO `mydb`.`Contact` (`Contact_ID`, `Contact_FirstName`, `Contact_LastName`, `Contact_Address`, `Contact_Email`, `Contact_PhoneNumber`) VALUES (10032, 'Gene', 'Balasin', '1175 Johnson Street', 'genebalasin@balasin.com', '(514) 541-4185');
INSERT INTO `mydb`.`Contact` (`Contact_ID`, `Contact_FirstName`, `Contact_LastName`, `Contact_Address`, `Contact_Email`, `Contact_PhoneNumber`) VALUES (10033, 'Drucill', 'Ramberg', '9 Rusk Trail', 'drucillramberg@ramberg.com', '(514) 178-9095');
INSERT INTO `mydb`.`Contact` (`Contact_ID`, `Contact_FirstName`, `Contact_LastName`, `Contact_Address`, `Contact_Email`, `Contact_PhoneNumber`) VALUES (10034, 'Constancia', 'Spatig', '23638 Old Shore Way', 'constanciaspatig@spatig.com', '(514) 768-4255');
INSERT INTO `mydb`.`Contact` (`Contact_ID`, `Contact_FirstName`, `Contact_LastName`, `Contact_Address`, `Contact_Email`, `Contact_PhoneNumber`) VALUES (10035, 'Morgun', 'Welden', '3113 6th Junction', 'morgunwelden@welden.com', '(514) 593-8421');
INSERT INTO `mydb`.`Contact` (`Contact_ID`, `Contact_FirstName`, `Contact_LastName`, `Contact_Address`, `Contact_Email`, `Contact_PhoneNumber`) VALUES (10036, 'Kendell', 'Burney', '72427 Judy Crossing', 'kendellburney@burney.com', '(514) 465-4620');
INSERT INTO `mydb`.`Contact` (`Contact_ID`, `Contact_FirstName`, `Contact_LastName`, `Contact_Address`, `Contact_Email`, `Contact_PhoneNumber`) VALUES (10037, 'Jody', 'Cheyney', '02 Farragut Terrace', 'jodycheyney@cheyney.com', '(514) 620-6791');
INSERT INTO `mydb`.`Contact` (`Contact_ID`, `Contact_FirstName`, `Contact_LastName`, `Contact_Address`, `Contact_Email`, `Contact_PhoneNumber`) VALUES (10038, 'Lyman', 'Corbet', '861 Sunfield Road', 'lymancorbet@corbet.com', '(514) 306-4570');
INSERT INTO `mydb`.`Contact` (`Contact_ID`, `Contact_FirstName`, `Contact_LastName`, `Contact_Address`, `Contact_Email`, `Contact_PhoneNumber`) VALUES (10039, 'Teressa', 'Barritt', '47981 Rowland Point', 'teressabarritt@barritt.com', '(514) 180-0448');
INSERT INTO `mydb`.`Contact` (`Contact_ID`, `Contact_FirstName`, `Contact_LastName`, `Contact_Address`, `Contact_Email`, `Contact_PhoneNumber`) VALUES (10040, 'Randee', 'Petschel', '1455 Express Lane', 'randeepetschel@petschel.com', '(514) 665-4282');
INSERT INTO `mydb`.`Contact` (`Contact_ID`, `Contact_FirstName`, `Contact_LastName`, `Contact_Address`, `Contact_Email`, `Contact_PhoneNumber`) VALUES (10041, 'Archaimbaud', 'Tilney', '8 Armistice Point', 'archaimbaudtilney@tilney.com', '(514) 197-9688');
INSERT INTO `mydb`.`Contact` (`Contact_ID`, `Contact_FirstName`, `Contact_LastName`, `Contact_Address`, `Contact_Email`, `Contact_PhoneNumber`) VALUES (10042, 'Lanita', 'Penk', '3478 Longview Road', 'lanitapenk@penk.com', '(514) 256-4896');
INSERT INTO `mydb`.`Contact` (`Contact_ID`, `Contact_FirstName`, `Contact_LastName`, `Contact_Address`, `Contact_Email`, `Contact_PhoneNumber`) VALUES (10043, 'Maddi', 'Tallowin', '3925 Summer Ridge Plaza', 'madditallowin@tallowin.com', '(514) 950-5146');
INSERT INTO `mydb`.`Contact` (`Contact_ID`, `Contact_FirstName`, `Contact_LastName`, `Contact_Address`, `Contact_Email`, `Contact_PhoneNumber`) VALUES (10044, 'Wendi', 'Glanvill', '939 Dayton Plaza', 'wendiglanvill@glanvill.com', '(514) 790-6464');
INSERT INTO `mydb`.`Contact` (`Contact_ID`, `Contact_FirstName`, `Contact_LastName`, `Contact_Address`, `Contact_Email`, `Contact_PhoneNumber`) VALUES (10045, 'Sharyl', 'Scneider', '27 Dwight Lane', 'sharylscneider@scneider.com', '(514) 334-0889');
INSERT INTO `mydb`.`Contact` (`Contact_ID`, `Contact_FirstName`, `Contact_LastName`, `Contact_Address`, `Contact_Email`, `Contact_PhoneNumber`) VALUES (10046, 'Zara', 'Mussalli', '2 Gale Court', 'zaramussalli@mussalli.com', '(514) 422-2335');
INSERT INTO `mydb`.`Contact` (`Contact_ID`, `Contact_FirstName`, `Contact_LastName`, `Contact_Address`, `Contact_Email`, `Contact_PhoneNumber`) VALUES (10047, 'Kelsy', 'Bofield', '1 American Ash Way', 'kelsybofield@bofield.com', '(514) 984-5995');
INSERT INTO `mydb`.`Contact` (`Contact_ID`, `Contact_FirstName`, `Contact_LastName`, `Contact_Address`, `Contact_Email`, `Contact_PhoneNumber`) VALUES (10048, 'Karmen', 'Sharnock', '825 Meadow Valley Point', 'karmensharnock@sharnock.com', '(514) 772-6310');
INSERT INTO `mydb`.`Contact` (`Contact_ID`, `Contact_FirstName`, `Contact_LastName`, `Contact_Address`, `Contact_Email`, `Contact_PhoneNumber`) VALUES (10049, 'Casper', 'Edworthie', '90892 Scofield Court', 'casperedworthie@edworthie.com', '(514) 230-2626');
INSERT INTO `mydb`.`Contact` (`Contact_ID`, `Contact_FirstName`, `Contact_LastName`, `Contact_Address`, `Contact_Email`, `Contact_PhoneNumber`) VALUES (10050, 'Niven', 'Broodes', '60541 Green Junction', 'nivenbroodes@broodes.com', '(514) 851-2436');
INSERT INTO `mydb`.`Contact` (`Contact_ID`, `Contact_FirstName`, `Contact_LastName`, `Contact_Address`, `Contact_Email`, `Contact_PhoneNumber`) VALUES (10051, 'Kip', 'Pratley', '8 Hoard Circle', 'kippratley@pratley.com', '(514) 538-9848');
INSERT INTO `mydb`.`Contact` (`Contact_ID`, `Contact_FirstName`, `Contact_LastName`, `Contact_Address`, `Contact_Email`, `Contact_PhoneNumber`) VALUES (10052, 'Trixi', 'Rathke', '595 Butternut Road', 'trixirathke@rathke.com', '(514) 905-3277');
INSERT INTO `mydb`.`Contact` (`Contact_ID`, `Contact_FirstName`, `Contact_LastName`, `Contact_Address`, `Contact_Email`, `Contact_PhoneNumber`) VALUES (10053, 'Vittorio', 'Giovannoni', '80 Rutledge Drive', 'vittoriogiovannoni@giovannoni.com', '(514) 465-7917');
INSERT INTO `mydb`.`Contact` (`Contact_ID`, `Contact_FirstName`, `Contact_LastName`, `Contact_Address`, `Contact_Email`, `Contact_PhoneNumber`) VALUES (10054, 'King', 'Wanjek', '4713 Southridge Center', 'kingwanjek@wanjek.com', '(514) 701-6690');
INSERT INTO `mydb`.`Contact` (`Contact_ID`, `Contact_FirstName`, `Contact_LastName`, `Contact_Address`, `Contact_Email`, `Contact_PhoneNumber`) VALUES (10055, 'Harriot', 'Stuart', '0 Carpenter Street', 'harriotstuart@stuart.com', '(514) 427-1923');
INSERT INTO `mydb`.`Client` (`Client_ID`, `Contact_ID`, `Client_Type`) VALUES (300001, 10021, 'Subscribed');
INSERT INTO `mydb`.`Client` (`Client_ID`, `Contact_ID`, `Client_Type`) VALUES (300002, 10022, 'Subscribed');
INSERT INTO `mydb`.`Client` (`Client_ID`, `Contact_ID`, `Client_Type`) VALUES (300003, 10023, 'Subscribed');
INSERT INTO `mydb`.`Client` (`Client_ID`, `Contact_ID`, `Client_Type`) VALUES (300004, 10024, 'Subscribed');
INSERT INTO `mydb`.`Client` (`Client_ID`, `Contact_ID`, `Client_Type`) VALUES (300005, 10025, 'Subscribed');
INSERT INTO `mydb`.`Client` (`Client_ID`, `Contact_ID`, `Client_Type`) VALUES (300006, 10026, 'Subscribed');
INSERT INTO `mydb`.`Client` (`Client_ID`, `Contact_ID`, `Client_Type`) VALUES (300007, 10027, 'Subscribed');
INSERT INTO `mydb`.`Client` (`Client_ID`, `Contact_ID`, `Client_Type`) VALUES (300008, 10028, 'Subscribed');
INSERT INTO `mydb`.`Client` (`Client_ID`, `Contact_ID`, `Client_Type`) VALUES (300009, 10029, 'Subscribed');
INSERT INTO `mydb`.`Client` (`Client_ID`, `Contact_ID`, `Client_Type`) VALUES (300010, 10030, 'Subscribed');
INSERT INTO `mydb`.`Client` (`Client_ID`, `Contact_ID`, `Client_Type`) VALUES (300011, 10031, 'Free');
INSERT INTO `mydb`.`Client` (`Client_ID`, `Contact_ID`, `Client_Type`) VALUES (300012, 10032, 'Free');
INSERT INTO `mydb`.`Client` (`Client_ID`, `Contact_ID`, `Client_Type`) VALUES (300013, 10033, 'Free');
INSERT INTO `mydb`.`Client` (`Client_ID`, `Contact_ID`, `Client_Type`) VALUES (300014, 10034, 'Free');
INSERT INTO `mydb`.`Client` (`Client_ID`, `Contact_ID`, `Client_Type`) VALUES (300015, 10035, 'Free');
INSERT INTO `mydb`.`Subscription` (`Subscription_ID`, `Subscription_StartDate`, `Subscription_MonthlyFee`, `Subscription_ReducedRate`, `Client_ID`) VALUES (80001, '2017-10-06', 16.50, 0.15, 300001);
INSERT INTO `mydb`.`Subscription` (`Subscription_ID`, `Subscription_StartDate`, `Subscription_MonthlyFee`, `Subscription_ReducedRate`, `Client_ID`) VALUES (80002, '2017-10-28', 16.50, 0.15, 300002);
INSERT INTO `mydb`.`Subscription` (`Subscription_ID`, `Subscription_StartDate`, `Subscription_MonthlyFee`, `Subscription_ReducedRate`, `Client_ID`) VALUES (80003, '2017-11-13', 16.50, 0.15, 300003);
INSERT INTO `mydb`.`Subscription` (`Subscription_ID`, `Subscription_StartDate`, `Subscription_MonthlyFee`, `Subscription_ReducedRate`, `Client_ID`) VALUES (80004, '2017-11-15', 16.50, 0.15, 300004);
INSERT INTO `mydb`.`Subscription` (`Subscription_ID`, `Subscription_StartDate`, `Subscription_MonthlyFee`, `Subscription_ReducedRate`, `Client_ID`) VALUES (80005, '2017-11-16', 16.50, 0.15, 300005);
INSERT INTO `mydb`.`Subscription` (`Subscription_ID`, `Subscription_StartDate`, `Subscription_MonthlyFee`, `Subscription_ReducedRate`, `Client_ID`) VALUES (80006, '2017-11-30', 17.00, 0.17, 300006);
INSERT INTO `mydb`.`Subscription` (`Subscription_ID`, `Subscription_StartDate`, `Subscription_MonthlyFee`, `Subscription_ReducedRate`, `Client_ID`) VALUES (80007, '2017-12-12', 18.25, 0.20, 300007);
INSERT INTO `mydb`.`Subscription` (`Subscription_ID`, `Subscription_StartDate`, `Subscription_MonthlyFee`, `Subscription_ReducedRate`, `Client_ID`) VALUES (80008, '2017-12-18', 15.50, 0.15, 300008);
INSERT INTO `mydb`.`Subscription` (`Subscription_ID`, `Subscription_StartDate`, `Subscription_MonthlyFee`, `Subscription_ReducedRate`, `Client_ID`) VALUES (80009, '2017-12-22', 15.50, 0.15, 300009);
INSERT INTO `mydb`.`Subscription` (`Subscription_ID`, `Subscription_StartDate`, `Subscription_MonthlyFee`, `Subscription_ReducedRate`, `Client_ID`) VALUES (80010, '2017-12-26', 16.50, 0.15, 300010);
INSERT INTO `mydb`.`Employee` (`Employee_ID`, `Contact_ID`, `Employee_Type`) VALUES (20001, 10001, 'Staff');
INSERT INTO `mydb`.`Employee` (`Employee_ID`, `Contact_ID`, `Employee_Type`) VALUES (20002, 10002, 'Staff');
INSERT INTO `mydb`.`Employee` (`Employee_ID`, `Contact_ID`, `Employee_Type`) VALUES (20003, 10003, 'Staff');
INSERT INTO `mydb`.`Employee` (`Employee_ID`, `Contact_ID`, `Employee_Type`) VALUES (20004, 10004, 'Staff');
INSERT INTO `mydb`.`Employee` (`Employee_ID`, `Contact_ID`, `Employee_Type`) VALUES (20005, 10005, 'Staff');
INSERT INTO `mydb`.`Employee` (`Employee_ID`, `Contact_ID`, `Employee_Type`) VALUES (20006, 10006, 'Staff');
INSERT INTO `mydb`.`Employee` (`Employee_ID`, `Contact_ID`, `Employee_Type`) VALUES (20007, 10007, 'Staff');
INSERT INTO `mydb`.`Employee` (`Employee_ID`, `Contact_ID`, `Employee_Type`) VALUES (20008, 10008, 'Staff');
INSERT INTO `mydb`.`Employee` (`Employee_ID`, `Contact_ID`, `Employee_Type`) VALUES (20009, 10009, 'Staff');
INSERT INTO `mydb`.`Employee` (`Employee_ID`, `Contact_ID`, `Employee_Type`) VALUES (20010, 10010, 'Staff');
INSERT INTO `mydb`.`Employee` (`Employee_ID`, `Contact_ID`, `Employee_Type`) VALUES (20011, 10011, 'Entrepreneur');
INSERT INTO `mydb`.`Employee` (`Employee_ID`, `Contact_ID`, `Employee_Type`) VALUES (20012, 10012, 'Entrepreneur');
INSERT INTO `mydb`.`Employee` (`Employee_ID`, `Contact_ID`, `Employee_Type`) VALUES (20013, 10013, 'Entrepreneur');
INSERT INTO `mydb`.`Employee` (`Employee_ID`, `Contact_ID`, `Employee_Type`) VALUES (20014, 10014, 'Entrepreneur');
INSERT INTO `mydb`.`Employee` (`Employee_ID`, `Contact_ID`, `Employee_Type`) VALUES (20015, 10015, 'Entrepreneur');
INSERT INTO `mydb`.`Employee` (`Employee_ID`, `Contact_ID`, `Employee_Type`) VALUES (20016, 10016, 'Entrepreneur');
INSERT INTO `mydb`.`Employee` (`Employee_ID`, `Contact_ID`, `Employee_Type`) VALUES (20017, 10017, 'Entrepreneur');
INSERT INTO `mydb`.`Employee` (`Employee_ID`, `Contact_ID`, `Employee_Type`) VALUES (20018, 10018, 'Entrepreneur');
INSERT INTO `mydb`.`Employee` (`Employee_ID`, `Contact_ID`, `Employee_Type`) VALUES (20019, 10019, 'Entrepreneur');
INSERT INTO `mydb`.`Employee` (`Employee_ID`, `Contact_ID`, `Employee_Type`) VALUES (20020, 10020, 'Entrepreneur');
INSERT INTO `mydb`.`Employee` (`Employee_ID`, `Contact_ID`, `Employee_Type`) VALUES (20021, 10036, 'Entrepreneur');
INSERT INTO `mydb`.`Employee` (`Employee_ID`, `Contact_ID`, `Employee_Type`) VALUES (20022, 10037, 'Entrepreneur');
INSERT INTO `mydb`.`Employee` (`Employee_ID`, `Contact_ID`, `Employee_Type`) VALUES (20023, 10038, 'Entrepreneur');
INSERT INTO `mydb`.`Employee` (`Employee_ID`, `Contact_ID`, `Employee_Type`) VALUES (20024, 10039, 'Entrepreneur');
INSERT INTO `mydb`.`Employee` (`Employee_ID`, `Contact_ID`, `Employee_Type`) VALUES (20025, 10040, 'Entrepreneur');
INSERT INTO `mydb`.`Employee` (`Employee_ID`, `Contact_ID`, `Employee_Type`) VALUES (20026, 10041, 'Entrepreneur');
INSERT INTO `mydb`.`Employee` (`Employee_ID`, `Contact_ID`, `Employee_Type`) VALUES (20027, 10042, 'Entrepreneur');
INSERT INTO `mydb`.`Employee` (`Employee_ID`, `Contact_ID`, `Employee_Type`) VALUES (20028, 10043, 'Entrepreneur');
INSERT INTO `mydb`.`Employee` (`Employee_ID`, `Contact_ID`, `Employee_Type`) VALUES (20029, 10044, 'Entrepreneur');
INSERT INTO `mydb`.`Employee` (`Employee_ID`, `Contact_ID`, `Employee_Type`) VALUES (20030, 10045, 'Entrepreneur');
INSERT INTO `mydb`.`Employee` (`Employee_ID`, `Contact_ID`, `Employee_Type`) VALUES (20031, 10046, 'Entrepreneur');
INSERT INTO `mydb`.`Employee` (`Employee_ID`, `Contact_ID`, `Employee_Type`) VALUES (20032, 10047, 'Entrepreneur');
INSERT INTO `mydb`.`Employee` (`Employee_ID`, `Contact_ID`, `Employee_Type`) VALUES (20033, 10048, 'Entrepreneur');
INSERT INTO `mydb`.`Employee` (`Employee_ID`, `Contact_ID`, `Employee_Type`) VALUES (20034, 10049, 'Entrepreneur');
INSERT INTO `mydb`.`Employee` (`Employee_ID`, `Contact_ID`, `Employee_Type`) VALUES (20035, 10050, 'Entrepreneur');
INSERT INTO `mydb`.`Employee` (`Employee_ID`, `Contact_ID`, `Employee_Type`) VALUES (20036, 10051, 'Entrepreneur');
INSERT INTO `mydb`.`Employee` (`Employee_ID`, `Contact_ID`, `Employee_Type`) VALUES (20037, 10052, 'Entrepreneur');
INSERT INTO `mydb`.`Employee` (`Employee_ID`, `Contact_ID`, `Employee_Type`) VALUES (20038, 10053, 'Entrepreneur');
INSERT INTO `mydb`.`Employee` (`Employee_ID`, `Contact_ID`, `Employee_Type`) VALUES (20039, 10054, 'Entrepreneur');
INSERT INTO `mydb`.`Employee` (`Employee_ID`, `Contact_ID`, `Employee_Type`) VALUES (20040, 10055, 'Entrepreneur');
INSERT INTO `mydb`.`Staff` (`Employee_ID`, `Staff_HireDate`, `Staff_Position`, `Staff_Salary_per_month`) VALUES (20001, '2017-01-15', 'Manager', 15250);
INSERT INTO `mydb`.`Staff` (`Employee_ID`, `Staff_HireDate`, `Staff_Position`, `Staff_Salary_per_month`) VALUES (20002, '2017-01-20', 'Assistant Manager', 9950);
INSERT INTO `mydb`.`Staff` (`Employee_ID`, `Staff_HireDate`, `Staff_Position`, `Staff_Salary_per_month`) VALUES (20003, '2017-01-24', 'Senior Vice Janitor', 7460);
INSERT INTO `mydb`.`Staff` (`Employee_ID`, `Staff_HireDate`, `Staff_Position`, `Staff_Salary_per_month`) VALUES (20004, '2017-02-06', 'Guard', 6830);
INSERT INTO `mydb`.`Staff` (`Employee_ID`, `Staff_HireDate`, `Staff_Position`, `Staff_Salary_per_month`) VALUES (20005, '2017-02-09', 'Head Janitor', 5620);
INSERT INTO `mydb`.`Staff` (`Employee_ID`, `Staff_HireDate`, `Staff_Position`, `Staff_Salary_per_month`) VALUES (20006, '2017-03-25', 'Lobby Clerk', 5000);
INSERT INTO `mydb`.`Staff` (`Employee_ID`, `Staff_HireDate`, `Staff_Position`, `Staff_Salary_per_month`) VALUES (20007, '2017-05-07', 'Secretary', 4830);
INSERT INTO `mydb`.`Staff` (`Employee_ID`, `Staff_HireDate`, `Staff_Position`, `Staff_Salary_per_month`) VALUES (20008, '2017-05-15', 'Assistant Janitor', 4730);
INSERT INTO `mydb`.`Staff` (`Employee_ID`, `Staff_HireDate`, `Staff_Position`, `Staff_Salary_per_month`) VALUES (20009, '2017-05-24', 'Junior Assistant Janitor', 2202);
INSERT INTO `mydb`.`Staff` (`Employee_ID`, `Staff_HireDate`, `Staff_Position`, `Staff_Salary_per_month`) VALUES (20010, '2017-05-29', 'Part Time Night Shift Janitor', 996);
INSERT INTO `mydb`.`Entrepreneur` (`Employee_ID`, `Company_ID`, `Entrepreneur_JoinDate`, `Entrepreneur_Type`) VALUES (20011, 25001, '2017-01-01', 'Massage Therapist');
INSERT INTO `mydb`.`Entrepreneur` (`Employee_ID`, `Company_ID`, `Entrepreneur_JoinDate`, `Entrepreneur_Type`) VALUES (20012, 25002, '2017-01-02', 'Massage Therapist');
INSERT INTO `mydb`.`Entrepreneur` (`Employee_ID`, `Company_ID`, `Entrepreneur_JoinDate`, `Entrepreneur_Type`) VALUES (20013, 25003, '2017-01-03', 'Massage Therapist');
INSERT INTO `mydb`.`Entrepreneur` (`Employee_ID`, `Company_ID`, `Entrepreneur_JoinDate`, `Entrepreneur_Type`) VALUES (20014, 25004, '2017-01-04', 'Dentist');
INSERT INTO `mydb`.`Entrepreneur` (`Employee_ID`, `Company_ID`, `Entrepreneur_JoinDate`, `Entrepreneur_Type`) VALUES (20015, 25005, '2017-01-05', 'Dentist');
INSERT INTO `mydb`.`Entrepreneur` (`Employee_ID`, `Company_ID`, `Entrepreneur_JoinDate`, `Entrepreneur_Type`) VALUES (20016, 25006, '2017-01-06', 'Dentist');
INSERT INTO `mydb`.`Entrepreneur` (`Employee_ID`, `Company_ID`, `Entrepreneur_JoinDate`, `Entrepreneur_Type`) VALUES (20017, 25007, '2017-01-07', 'Physiotherapist');
INSERT INTO `mydb`.`Entrepreneur` (`Employee_ID`, `Company_ID`, `Entrepreneur_JoinDate`, `Entrepreneur_Type`) VALUES (20018, 25008, '2017-01-08', 'Physiotherapist');
INSERT INTO `mydb`.`Entrepreneur` (`Employee_ID`, `Company_ID`, `Entrepreneur_JoinDate`, `Entrepreneur_Type`) VALUES (20019, 25009, '2017-01-09', 'Physiotherapist');
INSERT INTO `mydb`.`Entrepreneur` (`Employee_ID`, `Company_ID`, `Entrepreneur_JoinDate`, `Entrepreneur_Type`) VALUES (20020, 25010, '2017-01-10', 'Massage Therapist');
INSERT INTO `mydb`.`Entrepreneur` (`Employee_ID`, `Company_ID`, `Entrepreneur_JoinDate`, `Entrepreneur_Type`) VALUES (20021, 25011, '2017-01-11', 'Dentist');
INSERT INTO `mydb`.`Entrepreneur` (`Employee_ID`, `Company_ID`, `Entrepreneur_JoinDate`, `Entrepreneur_Type`) VALUES (20022, 25012, '2017-01-12', 'Dentist');
INSERT INTO `mydb`.`Entrepreneur` (`Employee_ID`, `Company_ID`, `Entrepreneur_JoinDate`, `Entrepreneur_Type`) VALUES (20023, 25013, '2017-01-13', 'Dentist');
INSERT INTO `mydb`.`Entrepreneur` (`Employee_ID`, `Company_ID`, `Entrepreneur_JoinDate`, `Entrepreneur_Type`) VALUES (20024, 25014, '2017-01-14', 'Dentist');
INSERT INTO `mydb`.`Entrepreneur` (`Employee_ID`, `Company_ID`, `Entrepreneur_JoinDate`, `Entrepreneur_Type`) VALUES (20025, 25015, '2017-01-15', 'Dentist');
INSERT INTO `mydb`.`Entrepreneur` (`Employee_ID`, `Company_ID`, `Entrepreneur_JoinDate`, `Entrepreneur_Type`) VALUES (20026, 25016, '2017-01-16', 'Dentist');
INSERT INTO `mydb`.`Entrepreneur` (`Employee_ID`, `Company_ID`, `Entrepreneur_JoinDate`, `Entrepreneur_Type`) VALUES (20027, 25017, '2017-01-17', 'Dentist');
INSERT INTO `mydb`.`Entrepreneur` (`Employee_ID`, `Company_ID`, `Entrepreneur_JoinDate`, `Entrepreneur_Type`) VALUES (20028, 25018, '2017-01-18', 'Massage Therapist');
INSERT INTO `mydb`.`Entrepreneur` (`Employee_ID`, `Company_ID`, `Entrepreneur_JoinDate`, `Entrepreneur_Type`) VALUES (20029, 25019, '2017-01-19', 'Massage Therapist');
INSERT INTO `mydb`.`Entrepreneur` (`Employee_ID`, `Company_ID`, `Entrepreneur_JoinDate`, `Entrepreneur_Type`) VALUES (20030, 25020, '2017-01-19', 'Massage Therapist');
INSERT INTO `mydb`.`Entrepreneur` (`Employee_ID`, `Company_ID`, `Entrepreneur_JoinDate`, `Entrepreneur_Type`) VALUES (20031, 25021, '2017-01-20', 'Massage Therapist');
INSERT INTO `mydb`.`Entrepreneur` (`Employee_ID`, `Company_ID`, `Entrepreneur_JoinDate`, `Entrepreneur_Type`) VALUES (20032, 25022, '2017-01-22', 'Massage Therapist');
INSERT INTO `mydb`.`Entrepreneur` (`Employee_ID`, `Company_ID`, `Entrepreneur_JoinDate`, `Entrepreneur_Type`) VALUES (20033, 25023, '2017-01-25', 'Massage Therapist');
INSERT INTO `mydb`.`Entrepreneur` (`Employee_ID`, `Company_ID`, `Entrepreneur_JoinDate`, `Entrepreneur_Type`) VALUES (20034, 25024, '2017-01-25', 'Physiotherapist');
INSERT INTO `mydb`.`Entrepreneur` (`Employee_ID`, `Company_ID`, `Entrepreneur_JoinDate`, `Entrepreneur_Type`) VALUES (20035, 25025, '2017-01-26', 'Physiotherapist');
INSERT INTO `mydb`.`Entrepreneur` (`Employee_ID`, `Company_ID`, `Entrepreneur_JoinDate`, `Entrepreneur_Type`) VALUES (20036, 25026, '2017-01-26', 'Physiotherapist');
INSERT INTO `mydb`.`Entrepreneur` (`Employee_ID`, `Company_ID`, `Entrepreneur_JoinDate`, `Entrepreneur_Type`) VALUES (20037, 25027, '2017-01-27', 'Physiotherapist');
INSERT INTO `mydb`.`Entrepreneur` (`Employee_ID`, `Company_ID`, `Entrepreneur_JoinDate`, `Entrepreneur_Type`) VALUES (20038, 25028, '2017-01-28', 'Physiotherapist');
INSERT INTO `mydb`.`Entrepreneur` (`Employee_ID`, `Company_ID`, `Entrepreneur_JoinDate`, `Entrepreneur_Type`) VALUES (20039, 25029, '2017-01-28', 'Physiotherapist');
INSERT INTO `mydb`.`Entrepreneur` (`Employee_ID`, `Company_ID`, `Entrepreneur_JoinDate`, `Entrepreneur_Type`) VALUES (20040, 25030, '2017-01-28', 'Physiotherapist');
INSERT INTO `mydb`.`Private Company` (`Company_ID`, `Company_Name`, `Company_PhoneNumber`, `Company_CommisionRate`, `Company_CommunityRating`) VALUES (25001, 'Kazio', '(514) 369-5094', 0.31, 30);
INSERT INTO `mydb`.`Private Company` (`Company_ID`, `Company_Name`, `Company_PhoneNumber`, `Company_CommisionRate`, `Company_CommunityRating`) VALUES (25002, 'Blogpad', '(514) 873-1642', 0.42, 45);
INSERT INTO `mydb`.`Private Company` (`Company_ID`, `Company_Name`, `Company_PhoneNumber`, `Company_CommisionRate`, `Company_CommunityRating`) VALUES (25003, 'Vitz', '(514) 462-8208', 0.34, 21);
INSERT INTO `mydb`.`Private Company` (`Company_ID`, `Company_Name`, `Company_PhoneNumber`, `Company_CommisionRate`, `Company_CommunityRating`) VALUES (25004, 'Cogibox', '(514) 395-8530', 0.33, 22);
INSERT INTO `mydb`.`Private Company` (`Company_ID`, `Company_Name`, `Company_PhoneNumber`, `Company_CommisionRate`, `Company_CommunityRating`) VALUES (25005, 'Wordware', '(514) 871-3074', 0.23, 50);
INSERT INTO `mydb`.`Private Company` (`Company_ID`, `Company_Name`, `Company_PhoneNumber`, `Company_CommisionRate`, `Company_CommunityRating`) VALUES (25006, 'Leenti', '(514) 668-8161', 0.44, 2);
INSERT INTO `mydb`.`Private Company` (`Company_ID`, `Company_Name`, `Company_PhoneNumber`, `Company_CommisionRate`, `Company_CommunityRating`) VALUES (25007, 'Katz', '(514) 853-6416', 0.46, 23);
INSERT INTO `mydb`.`Private Company` (`Company_ID`, `Company_Name`, `Company_PhoneNumber`, `Company_CommisionRate`, `Company_CommunityRating`) VALUES (25008, 'Livepath', '(514) 131-0293', 0.42, 99);
INSERT INTO `mydb`.`Private Company` (`Company_ID`, `Company_Name`, `Company_PhoneNumber`, `Company_CommisionRate`, `Company_CommunityRating`) VALUES (25009, 'Flipstorm', '(514) 603-4695', 0.21, 33);
INSERT INTO `mydb`.`Private Company` (`Company_ID`, `Company_Name`, `Company_PhoneNumber`, `Company_CommisionRate`, `Company_CommunityRating`) VALUES (25010, 'Skippad', '(514) 710-3927', 0.56, 72);
INSERT INTO `mydb`.`Private Company` (`Company_ID`, `Company_Name`, `Company_PhoneNumber`, `Company_CommisionRate`, `Company_CommunityRating`) VALUES (25011, 'KazZy', '(514) 569-8176', 0.26, 83);
INSERT INTO `mydb`.`Private Company` (`Company_ID`, `Company_Name`, `Company_PhoneNumber`, `Company_CommisionRate`, `Company_CommunityRating`) VALUES (25012, 'Skaboo', '(514) 228-9643', 0.42, 62);
INSERT INTO `mydb`.`Private Company` (`Company_ID`, `Company_Name`, `Company_PhoneNumber`, `Company_CommisionRate`, `Company_CommunityRating`) VALUES (25013, 'Edgeify', '(514) 741-9091', 0.53, 44);
INSERT INTO `mydb`.`Private Company` (`Company_ID`, `Company_Name`, `Company_PhoneNumber`, `Company_CommisionRate`, `Company_CommunityRating`) VALUES (25014, 'Quinu', '(514) 725-8738', 0.28, 92);
INSERT INTO `mydb`.`Private Company` (`Company_ID`, `Company_Name`, `Company_PhoneNumber`, `Company_CommisionRate`, `Company_CommunityRating`) VALUES (25015, 'Meejo', '(514) 508-9195', 0.72, 12);
INSERT INTO `mydb`.`Private Company` (`Company_ID`, `Company_Name`, `Company_PhoneNumber`, `Company_CommisionRate`, `Company_CommunityRating`) VALUES (25016, 'Divavu', '(514) 256-9567', 0.22, 38);
INSERT INTO `mydb`.`Private Company` (`Company_ID`, `Company_Name`, `Company_PhoneNumber`, `Company_CommisionRate`, `Company_CommunityRating`) VALUES (25017, 'Skynoodle', '(514) 841-3320', 0.21, 97);
INSERT INTO `mydb`.`Private Company` (`Company_ID`, `Company_Name`, `Company_PhoneNumber`, `Company_CommisionRate`, `Company_CommunityRating`) VALUES (25018, 'Youspan', '(514) 094-7061', 0.09, 22);
INSERT INTO `mydb`.`Private Company` (`Company_ID`, `Company_Name`, `Company_PhoneNumber`, `Company_CommisionRate`, `Company_CommunityRating`) VALUES (25019, 'Edgeify', '(514) 439-7343', 0.19, 85);
INSERT INTO `mydb`.`Private Company` (`Company_ID`, `Company_Name`, `Company_PhoneNumber`, `Company_CommisionRate`, `Company_CommunityRating`) VALUES (25020, 'Wikizz', '(514) 873-4060', 0.39, 29);
INSERT INTO `mydb`.`Private Company` (`Company_ID`, `Company_Name`, `Company_PhoneNumber`, `Company_CommisionRate`, `Company_CommunityRating`) VALUES (25021, 'Mynte', '(514) 884-1916', 0.11, 43);
INSERT INTO `mydb`.`Private Company` (`Company_ID`, `Company_Name`, `Company_PhoneNumber`, `Company_CommisionRate`, `Company_CommunityRating`) VALUES (25022, 'Wikizz', '(514) 418-6000', 0.41, 1);
INSERT INTO `mydb`.`Private Company` (`Company_ID`, `Company_Name`, `Company_PhoneNumber`, `Company_CommisionRate`, `Company_CommunityRating`) VALUES (25023, 'Kaymbo', '(514) 801-7478', 0.04, 1);
INSERT INTO `mydb`.`Private Company` (`Company_ID`, `Company_Name`, `Company_PhoneNumber`, `Company_CommisionRate`, `Company_CommunityRating`) VALUES (25024, 'Jetpulse', '(514) 708-0373', 0.28, 5);
INSERT INTO `mydb`.`Private Company` (`Company_ID`, `Company_Name`, `Company_PhoneNumber`, `Company_CommisionRate`, `Company_CommunityRating`) VALUES (25025, 'Meezzy', '(514) 391-6061', 0.2, 60);
INSERT INTO `mydb`.`Private Company` (`Company_ID`, `Company_Name`, `Company_PhoneNumber`, `Company_CommisionRate`, `Company_CommunityRating`) VALUES (25026, 'Dynabox', '(514) 634-1815', 0.4, 86);
INSERT INTO `mydb`.`Private Company` (`Company_ID`, `Company_Name`, `Company_PhoneNumber`, `Company_CommisionRate`, `Company_CommunityRating`) VALUES (25027, 'Topicshots', '(514) 101-1384', 0.2, 66);
INSERT INTO `mydb`.`Private Company` (`Company_ID`, `Company_Name`, `Company_PhoneNumber`, `Company_CommisionRate`, `Company_CommunityRating`) VALUES (25028, 'Linktype', '(514) 514-2310', 0.33, 56);
INSERT INTO `mydb`.`Private Company` (`Company_ID`, `Company_Name`, `Company_PhoneNumber`, `Company_CommisionRate`, `Company_CommunityRating`) VALUES (25029, 'Kanoodle', '(514) 366-5319', 0.18, 89);
INSERT INTO `mydb`.`Private Company` (`Company_ID`, `Company_Name`, `Company_PhoneNumber`, `Company_CommisionRate`, `Company_CommunityRating`) VALUES (25030, 'Demimbu', '(514) 349-1011', 0.9, 21);
INSERT INTO `mydb`.`Certification` (`Certification_ID`, `Certification_Type`, `Certfication_Issuer`) VALUES (27501, 'Registered Massage Therapist RMT', 'College of Massage Therapists');
INSERT INTO `mydb`.`Certification` (`Certification_ID`, `Certification_Type`, `Certfication_Issuer`) VALUES (27502, 'Certified Massage Practitioner', 'Massotherapie Quebec');
INSERT INTO `mydb`.`Certification` (`Certification_ID`, `Certification_Type`, `Certfication_Issuer`) VALUES (27503, 'Certified Massage Therapist', 'Royal Canadian College of Massage Therapy');
INSERT INTO `mydb`.`Certification` (`Certification_ID`, `Certification_Type`, `Certfication_Issuer`) VALUES (27504, 'Board of Certified Dentists', 'Canadian Dental Association');
INSERT INTO `mydb`.`Certification` (`Certification_ID`, `Certification_Type`, `Certfication_Issuer`) VALUES (27505, 'Dental Board Certification', 'College of Dental Surgeons of BC');
INSERT INTO `mydb`.`Certification` (`Certification_ID`, `Certification_Type`, `Certfication_Issuer`) VALUES (27506, 'General Board Certification and Licensure', 'Alberta Dental Association');
INSERT INTO `mydb`.`Certification` (`Certification_ID`, `Certification_Type`, `Certfication_Issuer`) VALUES (27507, 'Certified Physiotherapist', 'Canadian Physiotherapy Association');
INSERT INTO `mydb`.`Certification` (`Certification_ID`, `Certification_Type`, `Certfication_Issuer`) VALUES (27508, 'The Standard for Exceptional Care', 'Canadian Academy of Manipulative Physiotherapy');
INSERT INTO `mydb`.`Certification` (`Certification_ID`, `Certification_Type`, `Certfication_Issuer`) VALUES (27509, 'Certified Hand Therapist', 'Physiotherapy Association of British Columbia');
INSERT INTO `mydb`.`Certification` (`Certification_ID`, `Certification_Type`, `Certfication_Issuer`) VALUES (27510, 'Massage Therapy License', 'Massotherapy Association of Laval');
INSERT INTO `mydb`.`Massage Therapist` (`Employee_ID`, `Certification_ID`, `MessageTherapist_CertifiedMTNumber`) VALUES (20011, 27501, 3630326);
INSERT INTO `mydb`.`Massage Therapist` (`Employee_ID`, `Certification_ID`, `MessageTherapist_CertifiedMTNumber`) VALUES (20012, 27502, 7309400);
INSERT INTO `mydb`.`Massage Therapist` (`Employee_ID`, `Certification_ID`, `MessageTherapist_CertifiedMTNumber`) VALUES (20013, 27503, 8072654);
INSERT INTO `mydb`.`Massage Therapist` (`Employee_ID`, `Certification_ID`, `MessageTherapist_CertifiedMTNumber`) VALUES (20020, 27510, 4776038);
INSERT INTO `mydb`.`Massage Therapist` (`Employee_ID`, `Certification_ID`, `MessageTherapist_CertifiedMTNumber`) VALUES (20028, 27501, 6623741);
INSERT INTO `mydb`.`Massage Therapist` (`Employee_ID`, `Certification_ID`, `MessageTherapist_CertifiedMTNumber`) VALUES (20029, 27502, 3449832);
INSERT INTO `mydb`.`Massage Therapist` (`Employee_ID`, `Certification_ID`, `MessageTherapist_CertifiedMTNumber`) VALUES (20030, 27503, 1467604);
INSERT INTO `mydb`.`Massage Therapist` (`Employee_ID`, `Certification_ID`, `MessageTherapist_CertifiedMTNumber`) VALUES (20031, 27510, 3649622);
INSERT INTO `mydb`.`Massage Therapist` (`Employee_ID`, `Certification_ID`, `MessageTherapist_CertifiedMTNumber`) VALUES (20032, 27501, 1179025);
INSERT INTO `mydb`.`Massage Therapist` (`Employee_ID`, `Certification_ID`, `MessageTherapist_CertifiedMTNumber`) VALUES (20033, 27502, 8547493);
INSERT INTO `mydb`.`Dentist` (`Employee_ID`, `Certification_ID`, `Dentist_BCDNumber`, `Dentist_UniversityDegree`, `Dentist_DegreeDate`) VALUES (20014, 27504, 42176406, 'Doctor of Dental Surgery (DDS)', '2013-04-05');
INSERT INTO `mydb`.`Dentist` (`Employee_ID`, `Certification_ID`, `Dentist_BCDNumber`, `Dentist_UniversityDegree`, `Dentist_DegreeDate`) VALUES (20015, 27505, 84168216, 'Doctor of Dental Medicine (DMD)', '2010-01-04');
INSERT INTO `mydb`.`Dentist` (`Employee_ID`, `Certification_ID`, `Dentist_BCDNumber`, `Dentist_UniversityDegree`, `Dentist_DegreeDate`) VALUES (20016, 27506, 30763603, 'Bachelor of Dental Surgery (BDS)', '2011-02-24');
INSERT INTO `mydb`.`Dentist` (`Employee_ID`, `Certification_ID`, `Dentist_BCDNumber`, `Dentist_UniversityDegree`, `Dentist_DegreeDate`) VALUES (20021, 27504, 51899459, 'Bachelor of Dentistry (BDent)', '2014-09-21');
INSERT INTO `mydb`.`Dentist` (`Employee_ID`, `Certification_ID`, `Dentist_BCDNumber`, `Dentist_UniversityDegree`, `Dentist_DegreeDate`) VALUES (20022, 27505, 65639072, 'Doctor of Dental Surgery (DDS)', '2012-08-23');
INSERT INTO `mydb`.`Dentist` (`Employee_ID`, `Certification_ID`, `Dentist_BCDNumber`, `Dentist_UniversityDegree`, `Dentist_DegreeDate`) VALUES (20023, 27506, 83581025, 'Doctor of Dental Medicine (DMD)', '2011-07-13');
INSERT INTO `mydb`.`Dentist` (`Employee_ID`, `Certification_ID`, `Dentist_BCDNumber`, `Dentist_UniversityDegree`, `Dentist_DegreeDate`) VALUES (20024, 27504, 29738439, 'Bachelor of Dental Surgery (BDS)', '2013-06-12');
INSERT INTO `mydb`.`Dentist` (`Employee_ID`, `Certification_ID`, `Dentist_BCDNumber`, `Dentist_UniversityDegree`, `Dentist_DegreeDate`) VALUES (20025, 27505, 75028765, 'Bachelor of Dentistry (BDent)', '2014-05-04');
INSERT INTO `mydb`.`Dentist` (`Employee_ID`, `Certification_ID`, `Dentist_BCDNumber`, `Dentist_UniversityDegree`, `Dentist_DegreeDate`) VALUES (20026, 27506, 24852811, 'Doctor of Dental Surgery (DDS)', '2010-04-01');
INSERT INTO `mydb`.`Dentist` (`Employee_ID`, `Certification_ID`, `Dentist_BCDNumber`, `Dentist_UniversityDegree`, `Dentist_DegreeDate`) VALUES (20027, 27504, 17583027, 'Doctor of Dental Medicine (DMD)', '2011-04-23');
INSERT INTO `mydb`.`Physiotherapist` (`Employee_ID`, `Certification_ID`, `Physiotherapist_CPNumber`) VALUES (20019, 27509, 58415707);
INSERT INTO `mydb`.`Physiotherapist` (`Employee_ID`, `Certification_ID`, `Physiotherapist_CPNumber`) VALUES (20017, 27507, 13964072);
INSERT INTO `mydb`.`Physiotherapist` (`Employee_ID`, `Certification_ID`, `Physiotherapist_CPNumber`) VALUES (20018, 27508, 40723765);
INSERT INTO `mydb`.`Physiotherapist` (`Employee_ID`, `Certification_ID`, `Physiotherapist_CPNumber`) VALUES (20034, 27509, 58668341);
INSERT INTO `mydb`.`Physiotherapist` (`Employee_ID`, `Certification_ID`, `Physiotherapist_CPNumber`) VALUES (20035, 27507, 97179312);
INSERT INTO `mydb`.`Physiotherapist` (`Employee_ID`, `Certification_ID`, `Physiotherapist_CPNumber`) VALUES (20036, 27508, 84303998);
INSERT INTO `mydb`.`Physiotherapist` (`Employee_ID`, `Certification_ID`, `Physiotherapist_CPNumber`) VALUES (20037, 27509, 29751361);
INSERT INTO `mydb`.`Physiotherapist` (`Employee_ID`, `Certification_ID`, `Physiotherapist_CPNumber`) VALUES (20038, 27507, 95126495);
INSERT INTO `mydb`.`Physiotherapist` (`Employee_ID`, `Certification_ID`, `Physiotherapist_CPNumber`) VALUES (20039, 27508, 53135927);
INSERT INTO `mydb`.`Physiotherapist` (`Employee_ID`, `Certification_ID`, `Physiotherapist_CPNumber`) VALUES (20040, 27509, 33373546);
INSERT INTO `mydb`.`Equipment` (`Equipment_ID`, `Equipment_Name`, `Equipment_PurchaseDate`, `Equipment_Size`, `Equipment_Description`, `Equipment_Cost`, `Equipment_Type`) VALUES (100001, 'RiseDale Ottoman', '2016/03/22', 'Large', 'Matching Storage Ottoman', 122.59, 'General Equipment');
INSERT INTO `mydb`.`Equipment` (`Equipment_ID`, `Equipment_Name`, `Equipment_PurchaseDate`, `Equipment_Size`, `Equipment_Description`, `Equipment_Cost`, `Equipment_Type`) VALUES (100002, 'White Smellies', '2016/04/03', 'Small', 'Comfort Towel', 132.78, 'General Equipment');
INSERT INTO `mydb`.`Equipment` (`Equipment_ID`, `Equipment_Name`, `Equipment_PurchaseDate`, `Equipment_Size`, `Equipment_Description`, `Equipment_Cost`, `Equipment_Type`) VALUES (100003, 'Donnelly-Kuhn Lab Cap', '2016/04/06', 'Medium', 'Latex-Free Bouffant Cap', 130.02, 'General Equipment');
INSERT INTO `mydb`.`Equipment` (`Equipment_ID`, `Equipment_Name`, `Equipment_PurchaseDate`, `Equipment_Size`, `Equipment_Description`, `Equipment_Cost`, `Equipment_Type`) VALUES (100004, 'Smithshoobies', '2016/04/12', 'XL', 'Shoe Cover', 135.12, 'General Equipment');
INSERT INTO `mydb`.`Equipment` (`Equipment_ID`, `Equipment_Name`, `Equipment_PurchaseDate`, `Equipment_Size`, `Equipment_Description`, `Equipment_Cost`, `Equipment_Type`) VALUES (100005, 'Mckesson Jackets', '2016/04/20', 'XXL', 'Lab Jackets', 127.73, 'General Equipment');
INSERT INTO `mydb`.`Equipment` (`Equipment_ID`, `Equipment_Name`, `Equipment_PurchaseDate`, `Equipment_Size`, `Equipment_Description`, `Equipment_Cost`, `Equipment_Type`) VALUES (100006, 'Wolf Mister Coat', '2016/05/01', 'XXXL', 'Professional Coat', 120.97, 'General Equipment');
INSERT INTO `mydb`.`Equipment` (`Equipment_ID`, `Equipment_Name`, `Equipment_PurchaseDate`, `Equipment_Size`, `Equipment_Description`, `Equipment_Cost`, `Equipment_Type`) VALUES (100007, 'Chairside Over Table by Drive', '2016/05/09', 'UltraXL ', 'Side Chair Table', 137.68, 'General Equipment');
INSERT INTO `mydb`.`Equipment` (`Equipment_ID`, `Equipment_Name`, `Equipment_PurchaseDate`, `Equipment_Size`, `Equipment_Description`, `Equipment_Cost`, `Equipment_Type`) VALUES (100008, 'Assist-A-Tray', '2016/05/26', 'Small', 'Recliner Table', 131.09, 'General Equipment');
INSERT INTO `mydb`.`Equipment` (`Equipment_ID`, `Equipment_Name`, `Equipment_PurchaseDate`, `Equipment_Size`, `Equipment_Description`, `Equipment_Cost`, `Equipment_Type`) VALUES (100009, 'Aquarest Spa', '2016/06/08', 'Small', 'Therapeutic Spa', 126.79, 'Physiotherapeutic Equipment');
INSERT INTO `mydb`.`Equipment` (`Equipment_ID`, `Equipment_Name`, `Equipment_PurchaseDate`, `Equipment_Size`, `Equipment_Description`, `Equipment_Cost`, `Equipment_Type`) VALUES (100010, 'Hacuzzi 999X', '2016/06/20', 'Medium', 'Jacuzzi Sauna in-house', 143.48, 'Physiotherapeutic Equipment');
INSERT INTO `mydb`.`Equipment` (`Equipment_ID`, `Equipment_Name`, `Equipment_PurchaseDate`, `Equipment_Size`, `Equipment_Description`, `Equipment_Cost`, `Equipment_Type`) VALUES (100011, 'Emmerich Mohr Handpieces', '2016/07/07', 'Medium', 'Extra Slick Metal Handpieces', 4208.76, 'Dentistry Equipment');
INSERT INTO `mydb`.`Equipment` (`Equipment_ID`, `Equipment_Name`, `Equipment_PurchaseDate`, `Equipment_Size`, `Equipment_Description`, `Equipment_Cost`, `Equipment_Type`) VALUES (100012, 'Dental Autoclave', '2016/07/10', 'Small', 'Dental Autoclave', 209.22, 'Dentistry Equipment');
INSERT INTO `mydb`.`Equipment` (`Equipment_ID`, `Equipment_Name`, `Equipment_PurchaseDate`, `Equipment_Size`, `Equipment_Description`, `Equipment_Cost`, `Equipment_Type`) VALUES (100013, 'X-Ray Equipment', '2016/07/15', 'Large', 'X-Ray Equipment', 9553.39, 'Dentistry Equipment');
INSERT INTO `mydb`.`Equipment` (`Equipment_ID`, `Equipment_Name`, `Equipment_PurchaseDate`, `Equipment_Size`, `Equipment_Description`, `Equipment_Cost`, `Equipment_Type`) VALUES (100014, 'iCompress', '2016/07/21', 'Small', 'Dental Compressor', 3475.33, 'Dentistry Equipment');
INSERT INTO `mydb`.`Equipment` (`Equipment_ID`, `Equipment_Name`, `Equipment_PurchaseDate`, `Equipment_Size`, `Equipment_Description`, `Equipment_Cost`, `Equipment_Type`) VALUES (100015, 'iVacuum', '2016/08/06', 'Medium', 'Dental Vacuum', 435.50, 'Dentistry Equipment');
INSERT INTO `mydb`.`Equipment` (`Equipment_ID`, `Equipment_Name`, `Equipment_PurchaseDate`, `Equipment_Size`, `Equipment_Description`, `Equipment_Cost`, `Equipment_Type`) VALUES (100016, 'Adams Lmount', '2016/08/10', 'XL', 'Monitor and Keyboard Mount', 262.72, 'Dentistry Equipment');
INSERT INTO `mydb`.`Equipment` (`Equipment_ID`, `Equipment_Name`, `Equipment_PurchaseDate`, `Equipment_Size`, `Equipment_Description`, `Equipment_Cost`, `Equipment_Type`) VALUES (100017, 'White House\'s Magical Cart', '2016/08/12', 'Large', 'Dental Cart', 762.72, 'Dentistry Equipment');
INSERT INTO `mydb`.`Equipment` (`Equipment_ID`, `Equipment_Name`, `Equipment_PurchaseDate`, `Equipment_Size`, `Equipment_Description`, `Equipment_Cost`, `Equipment_Type`) VALUES (100018, 'Pumps Live', '2016/08/24', 'Small', 'Suction Pump', 6852.12, 'Dentistry Equipment');
INSERT INTO `mydb`.`Equipment` (`Equipment_ID`, `Equipment_Name`, `Equipment_PurchaseDate`, `Equipment_Size`, `Equipment_Description`, `Equipment_Cost`, `Equipment_Type`) VALUES (100019, 'Steril Xtra', '2016/08/25', 'Medium', 'Sterilizer', 5832.13, 'Dentistry Equipment');
INSERT INTO `mydb`.`Equipment` (`Equipment_ID`, `Equipment_Name`, `Equipment_PurchaseDate`, `Equipment_Size`, `Equipment_Description`, `Equipment_Cost`, `Equipment_Type`) VALUES (100020, 'Extra swifties', '2016/09/03', 'XL', 'Dental handpieces', 682.77, 'Dentistry Equipment');
INSERT INTO `mydb`.`Equipment` (`Equipment_ID`, `Equipment_Name`, `Equipment_PurchaseDate`, `Equipment_Size`, `Equipment_Description`, `Equipment_Cost`, `Equipment_Type`) VALUES (100021, 'Electrichair', '2016/09/28', 'Small', 'Electric Massage Chair', 585.80, 'Massage Equipment');
INSERT INTO `mydb`.`Equipment` (`Equipment_ID`, `Equipment_Name`, `Equipment_PurchaseDate`, `Equipment_Size`, `Equipment_Description`, `Equipment_Cost`, `Equipment_Type`) VALUES (100022, 'Electable', '2016/10/02', 'Large', 'Electric Massage Table', 303.74, 'Massage Equipment');
INSERT INTO `mydb`.`Equipment` (`Equipment_ID`, `Equipment_Name`, `Equipment_PurchaseDate`, `Equipment_Size`, `Equipment_Description`, `Equipment_Cost`, `Equipment_Type`) VALUES (100023, 'Accarisa Stones', '2016/10/20', 'Small', 'Handmade Stone Sets', 701.60, 'Massage Equipment');
INSERT INTO `mydb`.`Equipment` (`Equipment_ID`, `Equipment_Name`, `Equipment_PurchaseDate`, `Equipment_Size`, `Equipment_Description`, `Equipment_Cost`, `Equipment_Type`) VALUES (100024, 'Massage Saloon Table', '2016/10/23', 'Medium', 'Massage Saloon Table', 631.56, 'Massage Equipment');
INSERT INTO `mydb`.`Equipment` (`Equipment_ID`, `Equipment_Name`, `Equipment_PurchaseDate`, `Equipment_Size`, `Equipment_Description`, `Equipment_Cost`, `Equipment_Type`) VALUES (100025, 'Futuroma Table', '2016/10/24', 'XL', 'Customizable Classic Massage Saloon Table', 578.96, 'Massage Equipment');
INSERT INTO `mydb`.`Equipment` (`Equipment_ID`, `Equipment_Name`, `Equipment_PurchaseDate`, `Equipment_Size`, `Equipment_Description`, `Equipment_Cost`, `Equipment_Type`) VALUES (100026, 'Nickloedeon Whites', '2016/10/25', 'Small', 'Portable Massage Table', 262.37, 'Massage Equipment');
INSERT INTO `mydb`.`Equipment` (`Equipment_ID`, `Equipment_Name`, `Equipment_PurchaseDate`, `Equipment_Size`, `Equipment_Description`, `Equipment_Cost`, `Equipment_Type`) VALUES (100027, 'Punjies', '2016/11/24', 'Large', 'Backrest Cushion', 178.49, 'Massage Equipment');
INSERT INTO `mydb`.`Equipment` (`Equipment_ID`, `Equipment_Name`, `Equipment_PurchaseDate`, `Equipment_Size`, `Equipment_Description`, `Equipment_Cost`, `Equipment_Type`) VALUES (100028, 'Lakin-Miller', '2016/11/26', 'Small', 'Back Massager', 258.53, 'Massage Equipment');
INSERT INTO `mydb`.`Equipment` (`Equipment_ID`, `Equipment_Name`, `Equipment_PurchaseDate`, `Equipment_Size`, `Equipment_Description`, `Equipment_Cost`, `Equipment_Type`) VALUES (100029, 'Kub and Sons Faceholder', '2016/12/02', 'Medium', 'Adjustable Face Massage Table', 761.90, 'Massage Equipment');
INSERT INTO `mydb`.`Equipment` (`Equipment_ID`, `Equipment_Name`, `Equipment_PurchaseDate`, `Equipment_Size`, `Equipment_Description`, `Equipment_Cost`, `Equipment_Type`) VALUES (100030, 'Portable RAD Roller', '2016/12/12', 'Medium', 'Massage Balls', 127.65, 'Massage Equipment');
INSERT INTO `mydb`.`Dentistry Equipment` (`Equipment_ID`, `Dentistry_MedicalProductNumber`) VALUES (100011, '06-881-1093');
INSERT INTO `mydb`.`Dentistry Equipment` (`Equipment_ID`, `Dentistry_MedicalProductNumber`) VALUES (100012, '72-462-8270');
INSERT INTO `mydb`.`Dentistry Equipment` (`Equipment_ID`, `Dentistry_MedicalProductNumber`) VALUES (100013, '93-154-6567');
INSERT INTO `mydb`.`Dentistry Equipment` (`Equipment_ID`, `Dentistry_MedicalProductNumber`) VALUES (100014, '60-934-1781');
INSERT INTO `mydb`.`Dentistry Equipment` (`Equipment_ID`, `Dentistry_MedicalProductNumber`) VALUES (100015, '81-968-2457');
INSERT INTO `mydb`.`Dentistry Equipment` (`Equipment_ID`, `Dentistry_MedicalProductNumber`) VALUES (100016, '23-614-7460');
INSERT INTO `mydb`.`Dentistry Equipment` (`Equipment_ID`, `Dentistry_MedicalProductNumber`) VALUES (100017, '55-198-6650');
INSERT INTO `mydb`.`Dentistry Equipment` (`Equipment_ID`, `Dentistry_MedicalProductNumber`) VALUES (100018, '32-612-9616');
INSERT INTO `mydb`.`Dentistry Equipment` (`Equipment_ID`, `Dentistry_MedicalProductNumber`) VALUES (100019, '25-125-2925');
INSERT INTO `mydb`.`Dentistry Equipment` (`Equipment_ID`, `Dentistry_MedicalProductNumber`) VALUES (100020, '68-942-5866');
INSERT INTO `mydb`.`Massage Equipment` (`Equipment_ID`, `Massage_TimesUsed`) VALUES (100021, 40);
INSERT INTO `mydb`.`Massage Equipment` (`Equipment_ID`, `Massage_TimesUsed`) VALUES (100022, 35);
INSERT INTO `mydb`.`Massage Equipment` (`Equipment_ID`, `Massage_TimesUsed`) VALUES (100023, 57);
INSERT INTO `mydb`.`Massage Equipment` (`Equipment_ID`, `Massage_TimesUsed`) VALUES (100024, 63);
INSERT INTO `mydb`.`Massage Equipment` (`Equipment_ID`, `Massage_TimesUsed`) VALUES (100025, 3);
INSERT INTO `mydb`.`Massage Equipment` (`Equipment_ID`, `Massage_TimesUsed`) VALUES (100026, 90);
INSERT INTO `mydb`.`Massage Equipment` (`Equipment_ID`, `Massage_TimesUsed`) VALUES (100027, 81);
INSERT INTO `mydb`.`Massage Equipment` (`Equipment_ID`, `Massage_TimesUsed`) VALUES (100028, 0);
INSERT INTO `mydb`.`Massage Equipment` (`Equipment_ID`, `Massage_TimesUsed`) VALUES (100029, 22);
INSERT INTO `mydb`.`Massage Equipment` (`Equipment_ID`, `Massage_TimesUsed`) VALUES (100030, 37);
INSERT INTO `mydb`.`Storage` (`Employee_ID`, `Equipment_ID`) VALUES (20011, 100024);
INSERT INTO `mydb`.`Storage` (`Employee_ID`, `Equipment_ID`) VALUES (20012, 100025);
INSERT INTO `mydb`.`Storage` (`Employee_ID`, `Equipment_ID`) VALUES (20013, 100021);
INSERT INTO `mydb`.`Storage` (`Employee_ID`, `Equipment_ID`) VALUES (20014, 100018);
INSERT INTO `mydb`.`Storage` (`Employee_ID`, `Equipment_ID`) VALUES (20015, 100013);
INSERT INTO `mydb`.`Storage` (`Employee_ID`, `Equipment_ID`) VALUES (20016, 100011);
INSERT INTO `mydb`.`Storage` (`Employee_ID`, `Equipment_ID`) VALUES (20017, 100010);
INSERT INTO `mydb`.`Storage` (`Employee_ID`, `Equipment_ID`) VALUES (20018, 100009);
INSERT INTO `mydb`.`Storage` (`Employee_ID`, `Equipment_ID`) VALUES (20019, 100006);
INSERT INTO `mydb`.`Storage` (`Employee_ID`, `Equipment_ID`) VALUES (20020, 100002);
INSERT INTO `mydb`.`Appointment` (`Client_ID`, `Employee_ID`, `Service_ID`, `Appointment_ID`, `Appointment_Date`, `Appointment_Time`, `Appointment_RoomNumber`) VALUES (300001, 20011, 1004, 500001, '2018-01-07', '19:00:00', '5.214 A');
INSERT INTO `mydb`.`Appointment` (`Client_ID`, `Employee_ID`, `Service_ID`, `Appointment_ID`, `Appointment_Date`, `Appointment_Time`, `Appointment_RoomNumber`) VALUES (300002, 20014, 1003, 500002, '2018-01-20', '19:30:00', '5.214 B');
INSERT INTO `mydb`.`Appointment` (`Client_ID`, `Employee_ID`, `Service_ID`, `Appointment_ID`, `Appointment_Date`, `Appointment_Time`, `Appointment_RoomNumber`) VALUES (300003, 20017, 1008, 500003, '2018-01-25', '11:00:00', '4.214 South');
INSERT INTO `mydb`.`Appointment` (`Client_ID`, `Employee_ID`, `Service_ID`, `Appointment_ID`, `Appointment_Date`, `Appointment_Time`, `Appointment_RoomNumber`) VALUES (300004, 20020, 1005, 500004, '2018-02-04', '12:00:00', '3.314');
INSERT INTO `mydb`.`Appointment` (`Client_ID`, `Employee_ID`, `Service_ID`, `Appointment_ID`, `Appointment_Date`, `Appointment_Time`, `Appointment_RoomNumber`) VALUES (300005, 20015, 1001, 500005, '2018-02-06', '18:00:00', '3.514');
INSERT INTO `mydb`.`Appointment` (`Client_ID`, `Employee_ID`, `Service_ID`, `Appointment_ID`, `Appointment_Date`, `Appointment_Time`, `Appointment_RoomNumber`) VALUES (300001, 20012, 1006, 500006, '2018-03-03', '16:50:00', '2.212');
INSERT INTO `mydb`.`Appointment` (`Client_ID`, `Employee_ID`, `Service_ID`, `Appointment_ID`, `Appointment_Date`, `Appointment_Time`, `Appointment_RoomNumber`) VALUES (300002, 20016, 1002, 500007, '2018-03-08', '12:50:00', '2.222');
INSERT INTO `mydb`.`Appointment` (`Client_ID`, `Employee_ID`, `Service_ID`, `Appointment_ID`, `Appointment_Date`, `Appointment_Time`, `Appointment_RoomNumber`) VALUES (300003, 20018, 1008, 500008, '2018-03-14', '10:30:00', '2.122');
INSERT INTO `mydb`.`Appointment` (`Client_ID`, `Employee_ID`, `Service_ID`, `Appointment_ID`, `Appointment_Date`, `Appointment_Time`, `Appointment_RoomNumber`) VALUES (300004, 20013, 1004, 500009, '2018-03-17', '14:20:00', '5.214');
INSERT INTO `mydb`.`Appointment` (`Client_ID`, `Employee_ID`, `Service_ID`, `Appointment_ID`, `Appointment_Date`, `Appointment_Time`, `Appointment_RoomNumber`) VALUES (300001, 20012, 1005, 500010, '2018-03-21', '09:00:00', '7.144');
